team_id,team_abbreviation,season,play_type,possessions,points,poss_pct,percentile,games_played,points_per_possession,fg_pct,efg_pct
1610612741,CHI,2022-23,Transition,16.2,18.0,0.147,0.69,82,1.111,0.531,0.609
1610612758,SAC,2022-23,Transition,16.6,18.5,0.148,0.621,82,1.114,0.541,0.608
1610612742,DAL,2022-23,Transition,17.2,18.8,0.158,0.862,82,1.093,0.516,0.58
1610612739,CLE,2022-23,Transition,17.2,18.9,0.16,0.793,82,1.099,0.534,0.605
1610612766,CHA,2022-23,Transition,17.5,19.0,0.153,0.966,82,1.086,0.518,0.582
1610612751,BKN,2022-23,Transition,17.8,19.5,0.159,0.897,82,1.096,0.507,0.576
1610612748,MIA,2022-23,Transition,17.3,19.8,0.162,0.448,82,1.145,0.533,0.619
1610612743,DEN,2022-23,Transition,17.6,20.0,0.16,0.517,82,1.136,0.537,0.591
1610612760,OKC,2022-23,Transition,18.0,20.1,0.156,0.655,82,1.117,0.539,0.615
1610612749,MIL,2022-23,Transition,18.4,20.2,0.162,0.828,82,1.098,0.51,0.581
1610612738,BOS,2022-23,Transition,19.4,20.5,0.175,1.0,82,1.057,0.498,0.562
1610612756,PHX,2022-23,Transition,18.8,20.5,0.17,0.931,82,1.09,0.507,0.576
1610612763,MEM,2022-23,Transition,18.7,20.7,0.164,0.724,82,1.107,0.527,0.59
1610612752,NYK,2022-23,Transition,18.3,20.7,0.166,0.552,82,1.131,0.529,0.602
1610612744,GSW,2022-23,Transition,19.1,21.1,0.167,0.759,82,1.105,0.534,0.607
1610612746,LAC,2022-23,Transition,18.6,21.5,0.169,0.414,82,1.156,0.539,0.607
1610612740,NOP,2022-23,Transition,19.3,21.5,0.174,0.586,82,1.114,0.541,0.606
1610612753,ORL,2022-23,Transition,18.8,21.8,0.17,0.345,82,1.16,0.559,0.632
1610612737,ATL,2022-23,Transition,19.2,22.2,0.168,0.276,82,1.156,0.55,0.616
1610612765,DET,2022-23,Transition,18.9,22.2,0.169,0.103,82,1.175,0.551,0.623
1610612761,TOR,2022-23,Transition,18.7,22.4,0.174,0.034,82,1.198,0.575,0.656
1610612755,PHI,2022-23,Transition,19.3,22.5,0.177,0.172,82,1.166,0.567,0.641
1610612750,MIN,2022-23,Transition,19.8,22.6,0.173,0.483,82,1.141,0.552,0.628
1610612757,POR,2022-23,Transition,19.6,22.7,0.177,0.31,82,1.158,0.538,0.611
1610612754,IND,2022-23,Transition,19.6,22.7,0.171,0.241,82,1.158,0.547,0.614
1610612764,WAS,2022-23,Transition,19.5,23.2,0.177,0.069,82,1.19,0.555,0.622
1610612747,LAL,2022-23,Transition,20.2,23.4,0.176,0.379,82,1.158,0.541,0.62
1610612759,SAS,2022-23,Transition,20.6,24.0,0.181,0.207,82,1.165,0.566,0.632
1610612762,UTA,2022-23,Transition,22.0,25.9,0.193,0.138,82,1.177,0.545,0.615
1610612745,HOU,2022-23,Transition,22.7,27.2,0.205,0.0,82,1.198,0.563,0.639
1610612752,NYK,2022-23,Isolation,5.6,5.3,0.051,0.586,82,0.946,0.388,0.431
1610612741,CHI,2022-23,Isolation,6.7,5.4,0.061,1.0,82,0.806,0.376,0.406
1610612763,MEM,2022-23,Isolation,6.7,5.6,0.059,0.966,82,0.836,0.376,0.416
1610612745,HOU,2022-23,Isolation,6.6,6.0,0.06,0.759,82,0.909,0.404,0.443
1610612760,OKC,2022-23,Isolation,6.7,6.1,0.058,0.793,82,0.91,0.414,0.445
1610612766,CHA,2022-23,Isolation,6.3,6.3,0.056,0.138,82,1.0,0.457,0.487
1610612764,WAS,2022-23,Isolation,7.0,6.6,0.064,0.517,82,0.943,0.419,0.453
1610612739,CLE,2022-23,Isolation,7.7,6.6,0.072,0.931,82,0.857,0.396,0.426
1610612750,MIN,2022-23,Isolation,7.2,6.6,0.063,0.69,82,0.917,0.424,0.458
1610612747,LAL,2022-23,Isolation,6.6,6.6,0.058,0.069,82,1.0,0.457,0.497
1610612749,MIL,2022-23,Isolation,6.6,6.6,0.059,0.103,82,1.0,0.46,0.502
1610612748,MIA,2022-23,Isolation,7.5,6.8,0.07,0.828,82,0.907,0.419,0.457
1610612759,SAS,2022-23,Isolation,6.9,6.9,0.061,0.172,82,1.0,0.448,0.49
1610612757,POR,2022-23,Isolation,7.4,6.9,0.067,0.552,82,0.932,0.422,0.452
1610612746,LAC,2022-23,Isolation,7.3,7.0,0.066,0.345,82,0.959,0.423,0.474
1610612756,PHX,2022-23,Isolation,7.6,7.0,0.069,0.655,82,0.921,0.397,0.44
1610612755,PHI,2022-23,Isolation,7.7,7.1,0.071,0.621,82,0.922,0.433,0.467
1610612761,TOR,2022-23,Isolation,7.6,7.2,0.071,0.379,82,0.947,0.438,0.48
1610612758,SAC,2022-23,Isolation,7.5,7.2,0.067,0.31,82,0.96,0.451,0.488
1610612740,NOP,2022-23,Isolation,7.7,7.2,0.07,0.448,82,0.935,0.42,0.466
1610612753,ORL,2022-23,Isolation,7.8,7.4,0.071,0.483,82,0.949,0.425,0.464
1610612742,DAL,2022-23,Isolation,8.0,7.4,0.074,0.724,82,0.925,0.412,0.444
1610612744,GSW,2022-23,Isolation,8.3,7.5,0.072,0.862,82,0.904,0.414,0.449
1610612743,DEN,2022-23,Isolation,7.7,7.5,0.07,0.207,82,0.974,0.435,0.468
1610612754,IND,2022-23,Isolation,8.1,7.6,0.07,0.414,82,0.938,0.412,0.445
1610612762,UTA,2022-23,Isolation,7.6,7.8,0.067,0.0,82,1.026,0.45,0.489
1610612737,ATL,2022-23,Isolation,8.3,8.0,0.073,0.276,82,0.964,0.451,0.482
1610612765,DET,2022-23,Isolation,8.6,8.8,0.077,0.034,82,1.023,0.466,0.514
1610612751,BKN,2022-23,Isolation,10.8,9.6,0.097,0.897,82,0.889,0.401,0.436
1610612738,BOS,2022-23,Isolation,10.2,9.9,0.092,0.241,82,0.971,0.433,0.479
1610612761,TOR,2022-23,Postup,3.4,2.8,0.032,1.0,82,0.824,0.439,0.439
1610612763,MEM,2022-23,Postup,3.0,3.0,0.026,0.517,82,1.0,0.526,0.526
1610612755,PHI,2022-23,Postup,3.3,3.5,0.03,0.034,82,1.061,0.532,0.532
1610612766,CHA,2022-23,Postup,3.8,3.6,0.034,0.828,82,0.947,0.504,0.504
1610612752,NYK,2022-23,Postup,4.0,3.6,0.036,0.862,82,0.9,0.454,0.454
1610612739,CLE,2022-23,Postup,4.0,3.6,0.037,0.931,82,0.9,0.455,0.455
1610612749,MIL,2022-23,Postup,3.7,3.6,0.033,0.586,82,0.973,0.489,0.489
1610612740,NOP,2022-23,Postup,4.0,3.6,0.036,0.897,82,0.9,0.487,0.487
1610612750,MIN,2022-23,Postup,3.9,3.9,0.034,0.621,82,1.0,0.504,0.504
1610612737,ATL,2022-23,Postup,4.1,3.9,0.036,0.793,82,0.951,0.502,0.502
1610612746,LAC,2022-23,Postup,4.6,4.1,0.042,0.966,82,0.891,0.463,0.463
1610612743,DEN,2022-23,Postup,4.5,4.4,0.041,0.655,82,0.978,0.48,0.48
1610612748,MIA,2022-23,Postup,4.3,4.4,0.041,0.276,82,1.023,0.549,0.549
1610612742,DAL,2022-23,Postup,4.5,4.5,0.041,0.552,82,1.0,0.533,0.533
1610612741,CHI,2022-23,Postup,4.7,4.5,0.043,0.759,82,0.957,0.493,0.493
1610612756,PHX,2022-23,Postup,4.6,4.5,0.042,0.69,82,0.978,0.496,0.496
1610612764,WAS,2022-23,Postup,4.6,4.6,0.042,0.379,82,1.0,0.5,0.5
1610612759,SAS,2022-23,Postup,4.5,4.6,0.04,0.31,82,1.022,0.551,0.551
1610612758,SAC,2022-23,Postup,4.4,4.7,0.039,0.138,82,1.068,0.541,0.541
1610612744,GSW,2022-23,Postup,5.0,4.7,0.043,0.724,82,0.94,0.473,0.473
1610612747,LAL,2022-23,Postup,4.5,4.8,0.039,0.069,82,1.067,0.584,0.584
1610612757,POR,2022-23,Postup,5.0,5.0,0.045,0.414,82,1.0,0.53,0.53
1610612745,HOU,2022-23,Postup,4.6,5.0,0.041,0.0,82,1.087,0.581,0.581
1610612762,UTA,2022-23,Postup,4.9,5.1,0.043,0.207,82,1.041,0.519,0.519
1610612760,OKC,2022-23,Postup,5.2,5.3,0.045,0.345,82,1.019,0.548,0.548
1610612754,IND,2022-23,Postup,5.3,5.4,0.046,0.241,82,1.019,0.527,0.527
1610612753,ORL,2022-23,Postup,5.5,5.4,0.05,0.483,82,0.982,0.497,0.497
1610612738,BOS,2022-23,Postup,5.5,5.8,0.05,0.172,82,1.055,0.568,0.568
1610612765,DET,2022-23,Postup,5.6,6.0,0.05,0.103,82,1.071,0.546,0.546
1610612751,BKN,2022-23,Postup,7.2,7.1,0.064,0.448,82,0.986,0.502,0.502
1610612748,MIA,2022-23,PRBallHandler,14.1,12.5,0.132,0.793,82,0.887,0.456,0.511
1610612761,TOR,2022-23,PRBallHandler,15.1,13.7,0.14,0.483,82,0.907,0.478,0.516
1610612757,POR,2022-23,PRBallHandler,15.7,14.6,0.142,0.276,82,0.93,0.447,0.496
1610612753,ORL,2022-23,PRBallHandler,16.7,15.1,0.151,0.552,82,0.904,0.444,0.498
1610612754,IND,2022-23,PRBallHandler,16.8,15.2,0.147,0.586,82,0.905,0.442,0.492
1610612743,DEN,2022-23,PRBallHandler,17.0,15.3,0.155,0.655,82,0.9,0.455,0.496
1610612763,MEM,2022-23,PRBallHandler,18.6,15.5,0.163,1.0,82,0.833,0.393,0.44
1610612751,BKN,2022-23,PRBallHandler,17.2,15.6,0.154,0.517,82,0.907,0.434,0.485
1610612740,NOP,2022-23,PRBallHandler,18.2,15.8,0.165,0.897,82,0.868,0.432,0.482
1610612760,OKC,2022-23,PRBallHandler,18.0,15.9,0.156,0.759,82,0.883,0.439,0.481
1610612741,CHI,2022-23,PRBallHandler,18.5,16.1,0.168,0.931,82,0.87,0.427,0.48
1610612742,DAL,2022-23,PRBallHandler,17.2,16.2,0.158,0.138,82,0.942,0.453,0.489
1610612744,GSW,2022-23,PRBallHandler,18.7,16.5,0.163,0.862,82,0.882,0.422,0.47
1610612746,LAC,2022-23,PRBallHandler,18.4,16.5,0.167,0.69,82,0.897,0.425,0.474
1610612758,SAC,2022-23,PRBallHandler,17.8,16.7,0.159,0.207,82,0.938,0.467,0.512
1610612764,WAS,2022-23,PRBallHandler,18.7,16.7,0.169,0.724,82,0.893,0.436,0.477
1610612765,DET,2022-23,PRBallHandler,17.5,17.1,0.157,0.034,82,0.977,0.457,0.514
1610612739,CLE,2022-23,PRBallHandler,19.6,17.3,0.182,0.828,82,0.883,0.442,0.487
1610612755,PHI,2022-23,PRBallHandler,19.1,17.7,0.175,0.31,82,0.927,0.45,0.498
1610612745,HOU,2022-23,PRBallHandler,18.0,17.9,0.163,0.0,82,0.994,0.464,0.533
1610612756,PHX,2022-23,PRBallHandler,21.1,18.1,0.191,0.966,82,0.858,0.417,0.458
1610612762,UTA,2022-23,PRBallHandler,20.2,18.8,0.177,0.241,82,0.931,0.436,0.486
1610612737,ATL,2022-23,PRBallHandler,21.0,19.1,0.184,0.448,82,0.91,0.452,0.489
1610612750,MIN,2022-23,PRBallHandler,21.1,19.3,0.185,0.414,82,0.915,0.447,0.491
1610612738,BOS,2022-23,PRBallHandler,21.3,19.5,0.192,0.379,82,0.915,0.433,0.478
1610612747,LAL,2022-23,PRBallHandler,21.9,19.8,0.191,0.621,82,0.904,0.428,0.466
1610612752,NYK,2022-23,PRBallHandler,21.3,20.0,0.193,0.172,82,0.939,0.45,0.494
1610612766,CHA,2022-23,PRBallHandler,21.2,20.2,0.186,0.069,82,0.953,0.472,0.513
1610612759,SAS,2022-23,PRBallHandler,22.2,21.1,0.195,0.103,82,0.95,0.467,0.504
1610612749,MIL,2022-23,PRBallHandler,26.8,24.6,0.236,0.345,82,0.918,0.426,0.477
1610612748,MIA,2022-23,PRRollMan,4.4,5.0,0.041,0.759,82,1.136,0.553,0.595
1610612751,BKN,2022-23,PRRollMan,4.5,5.3,0.041,0.448,82,1.178,0.556,0.596
1610612760,OKC,2022-23,PRRollMan,5.0,5.5,0.043,0.931,82,1.1,0.543,0.575
1610612753,ORL,2022-23,PRRollMan,4.4,5.7,0.04,0.0,82,1.295,0.598,0.659
1610612762,UTA,2022-23,PRRollMan,5.1,5.7,0.045,0.724,82,1.118,0.517,0.571
1610612742,DAL,2022-23,PRRollMan,5.5,6.3,0.05,0.586,82,1.145,0.544,0.584
1610612745,HOU,2022-23,PRRollMan,5.4,6.4,0.049,0.379,82,1.185,0.55,0.604
1610612754,IND,2022-23,PRRollMan,5.4,6.5,0.047,0.207,82,1.204,0.586,0.628
1610612755,PHI,2022-23,PRRollMan,5.9,6.5,0.054,0.862,82,1.102,0.528,0.572
1610612765,DET,2022-23,PRRollMan,5.5,6.6,0.049,0.241,82,1.2,0.57,0.603
1610612761,TOR,2022-23,PRRollMan,5.7,6.6,0.053,0.414,82,1.158,0.548,0.603
1610612746,LAC,2022-23,PRRollMan,6.0,6.8,0.054,0.621,82,1.133,0.539,0.576
1610612747,LAL,2022-23,PRRollMan,6.1,6.8,0.054,0.897,82,1.115,0.522,0.566
1610612738,BOS,2022-23,PRRollMan,5.9,6.8,0.053,0.483,82,1.153,0.528,0.593
1610612757,POR,2022-23,PRRollMan,6.1,6.8,0.055,0.793,82,1.115,0.548,0.583
1610612752,NYK,2022-23,PRRollMan,6.2,7.0,0.056,0.655,82,1.129,0.507,0.57
1610612756,PHX,2022-23,PRRollMan,5.9,7.1,0.053,0.138,82,1.203,0.567,0.618
1610612740,NOP,2022-23,PRRollMan,6.2,7.1,0.056,0.552,82,1.145,0.549,0.592
1610612744,GSW,2022-23,PRRollMan,6.4,7.3,0.055,0.517,82,1.141,0.54,0.593
1610612764,WAS,2022-23,PRRollMan,7.0,7.5,0.063,0.966,82,1.071,0.499,0.541
1610612750,MIN,2022-23,PRRollMan,6.5,7.7,0.056,0.31,82,1.185,0.563,0.627
1610612743,DEN,2022-23,PRRollMan,6.4,7.7,0.058,0.103,82,1.203,0.569,0.613
1610612763,MEM,2022-23,PRRollMan,6.5,7.8,0.057,0.172,82,1.2,0.568,0.627
1610612758,SAC,2022-23,PRRollMan,7.1,7.9,0.063,0.828,82,1.113,0.536,0.572
1610612739,CLE,2022-23,PRRollMan,6.5,7.9,0.06,0.034,82,1.215,0.562,0.629
1610612766,CHA,2022-23,PRRollMan,7.1,7.9,0.062,0.69,82,1.113,0.521,0.563
1610612737,ATL,2022-23,PRRollMan,6.8,8.3,0.059,0.069,82,1.221,0.575,0.626
1610612759,SAS,2022-23,PRRollMan,7.0,8.3,0.061,0.345,82,1.186,0.563,0.61
1610612741,CHI,2022-23,PRRollMan,7.1,8.5,0.064,0.276,82,1.197,0.586,0.644
1610612749,MIL,2022-23,PRRollMan,8.5,8.9,0.075,1.0,82,1.047,0.491,0.534
1610612749,MIL,2022-23,Spotup,19.5,19.2,0.172,0.966,82,0.985,0.378,0.502
1610612738,BOS,2022-23,Spotup,23.1,23.7,0.208,0.69,82,1.026,0.401,0.526
1610612762,UTA,2022-23,Spotup,23.3,23.9,0.205,0.724,82,1.026,0.389,0.523
1610612756,PHX,2022-23,Spotup,23.0,24.0,0.208,0.345,82,1.043,0.397,0.53
1610612750,MIN,2022-23,Spotup,24.8,24.4,0.217,1.0,82,0.984,0.376,0.504
1610612755,PHI,2022-23,Spotup,25.1,24.9,0.231,0.931,82,0.992,0.382,0.51
1610612747,LAL,2022-23,Spotup,24.6,24.9,0.215,0.828,82,1.012,0.384,0.516
1610612751,BKN,2022-23,Spotup,24.2,25.3,0.217,0.414,82,1.045,0.397,0.535
1610612737,ATL,2022-23,Spotup,25.0,25.3,0.22,0.862,82,1.012,0.393,0.524
1610612739,CLE,2022-23,Spotup,24.3,25.7,0.225,0.207,82,1.058,0.416,0.549
1610612759,SAS,2022-23,Spotup,22.2,25.7,0.195,0.0,82,1.158,0.44,0.596
1610612765,DET,2022-23,Spotup,25.2,26.1,0.225,0.517,82,1.036,0.399,0.525
1610612764,WAS,2022-23,Spotup,24.4,26.2,0.221,0.138,82,1.074,0.411,0.551
1610612746,LAC,2022-23,Spotup,25.2,26.2,0.229,0.483,82,1.04,0.403,0.536
1610612745,HOU,2022-23,Spotup,26.0,26.7,0.234,0.655,82,1.027,0.383,0.527
1610612740,NOP,2022-23,Spotup,26.7,27.1,0.241,0.793,82,1.015,0.392,0.525
1610612766,CHA,2022-23,Spotup,26.7,28.2,0.234,0.241,82,1.056,0.405,0.544
1610612743,DEN,2022-23,Spotup,28.0,28.4,0.255,0.759,82,1.014,0.401,0.528
1610612744,GSW,2022-23,Spotup,27.1,28.5,0.236,0.31,82,1.052,0.401,0.537
1610612752,NYK,2022-23,Spotup,27.5,28.6,0.25,0.448,82,1.04,0.394,0.531
1610612757,POR,2022-23,Spotup,26.4,29.0,0.239,0.034,82,1.098,0.418,0.564
1610612763,MEM,2022-23,Spotup,29.0,29.1,0.254,0.897,82,1.003,0.377,0.512
1610612753,ORL,2022-23,Spotup,28.7,29.6,0.259,0.621,82,1.031,0.399,0.537
1610612742,DAL,2022-23,Spotup,28.2,29.9,0.258,0.172,82,1.06,0.416,0.546
1610612754,IND,2022-23,Spotup,27.9,30.1,0.243,0.103,82,1.079,0.415,0.554
1610612741,CHI,2022-23,Spotup,28.8,30.4,0.261,0.276,82,1.056,0.4,0.54
1610612761,TOR,2022-23,Spotup,29.6,30.9,0.274,0.379,82,1.044,0.411,0.546
1610612758,SAC,2022-23,Spotup,28.7,31.0,0.256,0.069,82,1.08,0.415,0.554
1610612760,OKC,2022-23,Spotup,30.3,31.4,0.263,0.552,82,1.036,0.399,0.535
1610612748,MIA,2022-23,Spotup,30.9,32.0,0.289,0.586,82,1.036,0.404,0.544
1610612761,TOR,2022-23,Handoff,3.6,3.1,0.033,0.931,82,0.861,0.398,0.468
1610612748,MIA,2022-23,Handoff,3.7,3.7,0.035,0.379,82,1.0,0.448,0.546
1610612753,ORL,2022-23,Handoff,5.0,4.1,0.046,1.0,82,0.82,0.376,0.45
1610612751,BKN,2022-23,Handoff,4.7,4.3,0.042,0.759,82,0.915,0.401,0.48
1610612760,OKC,2022-23,Handoff,4.9,4.5,0.042,0.724,82,0.918,0.428,0.508
1610612743,DEN,2022-23,Handoff,4.7,4.6,0.043,0.448,82,0.979,0.447,0.536
1610612755,PHI,2022-23,Handoff,5.3,4.6,0.049,0.893,82,0.868,0.382,0.452
1610612740,NOP,2022-23,Handoff,4.7,4.6,0.042,0.483,82,0.979,0.433,0.526
1610612739,CLE,2022-23,Handoff,5.2,4.6,0.048,0.793,82,0.885,0.403,0.474
1610612764,WAS,2022-23,Handoff,5.5,4.7,0.05,0.966,82,0.855,0.373,0.445
1610612752,NYK,2022-23,Handoff,4.9,4.8,0.044,0.517,82,0.98,0.43,0.512
1610612754,IND,2022-23,Handoff,4.8,4.8,0.042,0.276,82,1.0,0.443,0.525
1610612744,GSW,2022-23,Handoff,5.1,4.9,0.044,0.621,82,0.961,0.407,0.489
1610612738,BOS,2022-23,Handoff,5.7,4.9,0.051,0.893,82,0.86,0.372,0.438
1610612742,DAL,2022-23,Handoff,5.0,5.0,0.046,0.241,82,1.0,0.474,0.532
1610612757,POR,2022-23,Handoff,5.0,5.0,0.046,0.31,82,1.0,0.44,0.517
1610612766,CHA,2022-23,Handoff,5.4,5.1,0.048,0.69,82,0.944,0.422,0.479
1610612741,CHI,2022-23,Handoff,5.3,5.1,0.048,0.552,82,0.962,0.427,0.515
1610612737,ATL,2022-23,Handoff,5.4,5.2,0.048,0.586,82,0.963,0.427,0.512
1610612765,DET,2022-23,Handoff,5.1,5.3,0.045,0.0,82,1.039,0.449,0.522
1610612763,MEM,2022-23,Handoff,5.6,5.3,0.049,0.655,82,0.946,0.409,0.503
1610612745,HOU,2022-23,Handoff,5.2,5.4,0.047,0.034,82,1.038,0.439,0.542
1610612762,UTA,2022-23,Handoff,5.5,5.6,0.049,0.172,82,1.018,0.409,0.5
1610612758,SAC,2022-23,Handoff,5.8,5.8,0.052,0.414,82,1.0,0.459,0.541
1610612747,LAL,2022-23,Handoff,6.6,5.9,0.058,0.828,82,0.894,0.385,0.453
1610612756,PHX,2022-23,Handoff,5.8,5.9,0.052,0.103,82,1.017,0.438,0.509
1610612746,LAC,2022-23,Handoff,6.0,6.2,0.055,0.069,82,1.033,0.46,0.545
1610612759,SAS,2022-23,Handoff,6.1,6.2,0.054,0.207,82,1.016,0.436,0.519
1610612750,MIN,2022-23,Handoff,6.2,6.2,0.054,0.138,82,1.0,0.448,0.542
1610612749,MIL,2022-23,Handoff,6.9,6.9,0.061,0.345,82,1.0,0.432,0.519
1610612738,BOS,2022-23,Cut,5.6,7.3,0.05,0.517,82,1.304,0.673,0.673
1610612749,MIL,2022-23,Cut,6.6,8.0,0.059,1.0,82,1.212,0.607,0.607
1610612745,HOU,2022-23,Cut,6.4,8.2,0.058,0.621,82,1.281,0.658,0.658
1610612747,LAL,2022-23,Cut,7.0,8.6,0.061,0.931,82,1.229,0.64,0.64
1610612752,NYK,2022-23,Cut,6.6,8.6,0.059,0.448,82,1.303,0.691,0.691
1610612756,PHX,2022-23,Cut,6.3,8.7,0.057,0.103,82,1.381,0.703,0.703
1610612739,CLE,2022-23,Cut,7.4,9.0,0.069,0.966,82,1.216,0.623,0.623
1610612762,UTA,2022-23,Cut,7.5,9.6,0.065,0.552,82,1.28,0.666,0.666
1610612750,MIN,2022-23,Cut,7.8,9.6,0.068,0.862,82,1.231,0.64,0.64
1610612764,WAS,2022-23,Cut,7.8,9.6,0.071,0.897,82,1.231,0.627,0.627
1610612751,BKN,2022-23,Cut,7.8,10.0,0.07,0.586,82,1.282,0.66,0.66
1610612755,PHI,2022-23,Cut,7.6,10.0,0.07,0.483,82,1.316,0.664,0.664
1610612760,OKC,2022-23,Cut,7.5,10.0,0.065,0.345,82,1.333,0.705,0.705
1610612766,CHA,2022-23,Cut,7.9,10.1,0.07,0.69,82,1.278,0.646,0.646
1610612746,LAC,2022-23,Cut,7.9,10.1,0.072,0.655,82,1.278,0.645,0.645
1610612741,CHI,2022-23,Cut,7.4,10.1,0.067,0.172,82,1.365,0.709,0.709
1610612765,DET,2022-23,Cut,7.3,10.3,0.065,0.0,82,1.411,0.725,0.725
1610612753,ORL,2022-23,Cut,7.7,10.3,0.069,0.31,82,1.338,0.703,0.703
1610612740,NOP,2022-23,Cut,7.6,10.3,0.069,0.241,82,1.355,0.708,0.708
1610612744,GSW,2022-23,Cut,7.8,10.4,0.067,0.379,82,1.333,0.689,0.689
1610612742,DAL,2022-23,Cut,7.8,10.7,0.072,0.207,82,1.372,0.706,0.706
1610612763,MEM,2022-23,Cut,8.4,10.7,0.074,0.724,82,1.274,0.653,0.653
1610612759,SAS,2022-23,Cut,7.6,10.8,0.067,0.034,82,1.421,0.721,0.721
1610612737,ATL,2022-23,Cut,7.8,10.8,0.069,0.138,82,1.385,0.695,0.695
1610612758,SAC,2022-23,Cut,7.8,10.8,0.07,0.069,82,1.385,0.713,0.713
1610612743,DEN,2022-23,Cut,8.7,10.8,0.08,0.828,82,1.241,0.648,0.648
1610612754,IND,2022-23,Cut,9.1,11.5,0.08,0.759,82,1.264,0.647,0.647
1610612761,TOR,2022-23,Cut,8.8,11.9,0.082,0.276,82,1.352,0.712,0.712
1610612757,POR,2022-23,Cut,9.3,12.3,0.084,0.414,82,1.323,0.676,0.676
1610612748,MIA,2022-23,Cut,9.8,12.3,0.091,0.793,82,1.255,0.652,0.652
1610612739,CLE,2022-23,OffScreen,3.1,2.8,0.029,0.828,82,0.903,0.368,0.45
1610612761,TOR,2022-23,OffScreen,3.1,3.0,0.029,0.69,82,0.968,0.435,0.519
1610612738,BOS,2022-23,OffScreen,3.4,3.3,0.031,0.552,82,0.971,0.396,0.488
1610612748,MIA,2022-23,OffScreen,3.5,3.5,0.032,0.207,82,1.0,0.414,0.506
1610612754,IND,2022-23,OffScreen,3.6,3.6,0.031,0.345,82,1.0,0.414,0.521
1610612742,DAL,2022-23,OffScreen,3.9,3.7,0.035,0.655,82,0.949,0.421,0.504
1610612764,WAS,2022-23,OffScreen,4.2,3.7,0.038,0.897,82,0.881,0.359,0.447
1610612762,UTA,2022-23,OffScreen,4.3,3.7,0.038,0.931,82,0.86,0.353,0.422
1610612757,POR,2022-23,OffScreen,3.6,3.8,0.032,0.034,82,1.056,0.456,0.571
1610612746,LAC,2022-23,OffScreen,3.9,4.0,0.035,0.241,82,1.026,0.409,0.495
1610612756,PHX,2022-23,OffScreen,4.1,4.0,0.038,0.586,82,0.976,0.399,0.502
1610612743,DEN,2022-23,OffScreen,4.1,4.0,0.037,0.517,82,0.976,0.396,0.498
1610612740,NOP,2022-23,OffScreen,4.7,4.0,0.043,0.966,82,0.851,0.349,0.435
1610612755,PHI,2022-23,OffScreen,4.7,4.2,0.044,0.862,82,0.894,0.364,0.449
1610612751,BKN,2022-23,OffScreen,4.2,4.2,0.038,0.379,82,1.0,0.42,0.516
1610612747,LAL,2022-23,OffScreen,5.0,4.3,0.044,1.0,82,0.86,0.36,0.442
1610612753,ORL,2022-23,OffScreen,4.8,4.3,0.043,0.793,82,0.896,0.367,0.451
1610612752,NYK,2022-23,OffScreen,4.4,4.3,0.04,0.483,82,0.977,0.396,0.495
1610612765,DET,2022-23,OffScreen,4.8,4.3,0.043,0.759,82,0.896,0.386,0.469
1610612741,CHI,2022-23,OffScreen,4.5,4.5,0.041,0.414,82,1.0,0.414,0.508
1610612750,MIN,2022-23,OffScreen,4.8,4.5,0.042,0.724,82,0.938,0.376,0.466
1610612758,SAC,2022-23,OffScreen,4.5,4.7,0.04,0.103,82,1.044,0.441,0.523
1610612749,MIL,2022-23,OffScreen,4.7,4.7,0.042,0.448,82,1.0,0.411,0.504
1610612763,MEM,2022-23,OffScreen,4.6,4.7,0.041,0.276,82,1.022,0.425,0.519
1610612745,HOU,2022-23,OffScreen,4.7,4.8,0.042,0.172,82,1.021,0.409,0.534
1610612737,ATL,2022-23,OffScreen,4.6,4.9,0.041,0.069,82,1.065,0.425,0.537
1610612744,GSW,2022-23,OffScreen,4.6,5.0,0.04,0.0,82,1.087,0.435,0.547
1610612766,CHA,2022-23,OffScreen,5.1,5.2,0.045,0.31,82,1.02,0.424,0.525
1610612760,OKC,2022-23,OffScreen,5.5,5.2,0.047,0.621,82,0.945,0.39,0.499
1610612759,SAS,2022-23,OffScreen,5.1,5.3,0.045,0.138,82,1.039,0.426,0.526
1610612761,TOR,2022-23,OffRebound,5.0,5.3,0.046,0.862,82,1.06,0.527,0.535
1610612741,CHI,2022-23,OffRebound,5.3,5.5,0.048,0.966,82,1.038,0.53,0.533
1610612739,CLE,2022-23,OffRebound,5.3,5.6,0.049,0.931,82,1.057,0.523,0.525
1610612752,NYK,2022-23,OffRebound,5.3,5.8,0.048,0.69,82,1.094,0.558,0.559
1610612738,BOS,2022-23,OffRebound,5.4,5.9,0.048,0.793,82,1.093,0.565,0.57
1610612755,PHI,2022-23,OffRebound,5.2,6.0,0.048,0.448,82,1.154,0.586,0.595
1610612748,MIA,2022-23,OffRebound,5.0,6.0,0.047,0.103,82,1.2,0.669,0.678
1610612753,ORL,2022-23,OffRebound,5.0,6.2,0.045,0.0,82,1.24,0.608,0.617
1610612743,DEN,2022-23,OffRebound,5.7,6.3,0.052,0.655,82,1.105,0.571,0.58
1610612744,GSW,2022-23,OffRebound,6.2,6.4,0.054,1.0,82,1.032,0.536,0.537
1610612763,MEM,2022-23,OffRebound,6.2,6.5,0.054,0.897,82,1.048,0.544,0.547
1610612749,MIL,2022-23,OffRebound,6.0,6.6,0.053,0.724,82,1.1,0.561,0.566
1610612745,HOU,2022-23,OffRebound,5.7,6.6,0.051,0.414,82,1.158,0.595,0.601
1610612758,SAC,2022-23,OffRebound,5.6,6.6,0.05,0.207,82,1.179,0.607,0.608
1610612746,LAC,2022-23,OffRebound,5.9,6.6,0.053,0.621,82,1.119,0.581,0.586
1610612766,CHA,2022-23,OffRebound,6.1,6.7,0.054,0.828,82,1.098,0.545,0.546
1610612740,NOP,2022-23,OffRebound,5.5,6.7,0.049,0.034,82,1.218,0.624,0.628
1610612759,SAS,2022-23,OffRebound,6.0,6.8,0.052,0.517,82,1.133,0.58,0.585
1610612737,ATL,2022-23,OffRebound,5.9,6.9,0.052,0.276,82,1.169,0.598,0.603
1610612750,MIN,2022-23,OffRebound,6.1,6.9,0.053,0.483,82,1.131,0.576,0.586
1610612765,DET,2022-23,OffRebound,6.1,7.0,0.054,0.345,82,1.148,0.588,0.591
1610612764,WAS,2022-23,OffRebound,6.0,7.1,0.055,0.241,82,1.183,0.585,0.591
1610612757,POR,2022-23,OffRebound,6.2,7.1,0.057,0.552,82,1.145,0.568,0.573
1610612756,PHX,2022-23,OffRebound,6.2,7.3,0.056,0.31,82,1.177,0.596,0.601
1610612742,DAL,2022-23,OffRebound,6.2,7.5,0.057,0.138,82,1.21,0.611,0.617
1610612751,BKN,2022-23,OffRebound,6.9,7.5,0.062,0.759,82,1.087,0.554,0.562
1610612747,LAL,2022-23,OffRebound,6.4,7.6,0.056,0.172,82,1.187,0.628,0.631
1610612762,UTA,2022-23,OffRebound,6.7,7.7,0.059,0.379,82,1.149,0.574,0.581
1610612754,IND,2022-23,OffRebound,7.1,8.0,0.062,0.586,82,1.127,0.585,0.591
1610612760,OKC,2022-23,OffRebound,6.8,8.2,0.059,0.069,82,1.206,0.593,0.599
1610612743,DEN,2022-23,Misc,5.6,2.5,0.051,1.0,82,0.446,0.355,0.373
1610612748,MIA,2022-23,Misc,6.2,2.9,0.058,0.931,82,0.468,0.391,0.421
1610612759,SAS,2022-23,Misc,5.7,2.9,0.05,0.793,82,0.509,0.473,0.527
1610612737,ATL,2022-23,Misc,5.6,3.0,0.049,0.552,82,0.536,0.385,0.451
1610612741,CHI,2022-23,Misc,5.8,3.0,0.053,0.724,82,0.517,0.369,0.411
1610612749,MIL,2022-23,Misc,5.5,3.0,0.049,0.517,82,0.545,0.365,0.432
1610612747,LAL,2022-23,Misc,5.6,3.1,0.049,0.31,82,0.554,0.437,0.484
1610612753,ORL,2022-23,Misc,6.2,3.2,0.056,0.621,82,0.516,0.369,0.423
1610612738,BOS,2022-23,Misc,5.5,3.3,0.05,0.138,82,0.6,0.444,0.508
1610612742,DAL,2022-23,Misc,5.6,3.3,0.051,0.172,82,0.589,0.434,0.469
1610612751,BKN,2022-23,Misc,6.4,3.3,0.057,0.759,82,0.516,0.354,0.389
1610612754,IND,2022-23,Misc,6.9,3.3,0.06,0.862,82,0.478,0.317,0.333
1610612740,NOP,2022-23,Misc,6.0,3.3,0.054,0.448,82,0.55,0.386,0.413
1610612755,PHI,2022-23,Misc,5.6,3.3,0.051,0.103,82,0.589,0.421,0.46
1610612750,MIN,2022-23,Misc,6.3,3.3,0.055,0.586,82,0.524,0.35,0.389
1610612763,MEM,2022-23,Misc,6.7,3.3,0.059,0.828,82,0.493,0.372,0.398
1610612745,HOU,2022-23,Misc,5.5,3.4,0.049,0.069,82,0.618,0.451,0.525
1610612761,TOR,2022-23,Misc,7.1,3.4,0.066,0.897,82,0.479,0.352,0.372
1610612758,SAC,2022-23,Misc,6.1,3.4,0.055,0.276,82,0.557,0.417,0.453
1610612757,POR,2022-23,Misc,6.2,3.4,0.056,0.345,82,0.548,0.441,0.483
1610612762,UTA,2022-23,Misc,6.7,3.5,0.059,0.69,82,0.522,0.419,0.474
1610612760,OKC,2022-23,Misc,7.6,3.5,0.066,0.966,82,0.461,0.387,0.403
1610612746,LAC,2022-23,Misc,6.3,3.5,0.058,0.379,82,0.556,0.42,0.481
1610612752,NYK,2022-23,Misc,6.3,3.6,0.057,0.207,82,0.571,0.317,0.375
1610612756,PHX,2022-23,Misc,7.0,3.6,0.063,0.655,82,0.514,0.396,0.437
1610612764,WAS,2022-23,Misc,5.7,3.8,0.051,0.0,82,0.667,0.469,0.515
1610612744,GSW,2022-23,Misc,6.7,3.8,0.058,0.241,82,0.567,0.406,0.446
1610612765,DET,2022-23,Misc,7.3,4.0,0.065,0.483,82,0.548,0.372,0.409
1610612739,CLE,2022-23,Misc,7.3,4.0,0.068,0.414,82,0.548,0.387,0.432
1610612766,CHA,2022-23,Misc,6.8,4.3,0.06,0.034,82,0.632,0.485,0.538
1610612760,OKC,2023-24,Transition,17.4,18.4,0.152,0.966,82,1.057,0.512,0.581
1610612758,SAC,2023-24,Transition,16.1,18.6,0.146,0.31,81,1.155,0.544,0.615
1610612748,MIA,2023-24,Transition,17.3,18.6,0.161,0.931,82,1.075,0.496,0.571
1610612738,BOS,2023-24,Transition,18.5,19.3,0.168,1.0,81,1.043,0.481,0.555
1610612741,CHI,2023-24,Transition,16.6,19.3,0.152,0.241,82,1.163,0.55,0.625
1610612745,HOU,2023-24,Transition,17.9,19.4,0.159,0.897,82,1.084,0.501,0.569
1610612750,MIN,2023-24,Transition,18.2,19.7,0.166,0.862,82,1.082,0.518,0.589
1610612766,CHA,2023-24,Transition,17.7,20.2,0.162,0.448,82,1.141,0.533,0.613
1610612749,MIL,2023-24,Transition,18.8,20.6,0.168,0.793,81,1.096,0.504,0.569
1610612743,DEN,2023-24,Transition,18.3,20.5,0.168,0.69,82,1.12,0.527,0.596
1610612752,NYK,2023-24,Transition,18.8,21.1,0.176,0.655,81,1.122,0.539,0.621
1610612739,CLE,2023-24,Transition,18.2,21.0,0.167,0.379,82,1.154,0.543,0.61
1610612765,DET,2023-24,Transition,18.2,21.0,0.164,0.345,82,1.154,0.55,0.611
1610612754,IND,2023-24,Transition,18.9,21.4,0.165,0.517,81,1.132,0.523,0.595
1610612761,TOR,2023-24,Transition,18.2,21.3,0.161,0.138,82,1.17,0.56,0.636
1610612740,NOP,2023-24,Transition,19.4,21.7,0.178,0.724,81,1.119,0.517,0.598
1610612753,ORL,2023-24,Transition,19.1,21.6,0.177,0.586,82,1.131,0.545,0.618
1610612742,DAL,2023-24,Transition,19.3,21.8,0.171,0.621,82,1.13,0.54,0.622
1610612756,PHX,2023-24,Transition,20.6,22.8,0.185,0.759,81,1.107,0.514,0.58
1610612763,MEM,2023-24,Transition,20.8,22.7,0.188,0.828,82,1.091,0.532,0.604
1610612751,BKN,2023-24,Transition,19.5,22.8,0.179,0.207,82,1.169,0.549,0.625
1610612755,PHI,2023-24,Transition,20.0,22.8,0.181,0.483,82,1.14,0.539,0.611
1610612759,SAS,2023-24,Transition,20.1,23.0,0.176,0.414,82,1.144,0.559,0.624
1610612744,GSW,2023-24,Transition,19.7,23.0,0.176,0.172,82,1.168,0.541,0.626
1610612746,LAC,2023-24,Transition,19.6,23.4,0.178,0.069,82,1.194,0.558,0.636
1610612764,WAS,2023-24,Transition,19.7,23.5,0.17,0.034,82,1.193,0.575,0.645
1610612747,LAL,2023-24,Transition,21.1,24.0,0.185,0.552,81,1.137,0.527,0.607
1610612737,ATL,2023-24,Transition,20.0,24.4,0.178,0.0,82,1.22,0.58,0.656
1610612757,POR,2023-24,Transition,20.7,24.6,0.188,0.103,82,1.188,0.573,0.644
1610612762,UTA,2023-24,Transition,23.4,27.2,0.208,0.276,82,1.162,0.541,0.624
1610612752,NYK,2023-24,Isolation,5.8,5.1,0.054,0.862,81,0.879,0.402,0.44
1610612760,OKC,2023-24,Isolation,6.6,5.5,0.058,1.0,82,0.833,0.375,0.411
1610612759,SAS,2023-24,Isolation,6.0,5.5,0.053,0.552,82,0.917,0.4,0.445
1610612766,CHA,2023-24,Isolation,6.3,5.9,0.057,0.414,82,0.937,0.44,0.471
1610612762,UTA,2023-24,Isolation,6.2,6.0,0.055,0.276,82,0.968,0.422,0.464
1610612750,MIN,2023-24,Isolation,7.2,6.1,0.065,0.966,82,0.847,0.384,0.416
1610612755,PHI,2023-24,Isolation,6.6,6.2,0.059,0.483,82,0.939,0.433,0.467
1610612740,NOP,2023-24,Isolation,7.2,6.3,0.066,0.931,81,0.875,0.402,0.434
1610612748,MIA,2023-24,Isolation,7.2,6.4,0.067,0.828,82,0.889,0.4,0.443
1610612741,CHI,2023-24,Isolation,7.2,6.5,0.066,0.586,82,0.903,0.404,0.457
1610612737,ATL,2023-24,Isolation,6.8,6.6,0.061,0.345,82,0.971,0.435,0.468
1610612756,PHX,2023-24,Isolation,7.7,6.7,0.069,0.897,81,0.87,0.392,0.432
1610612744,GSW,2023-24,Isolation,7.5,6.7,0.066,0.621,82,0.893,0.409,0.449
1610612757,POR,2023-24,Isolation,7.6,6.8,0.069,0.724,82,0.895,0.394,0.425
1610612743,DEN,2023-24,Isolation,7.4,6.9,0.067,0.448,82,0.932,0.418,0.448
1610612758,SAC,2023-24,Isolation,7.9,7.0,0.072,0.793,81,0.886,0.384,0.42
1610612761,TOR,2023-24,Isolation,7.1,7.0,0.063,0.241,82,0.986,0.448,0.488
1610612746,LAC,2023-24,Isolation,7.4,7.0,0.068,0.379,82,0.946,0.44,0.48
1610612764,WAS,2023-24,Isolation,7.3,7.2,0.063,0.138,82,0.986,0.465,0.496
1610612763,MEM,2023-24,Isolation,7.5,7.2,0.068,0.31,82,0.96,0.434,0.475
1610612753,ORL,2023-24,Isolation,7.5,7.4,0.07,0.172,82,0.987,0.436,0.476
1610612742,DAL,2023-24,Isolation,8.0,7.4,0.071,0.517,82,0.925,0.422,0.46
1610612738,BOS,2023-24,Isolation,8.4,7.6,0.076,0.655,81,0.905,0.424,0.46
1610612747,LAL,2023-24,Isolation,7.8,7.7,0.068,0.103,81,0.987,0.446,0.486
1610612739,CLE,2023-24,Isolation,8.6,7.7,0.079,0.69,82,0.895,0.406,0.449
1610612749,MIL,2023-24,Isolation,7.9,7.9,0.07,0.069,81,1.0,0.452,0.493
1610612765,DET,2023-24,Isolation,7.7,7.8,0.069,0.034,82,1.013,0.433,0.471
1610612745,HOU,2023-24,Isolation,8.9,8.0,0.079,0.759,82,0.899,0.404,0.443
1610612754,IND,2023-24,Isolation,8.5,9.2,0.075,0.0,81,1.082,0.487,0.529
1610612751,BKN,2023-24,Isolation,9.5,9.3,0.086,0.207,82,0.979,0.438,0.485
1610612749,MIL,2023-24,Postup,3.5,3.2,0.032,0.966,81,0.914,0.436,0.436
1610612747,LAL,2023-24,Postup,3.8,3.3,0.033,1.0,81,0.868,0.462,0.462
1610612750,MIN,2023-24,Postup,3.5,3.5,0.031,0.207,82,1.0,0.507,0.507
1610612746,LAC,2023-24,Postup,3.7,3.6,0.033,0.621,82,0.973,0.495,0.495
1610612752,NYK,2023-24,Postup,4.0,3.7,0.037,0.862,81,0.925,0.464,0.464
1610612740,NOP,2023-24,Postup,4.1,3.7,0.037,0.931,81,0.902,0.481,0.481
1610612755,PHI,2023-24,Postup,3.8,3.8,0.034,0.345,82,1.0,0.542,0.542
1610612748,MIA,2023-24,Postup,4.1,3.8,0.038,0.828,82,0.927,0.477,0.477
1610612739,CLE,2023-24,Postup,4.1,4.0,0.038,0.655,82,0.976,0.489,0.489
1610612757,POR,2023-24,Postup,3.8,4.1,0.034,0.103,82,1.079,0.571,0.571
1610612761,TOR,2023-24,Postup,4.2,4.1,0.037,0.379,82,0.976,0.529,0.529
1610612756,PHX,2023-24,Postup,4.4,4.2,0.039,0.69,81,0.955,0.494,0.494
1610612759,SAS,2023-24,Postup,4.5,4.4,0.04,0.586,82,0.978,0.505,0.505
1610612737,ATL,2023-24,Postup,4.4,4.4,0.039,0.31,82,1.0,0.509,0.509
1610612758,SAC,2023-24,Postup,4.6,4.5,0.041,0.448,81,0.978,0.498,0.498
1610612753,ORL,2023-24,Postup,4.4,4.5,0.041,0.241,82,1.023,0.526,0.526
1610612742,DAL,2023-24,Postup,4.6,4.5,0.041,0.414,82,0.978,0.518,0.518
1610612763,MEM,2023-24,Postup,5.0,4.5,0.045,0.897,82,0.9,0.505,0.505
1610612741,CHI,2023-24,Postup,4.7,4.5,0.043,0.724,82,0.957,0.502,0.502
1610612766,CHA,2023-24,Postup,4.3,4.7,0.039,0.069,82,1.093,0.553,0.553
1610612738,BOS,2023-24,Postup,5.0,4.9,0.046,0.552,81,0.98,0.497,0.497
1610612762,UTA,2023-24,Postup,4.9,5.0,0.043,0.172,82,1.02,0.536,0.536
1610612743,DEN,2023-24,Postup,5.1,5.0,0.047,0.517,82,0.98,0.488,0.488
1610612751,BKN,2023-24,Postup,5.4,5.2,0.049,0.483,82,0.963,0.512,0.512
1610612760,OKC,2023-24,Postup,5.5,5.3,0.048,0.759,82,0.964,0.524,0.524
1610612744,GSW,2023-24,Postup,5.7,5.4,0.051,0.793,82,0.947,0.495,0.495
1610612745,HOU,2023-24,Postup,6.1,6.0,0.054,0.276,82,0.984,0.52,0.52
1610612765,DET,2023-24,Postup,5.4,6.2,0.048,0.0,82,1.148,0.569,0.569
1610612764,WAS,2023-24,Postup,5.8,6.4,0.05,0.034,82,1.103,0.547,0.547
1610612754,IND,2023-24,Postup,6.2,6.6,0.055,0.138,81,1.065,0.535,0.535
1610612740,NOP,2023-24,PRBallHandler,15.4,13.4,0.141,0.828,81,0.87,0.426,0.493
1610612748,MIA,2023-24,PRBallHandler,15.5,13.5,0.145,0.793,82,0.871,0.441,0.492
1610612743,DEN,2023-24,PRBallHandler,16.7,14.1,0.153,0.897,82,0.844,0.414,0.46
1610612763,MEM,2023-24,PRBallHandler,15.1,14.1,0.136,0.172,82,0.934,0.458,0.515
1610612766,CHA,2023-24,PRBallHandler,16.1,14.2,0.148,0.759,82,0.882,0.441,0.488
1610612739,CLE,2023-24,PRBallHandler,17.8,14.2,0.163,1.0,82,0.798,0.393,0.431
1610612760,OKC,2023-24,PRBallHandler,16.7,14.4,0.146,0.862,82,0.862,0.424,0.471
1610612741,CHI,2023-24,PRBallHandler,16.6,14.6,0.152,0.69,82,0.88,0.435,0.493
1610612744,GSW,2023-24,PRBallHandler,16.7,14.7,0.149,0.724,82,0.88,0.428,0.475
1610612755,PHI,2023-24,PRBallHandler,18.5,15.5,0.167,0.931,82,0.838,0.413,0.455
1610612758,SAC,2023-24,PRBallHandler,17.1,16.0,0.155,0.207,81,0.936,0.483,0.534
1610612751,BKN,2023-24,PRBallHandler,17.3,15.8,0.158,0.414,82,0.913,0.437,0.497
1610612737,ATL,2023-24,PRBallHandler,17.8,15.9,0.158,0.586,82,0.893,0.444,0.497
1610612762,UTA,2023-24,PRBallHandler,16.4,16.0,0.146,0.034,82,0.976,0.459,0.52
1610612742,DAL,2023-24,PRBallHandler,17.9,16.1,0.159,0.483,82,0.899,0.435,0.488
1610612761,TOR,2023-24,PRBallHandler,17.6,16.2,0.156,0.345,82,0.92,0.447,0.497
1610612757,POR,2023-24,PRBallHandler,18.3,16.3,0.167,0.655,82,0.891,0.434,0.473
1610612746,LAC,2023-24,PRBallHandler,18.4,16.5,0.167,0.552,82,0.897,0.428,0.478
1610612756,PHX,2023-24,PRBallHandler,18.2,17.0,0.164,0.241,81,0.934,0.457,0.514
1610612764,WAS,2023-24,PRBallHandler,17.8,16.9,0.153,0.138,82,0.949,0.46,0.509
1610612750,MIN,2023-24,PRBallHandler,20.6,17.0,0.188,0.966,82,0.825,0.405,0.449
1610612747,LAL,2023-24,PRBallHandler,19.9,17.9,0.175,0.517,81,0.899,0.436,0.485
1610612752,NYK,2023-24,PRBallHandler,19.5,18.0,0.182,0.31,81,0.923,0.45,0.498
1610612738,BOS,2023-24,PRBallHandler,20.4,18.3,0.185,0.621,81,0.897,0.428,0.477
1610612745,HOU,2023-24,PRBallHandler,19.9,18.2,0.178,0.448,82,0.915,0.426,0.479
1610612753,ORL,2023-24,PRBallHandler,20.2,18.5,0.187,0.379,82,0.916,0.448,0.499
1610612765,DET,2023-24,PRBallHandler,20.1,19.2,0.18,0.103,82,0.955,0.457,0.506
1610612749,MIL,2023-24,PRBallHandler,20.6,19.7,0.184,0.069,81,0.956,0.453,0.507
1610612759,SAS,2023-24,PRBallHandler,21.3,19.7,0.187,0.276,82,0.925,0.448,0.493
1610612754,IND,2023-24,PRBallHandler,21.4,21.2,0.188,0.0,81,0.991,0.485,0.525
1610612751,BKN,2023-24,PRRollMan,4.2,5.0,0.038,0.138,82,1.19,0.545,0.602
1610612763,MEM,2023-24,PRRollMan,5.7,5.8,0.051,1.0,82,1.018,0.476,0.52
1610612746,LAC,2023-24,PRRollMan,5.6,5.9,0.051,0.931,82,1.054,0.5,0.551
1610612742,DAL,2023-24,PRRollMan,6.3,6.6,0.056,0.966,82,1.048,0.488,0.535
1610612760,OKC,2023-24,PRRollMan,6.2,6.7,0.054,0.862,82,1.081,0.478,0.534
1610612755,PHI,2023-24,PRRollMan,6.0,6.7,0.054,0.483,82,1.117,0.54,0.589
1610612748,MIA,2023-24,PRRollMan,6.2,6.8,0.058,0.724,82,1.097,0.508,0.561
1610612740,NOP,2023-24,PRRollMan,6.0,7.0,0.055,0.414,81,1.167,0.562,0.608
1610612745,HOU,2023-24,PRRollMan,6.0,7.0,0.054,0.448,82,1.167,0.559,0.608
1610612747,LAL,2023-24,PRRollMan,6.1,7.1,0.053,0.379,81,1.164,0.541,0.604
1610612753,ORL,2023-24,PRRollMan,5.9,7.0,0.055,0.276,82,1.186,0.545,0.605
1610612738,BOS,2023-24,PRRollMan,6.7,7.2,0.061,0.897,81,1.075,0.468,0.534
1610612756,PHX,2023-24,PRRollMan,6.6,7.2,0.059,0.759,81,1.091,0.509,0.56
1610612744,GSW,2023-24,PRRollMan,6.4,7.2,0.057,0.586,82,1.125,0.526,0.576
1610612739,CLE,2023-24,PRRollMan,6.5,7.2,0.06,0.69,82,1.108,0.51,0.571
1610612761,TOR,2023-24,PRRollMan,6.7,7.3,0.059,0.793,82,1.09,0.528,0.572
1610612764,WAS,2023-24,PRRollMan,6.2,7.3,0.054,0.345,82,1.177,0.561,0.602
1610612757,POR,2023-24,PRRollMan,6.0,7.3,0.054,0.103,82,1.217,0.549,0.608
1610612758,SAC,2023-24,PRRollMan,6.7,7.5,0.061,0.552,81,1.119,0.524,0.584
1610612754,IND,2023-24,PRRollMan,6.3,7.6,0.056,0.207,81,1.206,0.567,0.613
1610612752,NYK,2023-24,PRRollMan,6.9,7.6,0.064,0.621,81,1.101,0.526,0.586
1610612749,MIL,2023-24,PRRollMan,7.2,7.8,0.064,0.828,81,1.083,0.505,0.546
1610612737,ATL,2023-24,PRRollMan,6.5,7.8,0.058,0.241,82,1.2,0.578,0.631
1610612743,DEN,2023-24,PRRollMan,7.2,8.0,0.066,0.655,82,1.111,0.531,0.572
1610612766,CHA,2023-24,PRRollMan,6.3,8.1,0.058,0.0,82,1.286,0.603,0.667
1610612762,UTA,2023-24,PRRollMan,7.4,8.3,0.066,0.517,82,1.122,0.518,0.572
1610612741,CHI,2023-24,PRRollMan,6.7,8.4,0.061,0.034,82,1.254,0.565,0.626
1610612750,MIN,2023-24,PRRollMan,7.3,8.7,0.066,0.172,82,1.192,0.552,0.618
1610612759,SAS,2023-24,PRRollMan,7.8,9.2,0.069,0.31,82,1.179,0.535,0.587
1610612765,DET,2023-24,PRRollMan,7.4,9.2,0.066,0.069,82,1.243,0.579,0.637
1610612754,IND,2023-24,Spotup,20.9,21.6,0.183,0.621,81,1.033,0.4,0.521
1610612753,ORL,2023-24,Spotup,23.2,23.4,0.216,0.931,82,1.009,0.396,0.522
1610612750,MIN,2023-24,Spotup,23.9,23.8,0.218,0.966,82,0.996,0.376,0.504
1610612757,POR,2023-24,Spotup,24.0,24.9,0.218,0.483,82,1.037,0.399,0.529
1610612759,SAS,2023-24,Spotup,23.8,25.3,0.209,0.345,82,1.063,0.407,0.549
1610612765,DET,2023-24,Spotup,24.3,25.5,0.218,0.379,82,1.049,0.402,0.534
1610612752,NYK,2023-24,Spotup,25.3,26.0,0.237,0.69,81,1.028,0.393,0.527
1610612738,BOS,2023-24,Spotup,25.2,26.1,0.229,0.517,81,1.036,0.395,0.528
1610612751,BKN,2023-24,Spotup,25.1,26.0,0.23,0.586,82,1.036,0.392,0.528
1610612745,HOU,2023-24,Spotup,25.1,26.0,0.224,0.552,82,1.036,0.396,0.527
1610612743,DEN,2023-24,Spotup,26.6,26.3,0.244,1.0,82,0.989,0.388,0.506
1610612749,MIL,2023-24,Spotup,24.5,26.7,0.218,0.069,81,1.09,0.422,0.561
1610612756,PHX,2023-24,Spotup,26.0,27.0,0.234,0.448,81,1.038,0.395,0.533
1610612746,LAC,2023-24,Spotup,26.5,27.1,0.24,0.724,82,1.023,0.395,0.53
1610612739,CLE,2023-24,Spotup,26.1,27.2,0.239,0.414,82,1.042,0.399,0.541
1610612747,LAL,2023-24,Spotup,25.5,27.6,0.224,0.207,81,1.082,0.414,0.555
1610612742,DAL,2023-24,Spotup,27.1,27.7,0.241,0.793,82,1.022,0.386,0.517
1610612755,PHI,2023-24,Spotup,27.4,27.9,0.248,0.862,82,1.018,0.384,0.515
1610612764,WAS,2023-24,Spotup,27.5,28.0,0.237,0.828,82,1.018,0.395,0.523
1610612762,UTA,2023-24,Spotup,25.5,28.4,0.226,0.034,82,1.114,0.418,0.572
1610612744,GSW,2023-24,Spotup,28.1,28.5,0.251,0.897,82,1.014,0.386,0.517
1610612740,NOP,2023-24,Spotup,29.2,29.8,0.267,0.759,81,1.021,0.394,0.528
1610612763,MEM,2023-24,Spotup,27.8,29.9,0.251,0.276,82,1.076,0.413,0.561
1610612737,ATL,2023-24,Spotup,27.5,31.1,0.244,0.0,82,1.131,0.428,0.581
1610612761,TOR,2023-24,Spotup,29.1,31.5,0.258,0.138,82,1.082,0.418,0.559
1610612741,CHI,2023-24,Spotup,30.0,31.9,0.275,0.31,82,1.063,0.4,0.548
1610612758,SAC,2023-24,Spotup,30.0,32.5,0.273,0.172,81,1.083,0.416,0.555
1610612760,OKC,2023-24,Spotup,31.5,32.4,0.275,0.655,82,1.029,0.39,0.53
1610612748,MIA,2023-24,Spotup,30.7,33.2,0.286,0.241,82,1.081,0.424,0.561
1610612766,CHA,2023-24,Spotup,31.0,33.8,0.284,0.103,82,1.09,0.424,0.562
1610612748,MIA,2023-24,Handoff,4.3,3.5,0.04,0.966,82,0.814,0.367,0.421
1610612763,MEM,2023-24,Handoff,5.4,4.2,0.049,1.0,82,0.778,0.355,0.406
1610612755,PHI,2023-24,Handoff,4.8,4.3,0.043,0.759,82,0.896,0.406,0.473
1610612752,NYK,2023-24,Handoff,4.8,4.4,0.045,0.517,81,0.917,0.425,0.495
1610612740,NOP,2023-24,Handoff,5.0,4.4,0.046,0.793,81,0.88,0.36,0.451
1610612737,ATL,2023-24,Handoff,5.0,4.4,0.045,0.862,82,0.88,0.403,0.481
1610612751,BKN,2023-24,Handoff,4.9,4.4,0.045,0.724,82,0.898,0.37,0.448
1610612764,WAS,2023-24,Handoff,5.0,4.5,0.043,0.69,82,0.9,0.381,0.446
1610612766,CHA,2023-24,Handoff,4.7,4.5,0.043,0.414,82,0.957,0.426,0.497
1610612762,UTA,2023-24,Handoff,5.1,4.5,0.046,0.828,82,0.882,0.382,0.456
1610612758,SAC,2023-24,Handoff,4.7,4.6,0.043,0.276,81,0.979,0.415,0.486
1610612746,LAC,2023-24,Handoff,5.5,4.7,0.05,0.931,82,0.855,0.368,0.447
1610612761,TOR,2023-24,Handoff,5.0,4.7,0.044,0.483,82,0.94,0.442,0.513
1610612756,PHX,2023-24,Handoff,5.6,4.8,0.05,0.897,81,0.857,0.377,0.448
1610612741,CHI,2023-24,Handoff,5.1,5.1,0.047,0.207,82,1.0,0.459,0.565
1610612744,GSW,2023-24,Handoff,5.3,5.1,0.047,0.379,82,0.962,0.404,0.481
1610612760,OKC,2023-24,Handoff,5.7,5.2,0.05,0.621,82,0.912,0.415,0.486
1610612743,DEN,2023-24,Handoff,5.2,5.2,0.047,0.103,82,1.0,0.43,0.515
1610612739,CLE,2023-24,Handoff,5.2,5.3,0.048,0.138,82,1.019,0.432,0.511
1610612753,ORL,2023-24,Handoff,5.9,5.3,0.055,0.586,82,0.898,0.401,0.48
1610612742,DAL,2023-24,Handoff,5.2,5.3,0.046,0.069,82,1.019,0.466,0.535
1610612738,BOS,2023-24,Handoff,5.5,5.5,0.05,0.172,81,1.0,0.445,0.528
1610612745,HOU,2023-24,Handoff,6.0,5.7,0.053,0.448,82,0.95,0.425,0.499
1610612765,DET,2023-24,Handoff,5.9,5.7,0.053,0.31,82,0.966,0.428,0.51
1610612749,MIL,2023-24,Handoff,6.5,5.8,0.058,0.655,81,0.892,0.401,0.459
1610612750,MIN,2023-24,Handoff,6.4,5.8,0.058,0.552,82,0.906,0.408,0.461
1610612747,LAL,2023-24,Handoff,6.1,6.0,0.054,0.241,81,0.984,0.433,0.516
1610612754,IND,2023-24,Handoff,6.5,6.3,0.057,0.345,81,0.969,0.431,0.506
1610612757,POR,2023-24,Handoff,5.6,6.3,0.051,0.0,82,1.125,0.473,0.575
1610612759,SAS,2023-24,Handoff,6.1,6.4,0.054,0.034,82,1.049,0.456,0.545
1610612753,ORL,2023-24,Cut,5.9,7.9,0.055,0.31,82,1.339,0.7,0.7
1610612738,BOS,2023-24,Cut,6.5,8.1,0.059,0.862,81,1.246,0.638,0.638
1610612745,HOU,2023-24,Cut,6.2,8.3,0.055,0.276,82,1.339,0.696,0.696
1610612752,NYK,2023-24,Cut,6.6,8.8,0.062,0.379,81,1.333,0.683,0.683
1610612756,PHX,2023-24,Cut,7.0,9.1,0.063,0.655,81,1.3,0.669,0.669
1610612750,MIN,2023-24,Cut,7.3,9.0,0.067,0.966,82,1.233,0.623,0.623
1610612741,CHI,2023-24,Cut,6.7,9.1,0.062,0.241,82,1.358,0.684,0.684
1610612747,LAL,2023-24,Cut,7.6,9.5,0.067,0.897,81,1.25,0.629,0.629
1610612754,IND,2023-24,Cut,7.4,9.5,0.065,0.724,81,1.284,0.665,0.665
1610612751,BKN,2023-24,Cut,7.4,9.5,0.067,0.69,82,1.284,0.643,0.643
1610612765,DET,2023-24,Cut,6.8,9.5,0.061,0.0,82,1.397,0.713,0.713
1610612749,MIL,2023-24,Cut,8.0,9.8,0.071,0.931,81,1.225,0.621,0.621
1610612746,LAC,2023-24,Cut,8.2,9.9,0.074,1.0,82,1.207,0.606,0.606
1610612743,DEN,2023-24,Cut,7.8,10.0,0.072,0.759,82,1.282,0.642,0.642
1610612744,GSW,2023-24,Cut,7.9,10.0,0.07,0.793,82,1.266,0.641,0.641
1610612759,SAS,2023-24,Cut,7.6,10.0,0.067,0.517,82,1.316,0.669,0.669
1610612739,CLE,2023-24,Cut,7.7,10.1,0.07,0.448,82,1.312,0.682,0.682
1610612763,MEM,2023-24,Cut,7.4,10.2,0.067,0.034,82,1.378,0.698,0.698
1610612748,MIA,2023-24,Cut,7.7,10.3,0.072,0.414,82,1.338,0.683,0.683
1610612762,UTA,2023-24,Cut,8.3,10.4,0.073,0.828,82,1.253,0.642,0.642
1610612760,OKC,2023-24,Cut,7.9,10.5,0.069,0.345,82,1.329,0.677,0.677
1610612766,CHA,2023-24,Cut,7.8,10.6,0.072,0.103,82,1.359,0.701,0.701
1610612742,DAL,2023-24,Cut,8.3,10.8,0.074,0.621,82,1.301,0.683,0.683
1610612757,POR,2023-24,Cut,8.0,10.8,0.073,0.172,82,1.35,0.697,0.697
1610612758,SAC,2023-24,Cut,8.4,11.0,0.076,0.552,81,1.31,0.678,0.678
1610612740,NOP,2023-24,Cut,8.1,11.1,0.074,0.069,81,1.37,0.705,0.705
1610612761,TOR,2023-24,Cut,8.2,11.1,0.073,0.207,82,1.354,0.682,0.682
1610612737,ATL,2023-24,Cut,8.4,11.4,0.075,0.138,82,1.357,0.69,0.69
1610612764,WAS,2023-24,Cut,9.0,11.7,0.077,0.586,82,1.3,0.694,0.694
1610612755,PHI,2023-24,Cut,8.9,11.7,0.081,0.483,82,1.315,0.673,0.673
1610612738,BOS,2023-24,OffScreen,3.1,3.0,0.028,0.828,81,0.968,0.399,0.513
1610612755,PHI,2023-24,OffScreen,3.2,3.0,0.029,0.793,82,0.938,0.397,0.502
1610612748,MIA,2023-24,OffScreen,3.4,3.0,0.032,0.931,82,0.882,0.369,0.455
1610612753,ORL,2023-24,OffScreen,3.8,3.3,0.035,0.966,82,0.868,0.342,0.43
1610612746,LAC,2023-24,OffScreen,3.4,3.4,0.031,0.586,82,1.0,0.409,0.502
1610612737,ATL,2023-24,OffScreen,4.0,3.4,0.035,1.0,82,0.85,0.353,0.439
1610612752,NYK,2023-24,OffScreen,3.9,3.6,0.036,0.897,81,0.923,0.377,0.478
1610612744,GSW,2023-24,OffScreen,3.5,3.7,0.031,0.214,82,1.057,0.403,0.528
1610612743,DEN,2023-24,OffScreen,3.9,3.8,0.036,0.69,82,0.974,0.408,0.507
1610612757,POR,2023-24,OffScreen,3.7,3.8,0.034,0.448,82,1.027,0.436,0.527
1610612739,CLE,2023-24,OffScreen,3.6,3.8,0.033,0.276,82,1.056,0.437,0.559
1610612763,MEM,2023-24,OffScreen,3.8,3.9,0.034,0.517,82,1.026,0.432,0.538
1610612740,NOP,2023-24,OffScreen,3.9,3.9,0.036,0.552,81,1.0,0.39,0.502
1610612745,HOU,2023-24,OffScreen,3.7,3.9,0.033,0.214,82,1.054,0.433,0.559
1610612760,OKC,2023-24,OffScreen,4.2,4.0,0.036,0.759,82,0.952,0.392,0.512
1610612758,SAC,2023-24,OffScreen,3.9,4.1,0.035,0.379,81,1.051,0.431,0.527
1610612751,BKN,2023-24,OffScreen,4.1,4.0,0.037,0.621,82,0.976,0.401,0.498
1610612741,CHI,2023-24,OffScreen,4.4,4.1,0.04,0.862,82,0.932,0.374,0.471
1610612766,CHA,2023-24,OffScreen,3.7,4.1,0.034,0.069,82,1.108,0.45,0.563
1610612749,MIL,2023-24,OffScreen,4.1,4.2,0.036,0.483,81,1.024,0.423,0.522
1610612750,MIN,2023-24,OffScreen,4.3,4.2,0.04,0.724,82,0.977,0.412,0.497
1610612756,PHX,2023-24,OffScreen,3.9,4.3,0.035,0.103,81,1.103,0.435,0.562
1610612761,TOR,2023-24,OffScreen,4.2,4.3,0.037,0.414,82,1.024,0.427,0.533
1610612762,UTA,2023-24,OffScreen,4.2,4.5,0.037,0.31,82,1.071,0.421,0.534
1610612765,DET,2023-24,OffScreen,4.3,4.6,0.038,0.172,82,1.07,0.449,0.558
1610612759,SAS,2023-24,OffScreen,4.7,4.6,0.041,0.655,82,0.979,0.419,0.509
1610612754,IND,2023-24,OffScreen,4.4,4.8,0.039,0.138,81,1.091,0.458,0.538
1610612742,DAL,2023-24,OffScreen,4.1,4.7,0.037,0.0,82,1.146,0.474,0.591
1610612764,WAS,2023-24,OffScreen,4.8,5.1,0.041,0.345,82,1.062,0.436,0.535
1610612747,LAL,2023-24,OffScreen,5.1,5.7,0.044,0.034,81,1.118,0.444,0.566
1610612738,BOS,2023-24,Misc,4.6,1.6,0.042,1.0,81,0.348,0.274,0.312
1610612747,LAL,2023-24,Misc,5.1,1.8,0.045,0.966,81,0.353,0.321,0.349
1610612750,MIN,2023-24,Misc,5.7,2.4,0.052,0.862,82,0.421,0.366,0.401
1610612760,OKC,2023-24,Misc,6.0,2.4,0.053,0.931,82,0.4,0.307,0.33
1610612748,MIA,2023-24,Misc,5.6,2.4,0.052,0.828,82,0.429,0.356,0.385
1610612740,NOP,2023-24,Misc,5.3,2.5,0.049,0.793,81,0.472,0.366,0.386
1610612752,NYK,2023-24,Misc,5.2,2.5,0.049,0.724,81,0.481,0.36,0.408
1610612753,ORL,2023-24,Misc,6.4,2.7,0.059,0.897,82,0.422,0.302,0.332
1610612766,CHA,2023-24,Misc,5.1,2.7,0.047,0.552,82,0.529,0.4,0.456
1610612755,PHI,2023-24,Misc,5.5,2.8,0.05,0.621,82,0.509,0.343,0.366
1610612739,CLE,2023-24,Misc,5.5,2.9,0.051,0.586,82,0.527,0.356,0.387
1610612759,SAS,2023-24,Misc,5.9,2.9,0.052,0.69,82,0.492,0.407,0.421
1610612742,DAL,2023-24,Misc,5.5,3.0,0.049,0.448,82,0.545,0.445,0.5
1610612743,DEN,2023-24,Misc,4.9,3.0,0.045,0.172,82,0.612,0.44,0.468
1610612756,PHX,2023-24,Misc,5.4,3.0,0.049,0.414,81,0.556,0.383,0.417
1610612763,MEM,2023-24,Misc,6.2,3.1,0.056,0.655,82,0.5,0.396,0.431
1610612762,UTA,2023-24,Misc,5.1,3.1,0.046,0.138,82,0.608,0.469,0.535
1610612744,GSW,2023-24,Misc,5.3,3.2,0.047,0.207,82,0.604,0.406,0.45
1610612741,CHI,2023-24,Misc,5.7,3.3,0.052,0.345,82,0.579,0.444,0.496
1610612757,POR,2023-24,Misc,6.7,3.3,0.061,0.759,82,0.493,0.449,0.5
1610612737,ATL,2023-24,Misc,6.1,3.3,0.055,0.517,82,0.541,0.393,0.432
1610612749,MIL,2023-24,Misc,5.4,3.3,0.048,0.0,81,0.611,0.375,0.42
1610612761,TOR,2023-24,Misc,6.2,3.3,0.055,0.483,82,0.532,0.415,0.437
1610612758,SAC,2023-24,Misc,5.8,3.4,0.053,0.276,81,0.586,0.435,0.48
1610612746,LAC,2023-24,Misc,5.4,3.3,0.049,0.034,82,0.611,0.457,0.511
1610612765,DET,2023-24,Misc,6.0,3.5,0.054,0.241,82,0.583,0.444,0.472
1610612745,HOU,2023-24,Misc,6.2,3.6,0.056,0.31,82,0.581,0.4,0.465
1610612751,BKN,2023-24,Misc,6.0,3.7,0.055,0.069,82,0.617,0.472,0.528
1610612764,WAS,2023-24,Misc,6.3,3.9,0.054,0.103,82,0.619,0.48,0.524
1610612754,IND,2023-24,Misc,6.9,3.9,0.061,0.379,81,0.565,0.459,0.5
1610612752,NYK,2024-25,Isolation,6.4,5.6,0.058,0.759,82,0.875,0.391,0.427
1610612760,OKC,2024-25,Isolation,7.1,5.8,0.062,1.0,82,0.817,0.368,0.402
1610612763,MEM,2024-25,Isolation,7.5,6.1,0.064,0.966,82,0.813,0.345,0.384
1610612755,PHI,2024-25,Isolation,6.6,6.1,0.059,0.414,82,0.924,0.456,0.49
1610612748,MIA,2024-25,Isolation,7.5,6.2,0.069,0.931,82,0.827,0.38,0.41
1610612759,SAS,2024-25,Isolation,7.2,6.4,0.063,0.69,82,0.889,0.412,0.444
1610612749,MIL,2024-25,Isolation,7.5,6.4,0.067,0.828,82,0.853,0.375,0.414
1610612751,BKN,2024-25,Isolation,7.9,6.5,0.073,0.897,82,0.823,0.375,0.408
1610612766,CHA,2024-25,Isolation,6.8,6.6,0.061,0.103,82,0.971,0.425,0.474
1610612756,PHX,2024-25,Isolation,7.4,6.6,0.067,0.655,82,0.892,0.4,0.441
1610612741,CHI,2024-25,Isolation,7.1,6.6,0.061,0.345,82,0.93,0.415,0.446
1610612758,SAC,2024-25,Isolation,7.2,6.7,0.065,0.31,82,0.931,0.408,0.456
1610612746,LAC,2024-25,Isolation,8.0,6.8,0.074,0.862,82,0.85,0.38,0.42
1610612757,POR,2024-25,Isolation,8.0,7.1,0.071,0.621,82,0.887,0.403,0.436
1610612754,IND,2024-25,Isolation,7.4,7.1,0.065,0.138,82,0.959,0.451,0.491
1610612740,NOP,2024-25,Isolation,7.8,7.2,0.069,0.448,82,0.923,0.405,0.453
1610612737,ATL,2024-25,Isolation,8.0,7.3,0.069,0.552,82,0.912,0.423,0.459
1610612764,WAS,2024-25,Isolation,7.3,7.3,0.063,0.034,82,1.0,0.442,0.49
1610612765,DET,2024-25,Isolation,7.8,7.3,0.07,0.276,82,0.936,0.422,0.467
1610612750,MIN,2024-25,Isolation,7.7,7.3,0.07,0.207,82,0.948,0.432,0.474
1610612761,TOR,2024-25,Isolation,7.8,7.5,0.069,0.172,82,0.962,0.44,0.469
1610612743,DEN,2024-25,Isolation,8.2,7.6,0.072,0.483,82,0.927,0.403,0.443
1610612762,UTA,2024-25,Isolation,7.3,7.6,0.064,0.0,82,1.041,0.476,0.529
1610612747,LAL,2024-25,Isolation,8.9,7.6,0.08,0.793,82,0.854,0.394,0.432
1610612744,GSW,2024-25,Isolation,8.8,7.7,0.08,0.724,82,0.875,0.398,0.428
1610612753,ORL,2024-25,Isolation,8.7,7.8,0.081,0.586,82,0.897,0.405,0.446
1610612745,HOU,2024-25,Isolation,8.6,8.1,0.077,0.241,82,0.942,0.424,0.464
1610612738,BOS,2024-25,Isolation,9.0,8.3,0.082,0.379,82,0.922,0.414,0.456
1610612742,DAL,2024-25,Isolation,9.1,8.9,0.08,0.069,82,0.978,0.446,0.475
1610612739,CLE,2024-25,Isolation,10.4,9.6,0.092,0.517,82,0.923,0.419,0.456
1610612749,MIL,2024-25,Postup,3.0,2.7,0.027,0.759,82,0.9,0.483,0.483
1610612750,MIN,2024-25,Postup,3.0,2.9,0.027,0.69,82,0.967,0.503,0.503
1610612763,MEM,2024-25,Postup,3.4,3.1,0.029,0.862,82,0.912,0.463,0.463
1610612746,LAC,2024-25,Postup,3.4,3.1,0.031,0.828,82,0.912,0.437,0.437
1610612765,DET,2024-25,Postup,4.0,3.3,0.036,1.0,82,0.825,0.403,0.403
1610612755,PHI,2024-25,Postup,3.4,3.3,0.031,0.621,82,0.971,0.515,0.515
1610612743,DEN,2024-25,Postup,3.8,3.4,0.033,0.897,82,0.895,0.455,0.455
1610612752,NYK,2024-25,Postup,3.5,3.4,0.032,0.655,82,0.971,0.5,0.5
1610612761,TOR,2024-25,Postup,3.4,3.6,0.03,0.31,82,1.059,0.508,0.508
1610612745,HOU,2024-25,Postup,4.1,3.7,0.037,0.966,82,0.902,0.449,0.449
1610612757,POR,2024-25,Postup,3.8,3.7,0.034,0.586,82,0.974,0.498,0.498
1610612754,IND,2024-25,Postup,3.7,3.8,0.032,0.345,82,1.027,0.54,0.54
1610612758,SAC,2024-25,Postup,4.1,3.8,0.037,0.724,82,0.927,0.475,0.475
1610612748,MIA,2024-25,Postup,3.4,3.9,0.031,0.0,82,1.147,0.583,0.583
1610612747,LAL,2024-25,Postup,3.8,3.9,0.034,0.379,82,1.026,0.529,0.529
1610612740,NOP,2024-25,Postup,3.6,4.0,0.032,0.034,82,1.111,0.593,0.593
1610612738,BOS,2024-25,Postup,4.0,4.0,0.037,0.552,82,1.0,0.504,0.504
1610612737,ATL,2024-25,Postup,3.7,4.1,0.032,0.103,82,1.108,0.583,0.583
1610612756,PHX,2024-25,Postup,3.8,4.1,0.035,0.241,82,1.079,0.541,0.541
1610612744,GSW,2024-25,Postup,3.8,4.1,0.034,0.138,82,1.079,0.548,0.548
1610612760,OKC,2024-25,Postup,4.2,4.2,0.037,0.483,82,1.0,0.512,0.512
1610612762,UTA,2024-25,Postup,4.2,4.2,0.037,0.414,82,1.0,0.523,0.523
1610612739,CLE,2024-25,Postup,4.8,4.3,0.042,0.931,82,0.896,0.488,0.488
1610612751,BKN,2024-25,Postup,3.9,4.3,0.036,0.069,82,1.103,0.575,0.575
1610612764,WAS,2024-25,Postup,4.8,4.4,0.042,0.793,82,0.917,0.469,0.469
1610612742,DAL,2024-25,Postup,4.7,4.7,0.041,0.517,82,1.0,0.536,0.536
1610612766,CHA,2024-25,Postup,4.7,4.7,0.043,0.448,82,1.0,0.517,0.517
1610612753,ORL,2024-25,Postup,4.5,4.8,0.042,0.207,82,1.067,0.556,0.556
1610612741,CHI,2024-25,Postup,4.5,4.9,0.039,0.172,82,1.089,0.541,0.541
1610612759,SAS,2024-25,Postup,4.8,5.1,0.042,0.276,82,1.062,0.559,0.559
1610612739,CLE,2024-25,PRRollMan,5.0,5.1,0.044,0.793,82,1.02,0.48,0.529
1610612747,LAL,2024-25,PRRollMan,5.1,5.8,0.046,0.31,82,1.137,0.532,0.573
1610612757,POR,2024-25,PRRollMan,5.5,5.9,0.049,0.724,82,1.073,0.499,0.535
1610612746,LAC,2024-25,PRRollMan,5.9,6.1,0.054,0.759,82,1.034,0.494,0.547
1610612738,BOS,2024-25,PRRollMan,6.1,6.2,0.056,1.0,82,1.016,0.452,0.513
1610612744,GSW,2024-25,PRRollMan,6.0,6.5,0.054,0.655,82,1.083,0.515,0.575
1610612760,OKC,2024-25,PRRollMan,6.3,6.5,0.056,0.862,82,1.032,0.48,0.542
1610612762,UTA,2024-25,PRRollMan,6.1,6.6,0.054,0.586,82,1.082,0.485,0.551
1610612766,CHA,2024-25,PRRollMan,6.1,6.6,0.055,0.483,82,1.082,0.488,0.548
1610612748,MIA,2024-25,PRRollMan,6.5,6.7,0.06,0.966,82,1.031,0.466,0.523
1610612753,ORL,2024-25,PRRollMan,6.2,6.7,0.058,0.621,82,1.081,0.508,0.562
1610612742,DAL,2024-25,PRRollMan,5.9,6.7,0.052,0.276,82,1.136,0.52,0.572
1610612761,TOR,2024-25,PRRollMan,6.4,6.9,0.056,0.552,82,1.078,0.489,0.548
1610612745,HOU,2024-25,PRRollMan,6.1,7.0,0.055,0.207,82,1.148,0.521,0.589
1610612751,BKN,2024-25,PRRollMan,5.9,7.0,0.054,0.069,82,1.186,0.552,0.601
1610612740,NOP,2024-25,PRRollMan,5.6,7.0,0.05,0.0,82,1.25,0.601,0.671
1610612756,PHX,2024-25,PRRollMan,6.7,7.1,0.06,0.69,82,1.06,0.49,0.539
1610612749,MIL,2024-25,PRRollMan,7.2,7.3,0.064,0.931,82,1.014,0.456,0.522
1610612759,SAS,2024-25,PRRollMan,6.5,7.4,0.058,0.241,82,1.138,0.533,0.583
1610612758,SAC,2024-25,PRRollMan,6.7,7.5,0.061,0.345,82,1.119,0.523,0.588
1610612750,MIN,2024-25,PRRollMan,7.3,7.5,0.067,0.897,82,1.027,0.482,0.525
1610612737,ATL,2024-25,PRRollMan,7.3,7.5,0.063,0.828,82,1.027,0.483,0.538
1610612763,MEM,2024-25,PRRollMan,6.9,7.6,0.059,0.414,82,1.101,0.495,0.564
1610612743,DEN,2024-25,PRRollMan,7.0,7.7,0.061,0.379,82,1.1,0.529,0.575
1610612765,DET,2024-25,PRRollMan,7.2,7.9,0.064,0.517,82,1.097,0.493,0.553
1610612764,WAS,2024-25,PRRollMan,6.7,7.9,0.058,0.103,82,1.179,0.557,0.617
1610612754,IND,2024-25,PRRollMan,6.9,8.0,0.061,0.138,82,1.159,0.524,0.59
1610612755,PHI,2024-25,PRRollMan,6.7,8.2,0.06,0.034,82,1.224,0.578,0.657
1610612752,NYK,2024-25,PRRollMan,7.7,8.5,0.07,0.448,82,1.104,0.514,0.574
1610612741,CHI,2024-25,PRRollMan,8.8,10.0,0.075,0.172,82,1.136,0.506,0.565
1610612753,ORL,2024-25,Spotup,20.5,21.3,0.191,0.655,82,1.039,0.399,0.534
1610612745,HOU,2024-25,Spotup,22.4,22.3,0.201,0.897,82,0.996,0.382,0.515
1610612752,NYK,2024-25,Spotup,21.2,22.9,0.193,0.172,82,1.08,0.41,0.561
1610612750,MIN,2024-25,Spotup,23.7,23.6,0.215,0.966,82,0.996,0.382,0.516
1610612738,BOS,2024-25,Spotup,25.1,24.5,0.231,1.0,82,0.976,0.371,0.498
1610612757,POR,2024-25,Spotup,23.2,24.7,0.206,0.276,82,1.065,0.396,0.54
1610612765,DET,2024-25,Spotup,24.1,24.9,0.214,0.793,82,1.033,0.384,0.529
1610612766,CHA,2024-25,Spotup,24.1,25.4,0.218,0.448,82,1.054,0.395,0.542
1610612756,PHX,2024-25,Spotup,23.2,26.1,0.208,0.0,82,1.125,0.421,0.577
1610612746,LAC,2024-25,Spotup,25.4,26.5,0.233,0.586,82,1.043,0.396,0.537
1610612749,MIL,2024-25,Spotup,26.0,27.1,0.232,0.621,82,1.042,0.393,0.534
1610612761,TOR,2024-25,Spotup,26.3,27.1,0.231,0.759,82,1.03,0.384,0.522
1610612754,IND,2024-25,Spotup,26.4,27.3,0.232,0.828,82,1.034,0.398,0.533
1610612764,WAS,2024-25,Spotup,26.1,27.4,0.226,0.517,82,1.05,0.392,0.534
1610612747,LAL,2024-25,Spotup,26.0,27.4,0.234,0.414,82,1.054,0.403,0.542
1610612742,DAL,2024-25,Spotup,26.1,27.6,0.23,0.345,82,1.057,0.404,0.541
1610612748,MIA,2024-25,Spotup,27.3,27.7,0.25,0.862,82,1.015,0.394,0.531
1610612741,CHI,2024-25,Spotup,26.7,27.9,0.231,0.552,82,1.045,0.393,0.531
1610612763,MEM,2024-25,Spotup,26.6,28.2,0.228,0.31,82,1.06,0.392,0.537
1610612755,PHI,2024-25,Spotup,27.4,28.3,0.246,0.69,82,1.033,0.387,0.535
1610612762,UTA,2024-25,Spotup,26.4,28.3,0.231,0.241,82,1.072,0.4,0.541
1610612759,SAS,2024-25,Spotup,26.0,28.3,0.229,0.103,82,1.088,0.416,0.561
1610612737,ATL,2024-25,Spotup,26.3,28.7,0.229,0.138,82,1.091,0.414,0.563
1610612739,CLE,2024-25,Spotup,27.8,28.7,0.244,0.724,82,1.032,0.389,0.531
1610612744,GSW,2024-25,Spotup,27.3,29.5,0.247,0.207,82,1.081,0.411,0.553
1610612751,BKN,2024-25,Spotup,28.0,29.6,0.259,0.379,82,1.057,0.398,0.539
1610612740,NOP,2024-25,Spotup,28.3,29.7,0.251,0.483,82,1.049,0.394,0.538
1610612760,OKC,2024-25,Spotup,30.1,30.0,0.265,0.931,82,0.997,0.381,0.516
1610612743,DEN,2024-25,Spotup,27.8,30.4,0.244,0.069,82,1.094,0.422,0.56
1610612758,SAC,2024-25,Spotup,29.1,32.0,0.263,0.034,82,1.1,0.411,0.561
1610612751,BKN,2024-25,Handoff,4.1,3.5,0.037,0.897,82,0.854,0.373,0.435
1610612755,PHI,2024-25,Handoff,4.5,4.0,0.04,0.724,82,0.889,0.42,0.503
1610612744,GSW,2024-25,Handoff,5.4,4.4,0.048,1.0,82,0.815,0.377,0.45
1610612760,OKC,2024-25,Handoff,5.4,4.5,0.047,0.931,82,0.833,0.355,0.42
1610612746,LAC,2024-25,Handoff,5.3,4.6,0.048,0.828,82,0.868,0.391,0.469
1610612763,MEM,2024-25,Handoff,5.6,4.7,0.048,0.966,82,0.839,0.364,0.426
1610612753,ORL,2024-25,Handoff,5.2,4.8,0.049,0.621,82,0.923,0.425,0.496
1610612750,MIN,2024-25,Handoff,5.4,4.8,0.049,0.793,82,0.889,0.39,0.459
1610612752,NYK,2024-25,Handoff,5.6,4.9,0.051,0.862,82,0.875,0.384,0.441
1610612749,MIL,2024-25,Handoff,5.6,5.0,0.05,0.759,82,0.893,0.381,0.452
1610612745,HOU,2024-25,Handoff,5.4,5.0,0.048,0.586,82,0.926,0.419,0.492
1610612737,ATL,2024-25,Handoff,5.5,5.0,0.048,0.69,82,0.909,0.392,0.475
1610612739,CLE,2024-25,Handoff,5.5,5.1,0.048,0.517,82,0.927,0.392,0.482
1610612738,BOS,2024-25,Handoff,5.2,5.1,0.048,0.172,82,0.981,0.43,0.5
1610612742,DAL,2024-25,Handoff,5.5,5.2,0.048,0.345,82,0.945,0.445,0.514
1610612740,NOP,2024-25,Handoff,5.2,5.3,0.046,0.103,82,1.019,0.428,0.522
1610612748,MIA,2024-25,Handoff,5.5,5.3,0.05,0.241,82,0.964,0.41,0.493
1610612762,UTA,2024-25,Handoff,5.1,5.3,0.045,0.034,82,1.039,0.424,0.529
1610612758,SAC,2024-25,Handoff,5.6,5.4,0.051,0.207,82,0.964,0.427,0.504
1610612754,IND,2024-25,Handoff,5.7,5.5,0.05,0.276,82,0.965,0.43,0.5
1610612757,POR,2024-25,Handoff,6.0,5.5,0.053,0.655,82,0.917,0.404,0.484
1610612756,PHX,2024-25,Handoff,5.9,5.5,0.053,0.448,82,0.932,0.388,0.472
1610612765,DET,2024-25,Handoff,5.8,5.6,0.052,0.379,82,0.966,0.428,0.508
1610612743,DEN,2024-25,Handoff,6.1,5.6,0.053,0.552,82,0.918,0.401,0.472
1610612759,SAS,2024-25,Handoff,6.1,5.7,0.054,0.483,82,0.934,0.41,0.492
1610612764,WAS,2024-25,Handoff,6.1,5.8,0.053,0.414,82,0.951,0.418,0.496
1610612747,LAL,2024-25,Handoff,5.7,5.8,0.052,0.138,82,1.018,0.437,0.524
1610612741,CHI,2024-25,Handoff,6.2,5.9,0.053,0.31,82,0.952,0.396,0.475
1610612766,CHA,2024-25,Handoff,5.8,5.9,0.052,0.069,82,1.017,0.447,0.554
1610612761,TOR,2024-25,Handoff,6.0,6.5,0.053,0.0,82,1.083,0.455,0.544
1610612738,BOS,2024-25,Cut,6.4,8.2,0.059,0.655,82,1.281,0.658,0.658
1610612753,ORL,2024-25,Cut,6.5,8.3,0.061,0.69,82,1.277,0.668,0.668
1610612761,TOR,2024-25,Cut,6.5,8.6,0.058,0.345,82,1.323,0.671,0.671
1610612752,NYK,2024-25,Cut,6.5,9.0,0.059,0.0,82,1.385,0.7,0.7
1610612745,HOU,2024-25,Cut,7.3,9.0,0.065,0.897,82,1.233,0.65,0.65
1610612760,OKC,2024-25,Cut,7.1,9.1,0.062,0.586,82,1.282,0.645,0.645
1610612766,CHA,2024-25,Cut,7.1,9.3,0.065,0.483,82,1.31,0.657,0.657
1610612744,GSW,2024-25,Cut,7.8,9.4,0.07,0.966,82,1.205,0.633,0.633
1610612750,MIN,2024-25,Cut,7.6,9.4,0.069,0.862,82,1.237,0.634,0.634
1610612759,SAS,2024-25,Cut,7.5,9.6,0.067,0.724,82,1.28,0.656,0.656
1610612756,PHX,2024-25,Cut,7.4,9.8,0.067,0.31,82,1.324,0.663,0.663
1610612763,MEM,2024-25,Cut,7.7,9.9,0.066,0.517,82,1.286,0.645,0.645
1610612748,MIA,2024-25,Cut,7.6,9.9,0.069,0.379,82,1.303,0.672,0.672
1610612739,CLE,2024-25,Cut,8.0,10.0,0.07,0.759,82,1.25,0.638,0.638
1610612747,LAL,2024-25,Cut,7.5,10.0,0.067,0.207,82,1.333,0.696,0.696
1610612762,UTA,2024-25,Cut,8.4,10.1,0.074,1.0,82,1.202,0.624,0.624
1610612749,MIL,2024-25,Cut,8.2,10.2,0.073,0.931,82,1.244,0.634,0.634
1610612746,LAC,2024-25,Cut,7.9,10.2,0.073,0.621,82,1.291,0.642,0.642
1610612765,DET,2024-25,Cut,7.8,10.3,0.069,0.276,82,1.321,0.68,0.68
1610612758,SAC,2024-25,Cut,7.7,10.4,0.07,0.241,82,1.351,0.687,0.687
1610612740,NOP,2024-25,Cut,7.6,10.4,0.068,0.069,82,1.368,0.713,0.713
1610612743,DEN,2024-25,Cut,8.5,10.7,0.074,0.793,82,1.259,0.65,0.65
1610612741,CHI,2024-25,Cut,7.9,10.7,0.068,0.172,82,1.354,0.68,0.68
1610612754,IND,2024-25,Cut,8.3,10.8,0.073,0.448,82,1.301,0.668,0.668
1610612757,POR,2024-25,Cut,8.7,10.9,0.077,0.828,82,1.253,0.637,0.637
1610612742,DAL,2024-25,Cut,8.4,10.9,0.074,0.552,82,1.298,0.671,0.671
1610612764,WAS,2024-25,Cut,8.0,10.9,0.07,0.103,82,1.363,0.683,0.683
1610612751,BKN,2024-25,Cut,8.5,11.7,0.079,0.034,82,1.376,0.699,0.699
1610612737,ATL,2024-25,Cut,8.9,12.0,0.077,0.138,82,1.348,0.682,0.682
1610612755,PHI,2024-25,Cut,9.2,12.0,0.083,0.414,82,1.304,0.672,0.672
1610612751,BKN,2024-25,OffScreen,3.0,2.8,0.027,0.828,82,0.933,0.377,0.478
1610612755,PHI,2024-25,OffScreen,3.0,3.0,0.027,0.241,82,1.0,0.433,0.536
1610612744,GSW,2024-25,OffScreen,3.7,3.1,0.033,1.0,82,0.838,0.379,0.453
1610612738,BOS,2024-25,OffScreen,3.1,3.1,0.029,0.379,82,1.0,0.423,0.525
1610612745,HOU,2024-25,OffScreen,3.7,3.2,0.033,0.931,82,0.865,0.375,0.454
1610612739,CLE,2024-25,OffScreen,3.4,3.2,0.03,0.621,82,0.941,0.377,0.486
1610612747,LAL,2024-25,OffScreen,4.0,3.5,0.036,0.966,82,0.875,0.372,0.455
1610612746,LAC,2024-25,OffScreen,3.5,3.6,0.032,0.31,82,1.029,0.422,0.546
1610612748,MIA,2024-25,OffScreen,3.5,3.7,0.033,0.103,82,1.057,0.418,0.519
1610612754,IND,2024-25,OffScreen,4.0,3.8,0.035,0.586,82,0.95,0.396,0.496
1610612761,TOR,2024-25,OffScreen,4.2,4.0,0.037,0.793,82,0.952,0.38,0.473
1610612740,NOP,2024-25,OffScreen,4.1,4.0,0.037,0.724,82,0.976,0.379,0.48
1610612760,OKC,2024-25,OffScreen,4.2,4.0,0.037,0.655,82,0.952,0.375,0.49
1610612765,DET,2024-25,OffScreen,4.0,4.0,0.035,0.345,82,1.0,0.395,0.519
1610612764,WAS,2024-25,OffScreen,4.5,4.0,0.039,0.897,82,0.889,0.367,0.465
1610612752,NYK,2024-25,OffScreen,4.3,4.0,0.039,0.759,82,0.93,0.386,0.494
1610612757,POR,2024-25,OffScreen,3.7,4.0,0.033,0.034,82,1.081,0.438,0.56
1610612758,SAC,2024-25,OffScreen,3.9,4.1,0.035,0.138,82,1.051,0.432,0.552
1610612759,SAS,2024-25,OffScreen,4.7,4.3,0.041,0.862,82,0.915,0.369,0.469
1610612749,MIL,2024-25,OffScreen,4.5,4.4,0.04,0.448,82,0.978,0.399,0.502
1610612737,ATL,2024-25,OffScreen,4.5,4.4,0.039,0.483,82,0.978,0.408,0.513
1610612743,DEN,2024-25,OffScreen,4.4,4.5,0.039,0.276,82,1.023,0.412,0.535
1610612763,MEM,2024-25,OffScreen,4.6,4.5,0.039,0.517,82,0.978,0.378,0.471
1610612753,ORL,2024-25,OffScreen,4.5,4.5,0.042,0.414,82,1.0,0.408,0.514
1610612742,DAL,2024-25,OffScreen,4.7,4.5,0.042,0.69,82,0.957,0.398,0.48
1610612741,CHI,2024-25,OffScreen,4.3,4.5,0.037,0.069,82,1.047,0.434,0.546
1610612750,MIN,2024-25,OffScreen,4.4,4.5,0.039,0.172,82,1.023,0.399,0.514
1610612756,PHX,2024-25,OffScreen,4.9,4.8,0.044,0.552,82,0.98,0.387,0.499
1610612766,CHA,2024-25,OffScreen,4.7,4.9,0.043,0.207,82,1.043,0.423,0.537
1610612762,UTA,2024-25,OffScreen,5.3,6.2,0.046,0.0,82,1.17,0.46,0.593
1610612753,ORL,2024-25,OffRebound,4.7,4.9,0.044,0.931,82,1.043,0.528,0.531
1610612746,LAC,2024-25,OffRebound,5.1,5.6,0.047,0.517,82,1.098,0.553,0.564
1610612765,DET,2024-25,OffRebound,5.3,5.6,0.047,0.759,82,1.057,0.555,0.559
1610612758,SAC,2024-25,OffRebound,5.2,5.8,0.047,0.172,82,1.115,0.574,0.578
1610612737,ATL,2024-25,OffRebound,5.3,5.8,0.046,0.552,82,1.094,0.553,0.559
1610612750,MIN,2024-25,OffRebound,5.5,5.8,0.05,0.897,82,1.055,0.549,0.557
1610612763,MEM,2024-25,OffRebound,6.0,6.1,0.051,0.966,82,1.017,0.547,0.552
1610612751,BKN,2024-25,OffRebound,5.6,6.1,0.051,0.414,82,1.089,0.564,0.572
1610612739,CLE,2024-25,OffRebound,6.2,6.2,0.054,1.0,82,1.0,0.53,0.535
1610612757,POR,2024-25,OffRebound,5.7,6.2,0.05,0.483,82,1.088,0.575,0.584
1610612748,MIA,2024-25,OffRebound,5.7,6.3,0.052,0.31,82,1.105,0.547,0.554
1610612766,CHA,2024-25,OffRebound,6.1,6.5,0.055,0.793,82,1.066,0.535,0.542
1610612743,DEN,2024-25,OffRebound,6.0,6.5,0.053,0.69,82,1.083,0.548,0.56
1610612749,MIL,2024-25,OffRebound,5.9,6.5,0.053,0.345,82,1.102,0.559,0.562
1610612745,HOU,2024-25,OffRebound,5.8,6.5,0.052,0.103,82,1.121,0.589,0.595
1610612754,IND,2024-25,OffRebound,6.1,6.5,0.054,0.724,82,1.066,0.551,0.556
1610612741,CHI,2024-25,OffRebound,5.9,6.6,0.051,0.241,82,1.119,0.584,0.593
1610612744,GSW,2024-25,OffRebound,5.9,6.6,0.053,0.138,82,1.119,0.573,0.578
1610612752,NYK,2024-25,OffRebound,6.1,6.6,0.055,0.586,82,1.082,0.568,0.572
1610612747,LAL,2024-25,OffRebound,6.2,6.7,0.056,0.621,82,1.081,0.552,0.558
1610612761,TOR,2024-25,OffRebound,6.1,6.7,0.054,0.448,82,1.098,0.548,0.55
1610612738,BOS,2024-25,OffRebound,6.1,6.8,0.056,0.276,82,1.115,0.561,0.566
1610612760,OKC,2024-25,OffRebound,6.4,6.8,0.057,0.862,82,1.062,0.533,0.536
1610612764,WAS,2024-25,OffRebound,6.3,6.8,0.055,0.655,82,1.079,0.559,0.57
1610612755,PHI,2024-25,OffRebound,6.2,6.9,0.056,0.207,82,1.113,0.565,0.572
1610612762,UTA,2024-25,OffRebound,5.7,6.9,0.05,0.0,82,1.211,0.619,0.626
1610612756,PHX,2024-25,OffRebound,6.4,7.0,0.057,0.379,82,1.094,0.558,0.562
1610612742,DAL,2024-25,OffRebound,6.8,7.2,0.06,0.828,82,1.059,0.538,0.543
1610612759,SAS,2024-25,OffRebound,6.5,7.5,0.058,0.069,82,1.154,0.581,0.586
1610612740,NOP,2024-25,OffRebound,6.5,7.5,0.057,0.034,82,1.154,0.596,0.602
1610612760,OKC,2025-26,Transition,18.4,18.7,0.161,1.0,77,1.016,0.501,0.578
1610612761,TOR,2025-26,Transition,17.4,19.7,0.156,0.448,79,1.132,0.563,0.63
1610612759,SAS,2025-26,Transition,19.1,20.8,0.169,0.931,77,1.089,0.497,0.573
1610612752,NYK,2025-26,Transition,19.0,22.2,0.173,0.241,77,1.168,0.547,0.634
1610612756,PHX,2025-26,Transition,20.0,22.0,0.179,0.862,78,1.1,0.532,0.6
1610612746,LAC,2025-26,Transition,18.8,21.7,0.17,0.31,79,1.154,0.545,0.618
1610612765,DET,2025-26,Transition,20.0,21.8,0.177,0.966,79,1.09,0.516,0.593
1610612738,BOS,2025-26,Transition,19.2,22.0,0.177,0.345,80,1.146,0.527,0.613
1610612766,CHA,2025-26,Transition,20.2,22.6,0.185,0.724,79,1.119,0.524,0.593
1610612739,CLE,2025-26,Transition,21.0,23.4,0.185,0.793,79,1.114,0.536,0.607
1610612737,ATL,2025-26,Transition,19.6,23.2,0.17,0.069,80,1.184,0.564,0.634
1610612749,MIL,2025-26,Transition,20.8,23.5,0.188,0.483,79,1.13,0.533,0.61
1610612748,MIA,2025-26,Transition,21.1,23.9,0.18,0.414,78,1.133,0.535,0.612
1610612745,HOU,2025-26,Transition,21.1,23.7,0.19,0.621,79,1.123,0.528,0.6
1610612754,IND,2025-26,Transition,20.3,23.7,0.177,0.207,79,1.167,0.55,0.614
1610612747,LAL,2025-26,Transition,21.5,24.0,0.193,0.759,78,1.116,0.547,0.614
1610612753,ORL,2025-26,Transition,21.7,24.4,0.191,0.586,77,1.124,0.544,0.616
1610612743,DEN,2025-26,Transition,19.7,24.0,0.174,0.0,80,1.218,0.583,0.659
1610612763,MEM,2025-26,Transition,21.7,24.4,0.186,0.517,79,1.124,0.56,0.629
1610612750,MIN,2025-26,Transition,21.9,24.6,0.19,0.552,79,1.123,0.536,0.615
1610612744,GSW,2025-26,Transition,22.6,24.7,0.2,0.897,79,1.093,0.535,0.598
1610612755,PHI,2025-26,Transition,21.8,24.7,0.19,0.379,79,1.133,0.532,0.606
1610612741,CHI,2025-26,Transition,21.8,24.5,0.188,0.655,80,1.124,0.534,0.606
1610612742,DAL,2025-26,Transition,22.6,25.2,0.194,0.828,78,1.115,0.527,0.59
1610612758,SAC,2025-26,Transition,21.7,25.5,0.192,0.138,79,1.175,0.551,0.624
1610612751,BKN,2025-26,Transition,21.8,26.1,0.199,0.034,79,1.197,0.566,0.633
1610612757,POR,2025-26,Transition,23.5,26.3,0.204,0.69,79,1.119,0.54,0.608
1610612740,NOP,2025-26,Transition,22.9,26.7,0.198,0.276,79,1.166,0.548,0.623
1610612764,WAS,2025-26,Transition,24.1,28.6,0.206,0.103,78,1.187,0.57,0.639
1610612762,UTA,2025-26,Transition,24.9,29.2,0.212,0.172,80,1.173,0.552,0.637
1610612738,BOS,2025-26,Isolation,6.1,5.5,0.056,0.759,80,0.902,0.416,0.444
1610612760,OKC,2025-26,Isolation,6.9,5.9,0.06,0.966,77,0.855,0.402,0.423
1610612757,POR,2025-26,Isolation,6.2,5.8,0.054,0.448,79,0.935,0.441,0.464
1610612759,SAS,2025-26,Isolation,6.5,6.1,0.058,0.517,77,0.938,0.432,0.457
1610612755,PHI,2025-26,Isolation,6.5,6.0,0.057,0.552,79,0.923,0.409,0.446
1610612752,NYK,2025-26,Isolation,7.1,6.3,0.065,0.897,77,0.887,0.407,0.439
1610612764,WAS,2025-26,Isolation,7.4,6.7,0.064,0.793,78,0.905,0.391,0.421
1610612766,CHA,2025-26,Isolation,7.4,6.9,0.067,0.379,79,0.932,0.434,0.479
1610612763,MEM,2025-26,Isolation,7.1,7.0,0.061,0.103,79,0.986,0.456,0.508
1610612742,DAL,2025-26,Isolation,7.3,7.3,0.063,0.069,78,1.0,0.468,0.5
1610612750,MIN,2025-26,Isolation,8.5,7.4,0.074,0.931,79,0.871,0.415,0.432
1610612743,DEN,2025-26,Isolation,7.6,7.3,0.067,0.241,80,0.961,0.448,0.48
1610612765,DET,2025-26,Isolation,8.4,7.5,0.074,0.862,79,0.893,0.393,0.427
1610612745,HOU,2025-26,Isolation,8.6,7.7,0.077,0.828,79,0.895,0.427,0.453
1610612746,LAC,2025-26,Isolation,7.9,7.8,0.072,0.138,79,0.987,0.448,0.492
1610612739,CLE,2025-26,Isolation,8.7,7.8,0.076,0.69,79,0.897,0.409,0.44
1610612756,PHX,2025-26,Isolation,9.6,8.0,0.086,1.0,78,0.833,0.39,0.419
1610612749,MIL,2025-26,Isolation,8.4,7.9,0.076,0.345,79,0.94,0.416,0.453
1610612740,NOP,2025-26,Isolation,8.8,8.0,0.076,0.655,79,0.909,0.412,0.461
1610612741,CHI,2025-26,Isolation,8.3,7.9,0.072,0.276,80,0.952,0.412,0.45
1610612744,GSW,2025-26,Isolation,8.6,8.1,0.076,0.483,79,0.942,0.442,0.476
1610612761,TOR,2025-26,Isolation,9.0,8.1,0.081,0.724,79,0.9,0.44,0.469
1610612758,SAC,2025-26,Isolation,8.3,8.1,0.074,0.172,79,0.976,0.445,0.478
1610612762,UTA,2025-26,Isolation,8.4,8.2,0.071,0.207,80,0.976,0.439,0.474
1610612748,MIA,2025-26,Isolation,9.2,8.5,0.079,0.586,78,0.924,0.404,0.447
1610612751,BKN,2025-26,Isolation,9.2,8.6,0.084,0.414,79,0.935,0.444,0.472
1610612737,ATL,2025-26,Isolation,8.8,8.7,0.076,0.034,80,0.989,0.456,0.491
1610612747,LAL,2025-26,Isolation,9.8,9.0,0.088,0.621,78,0.918,0.412,0.452
1610612754,IND,2025-26,Isolation,9.1,9.1,0.079,0.0,79,1.0,0.45,0.479
1610612753,ORL,2025-26,Isolation,9.9,9.4,0.087,0.31,77,0.949,0.435,0.477
1610612765,DET,2025-26,Postup,3.0,2.5,0.026,1.0,79,0.833,0.421,0.421
1610612757,POR,2025-26,Postup,2.8,2.7,0.025,0.862,79,0.964,0.503,0.503
1610612755,PHI,2025-26,Postup,2.7,2.7,0.024,0.586,79,1.0,0.521,0.521
1610612750,MIN,2025-26,Postup,2.6,3.0,0.023,0.0,79,1.154,0.586,0.586
1610612759,SAS,2025-26,Postup,3.6,3.1,0.032,0.966,77,0.861,0.438,0.438
1610612749,MIL,2025-26,Postup,3.1,3.1,0.028,0.621,79,1.0,0.486,0.486
1610612743,DEN,2025-26,Postup,3.2,3.0,0.028,0.759,80,0.938,0.5,0.5
1610612761,TOR,2025-26,Postup,3.1,3.2,0.028,0.483,79,1.032,0.494,0.494
1610612742,DAL,2025-26,Postup,3.1,3.2,0.027,0.379,78,1.032,0.539,0.539
1610612745,HOU,2025-26,Postup,3.5,3.3,0.032,0.828,79,0.943,0.481,0.481
1610612747,LAL,2025-26,Postup,3.5,3.4,0.031,0.69,78,0.971,0.535,0.535
1610612746,LAC,2025-26,Postup,3.3,3.6,0.03,0.069,79,1.091,0.555,0.555
1610612738,BOS,2025-26,Postup,4.2,3.6,0.039,0.931,80,0.857,0.446,0.446
1610612752,NYK,2025-26,Postup,3.7,3.8,0.034,0.414,77,1.027,0.529,0.529
1610612744,GSW,2025-26,Postup,3.9,3.7,0.034,0.724,79,0.949,0.475,0.475
1610612760,OKC,2025-26,Postup,4.2,3.8,0.037,0.897,77,0.905,0.463,0.463
1610612737,ATL,2025-26,Postup,4.2,4.0,0.037,0.793,80,0.952,0.502,0.502
1610612754,IND,2025-26,Postup,4.2,4.4,0.036,0.31,79,1.048,0.541,0.541
1610612766,CHA,2025-26,Postup,4.4,4.4,0.04,0.517,79,1.0,0.5,0.5
1610612751,BKN,2025-26,Postup,4.2,4.4,0.038,0.241,79,1.048,0.55,0.55
1610612748,MIA,2025-26,Postup,4.2,4.5,0.036,0.207,78,1.071,0.554,0.554
1610612756,PHX,2025-26,Postup,4.6,4.5,0.042,0.655,78,0.978,0.511,0.511
1610612753,ORL,2025-26,Postup,4.3,4.6,0.038,0.138,77,1.07,0.531,0.531
1610612740,NOP,2025-26,Postup,4.2,4.5,0.036,0.172,79,1.071,0.549,0.549
1610612763,MEM,2025-26,Postup,4.5,4.7,0.039,0.345,79,1.044,0.532,0.532
1610612739,CLE,2025-26,Postup,4.8,4.7,0.042,0.552,79,0.979,0.492,0.492
1610612762,UTA,2025-26,Postup,4.5,4.7,0.038,0.276,80,1.044,0.565,0.565
1610612764,WAS,2025-26,Postup,4.9,5.0,0.042,0.448,78,1.02,0.503,0.503
1610612758,SAC,2025-26,Postup,4.7,5.1,0.041,0.103,79,1.085,0.582,0.582
1610612741,CHI,2025-26,Postup,5.1,5.6,0.044,0.034,80,1.098,0.564,0.564
1610612751,BKN,2025-26,PRBallHandler,12.0,10.5,0.11,0.621,79,0.875,0.452,0.505
1610612762,UTA,2025-26,PRBallHandler,13.1,12.1,0.112,0.069,80,0.924,0.437,0.505
1610612756,PHX,2025-26,PRBallHandler,15.2,13.2,0.136,0.655,78,0.868,0.43,0.479
1610612739,CLE,2025-26,PRBallHandler,15.8,13.5,0.139,0.828,79,0.854,0.416,0.474
1610612749,MIL,2025-26,PRBallHandler,15.3,13.6,0.138,0.379,79,0.889,0.411,0.47
1610612747,LAL,2025-26,PRBallHandler,16.2,13.9,0.145,0.724,78,0.858,0.414,0.465
1610612744,GSW,2025-26,PRBallHandler,15.5,13.7,0.137,0.483,79,0.884,0.46,0.51
1610612740,NOP,2025-26,PRBallHandler,15.8,14.0,0.137,0.552,79,0.886,0.421,0.48
1610612741,CHI,2025-26,PRBallHandler,16.4,14.1,0.141,0.69,80,0.86,0.428,0.478
1610612765,DET,2025-26,PRBallHandler,18.5,15.0,0.163,1.0,79,0.811,0.387,0.431
1610612746,LAC,2025-26,PRBallHandler,17.6,15.0,0.159,0.793,79,0.852,0.432,0.483
1610612760,OKC,2025-26,PRBallHandler,19.1,15.5,0.167,0.966,77,0.812,0.395,0.45
1610612755,PHI,2025-26,PRBallHandler,18.5,15.2,0.161,0.931,79,0.822,0.412,0.453
1610612763,MEM,2025-26,PRBallHandler,16.8,15.3,0.144,0.172,79,0.911,0.434,0.494
1610612748,MIA,2025-26,PRBallHandler,17.2,15.6,0.147,0.241,78,0.907,0.417,0.476
1610612743,DEN,2025-26,PRBallHandler,17.2,15.2,0.152,0.414,80,0.884,0.415,0.467
1610612759,SAS,2025-26,PRBallHandler,19.0,15.9,0.169,0.862,77,0.837,0.407,0.454
1610612764,WAS,2025-26,PRBallHandler,17.1,15.7,0.146,0.103,78,0.918,0.431,0.482
1610612737,ATL,2025-26,PRBallHandler,17.5,15.3,0.152,0.586,80,0.874,0.439,0.498
1610612752,NYK,2025-26,PRBallHandler,18.7,16.0,0.171,0.759,77,0.856,0.418,0.473
1610612758,SAC,2025-26,PRBallHandler,16.7,15.8,0.148,0.034,79,0.946,0.447,0.506
1610612742,DAL,2025-26,PRBallHandler,18.4,16.3,0.158,0.448,78,0.886,0.418,0.472
1610612753,ORL,2025-26,PRBallHandler,18.3,16.5,0.162,0.276,77,0.902,0.438,0.485
1610612745,HOU,2025-26,PRBallHandler,19.6,16.2,0.177,0.897,79,0.827,0.388,0.439
1610612761,TOR,2025-26,PRBallHandler,18.3,16.4,0.163,0.31,79,0.896,0.423,0.481
1610612766,CHA,2025-26,PRBallHandler,18.6,16.9,0.171,0.207,79,0.909,0.427,0.485
1610612738,BOS,2025-26,PRBallHandler,18.6,16.7,0.172,0.345,80,0.898,0.4,0.458
1610612754,IND,2025-26,PRBallHandler,18.1,17.3,0.158,0.0,79,0.956,0.473,0.521
1610612757,POR,2025-26,PRBallHandler,19.1,17.3,0.166,0.138,79,0.906,0.424,0.473
1610612750,MIN,2025-26,PRBallHandler,20.9,18.5,0.181,0.517,79,0.885,0.415,0.463
1610612756,PHX,2025-26,PRRollMan,5.1,5.9,0.045,0.207,78,1.157,0.535,0.593
1610612744,GSW,2025-26,PRRollMan,5.6,6.0,0.05,0.793,79,1.071,0.504,0.557
1610612747,LAL,2025-26,PRRollMan,4.9,6.1,0.044,0.0,78,1.245,0.582,0.655
1610612766,CHA,2025-26,PRRollMan,5.5,6.1,0.05,0.414,79,1.109,0.501,0.565
1610612763,MEM,2025-26,PRRollMan,5.9,6.2,0.051,0.897,79,1.051,0.503,0.554
1610612765,DET,2025-26,PRRollMan,5.8,6.2,0.051,0.759,79,1.069,0.507,0.592
1610612740,NOP,2025-26,PRRollMan,5.7,6.3,0.049,0.517,79,1.105,0.519,0.569
1610612748,MIA,2025-26,PRRollMan,6.0,6.4,0.051,0.724,78,1.067,0.496,0.553
1610612760,OKC,2025-26,PRRollMan,6.3,6.5,0.055,0.931,77,1.032,0.476,0.543
1610612738,BOS,2025-26,PRRollMan,5.4,6.3,0.05,0.172,80,1.167,0.5,0.588
1610612759,SAS,2025-26,PRRollMan,6.4,6.6,0.056,0.966,77,1.031,0.469,0.52
1610612743,DEN,2025-26,PRRollMan,5.8,6.3,0.052,0.655,80,1.086,0.502,0.56
1610612757,POR,2025-26,PRRollMan,5.9,6.4,0.052,0.69,79,1.085,0.485,0.551
1610612739,CLE,2025-26,PRRollMan,5.9,6.5,0.052,0.483,79,1.102,0.505,0.573
1610612752,NYK,2025-26,PRRollMan,6.1,6.7,0.056,0.552,77,1.098,0.475,0.554
1610612764,WAS,2025-26,PRRollMan,6.4,6.8,0.055,0.828,78,1.062,0.479,0.535
1610612755,PHI,2025-26,PRRollMan,6.0,6.7,0.052,0.379,79,1.117,0.523,0.584
1610612745,HOU,2025-26,PRRollMan,6.8,6.7,0.061,1.0,79,0.985,0.455,0.511
1610612753,ORL,2025-26,PRRollMan,6.2,7.1,0.055,0.276,77,1.145,0.537,0.589
1610612761,TOR,2025-26,PRRollMan,6.4,7.0,0.057,0.621,79,1.094,0.488,0.546
1610612746,LAC,2025-26,PRRollMan,6.3,7.0,0.057,0.448,79,1.111,0.51,0.578
1610612749,MIL,2025-26,PRRollMan,5.7,7.0,0.052,0.069,79,1.228,0.554,0.624
1610612751,BKN,2025-26,PRRollMan,6.1,7.1,0.056,0.241,79,1.164,0.54,0.588
1610612742,DAL,2025-26,PRRollMan,6.5,7.2,0.056,0.345,78,1.108,0.518,0.569
1610612750,MIN,2025-26,PRRollMan,6.6,7.2,0.057,0.586,79,1.091,0.508,0.564
1610612762,UTA,2025-26,PRRollMan,5.9,7.2,0.05,0.103,80,1.22,0.557,0.624
1610612758,SAC,2025-26,PRRollMan,6.0,7.3,0.053,0.034,79,1.217,0.592,0.648
1610612737,ATL,2025-26,PRRollMan,7.4,7.8,0.065,0.862,80,1.054,0.493,0.555
1610612741,CHI,2025-26,PRRollMan,6.7,8.0,0.057,0.138,80,1.194,0.547,0.61
1610612754,IND,2025-26,PRRollMan,7.4,8.3,0.065,0.31,79,1.122,0.508,0.562
1610612750,MIN,2025-26,Spotup,23.5,24.2,0.204,0.69,79,1.03,0.39,0.523
1610612753,ORL,2025-26,Spotup,24.5,25.8,0.216,0.379,77,1.053,0.395,0.528
1610612766,CHA,2025-26,Spotup,24.6,25.3,0.225,0.759,79,1.028,0.389,0.524
1610612745,HOU,2025-26,Spotup,23.4,25.3,0.212,0.241,79,1.081,0.409,0.548
1610612765,DET,2025-26,Spotup,27.1,26.2,0.239,1.0,79,0.967,0.359,0.489
1610612757,POR,2025-26,Spotup,25.1,26.2,0.218,0.483,79,1.044,0.399,0.536
1610612742,DAL,2025-26,Spotup,26.6,27.1,0.229,0.862,78,1.019,0.391,0.517
1610612754,IND,2025-26,Spotup,25.1,26.9,0.219,0.31,79,1.072,0.407,0.544
1610612759,SAS,2025-26,Spotup,26.7,27.7,0.237,0.621,77,1.037,0.388,0.524
1610612756,PHX,2025-26,Spotup,27.0,27.7,0.242,0.724,78,1.026,0.386,0.518
1610612738,BOS,2025-26,Spotup,27.3,27.4,0.252,0.931,80,1.004,0.37,0.51
1610612747,LAL,2025-26,Spotup,27.5,28.1,0.247,0.828,78,1.022,0.397,0.53
1610612737,ATL,2025-26,Spotup,27.5,27.5,0.239,0.966,80,1.0,0.378,0.507
1610612752,NYK,2025-26,Spotup,27.6,28.7,0.252,0.552,77,1.04,0.39,0.529
1610612758,SAC,2025-26,Spotup,26.7,29.1,0.236,0.103,79,1.09,0.412,0.558
1610612746,LAC,2025-26,Spotup,28.0,29.2,0.253,0.517,79,1.043,0.393,0.53
1610612764,WAS,2025-26,Spotup,26.6,29.9,0.227,0.0,78,1.124,0.418,0.567
1610612748,MIA,2025-26,Spotup,29.3,30.0,0.249,0.793,78,1.024,0.39,0.523
1610612740,NOP,2025-26,Spotup,28.6,30.1,0.247,0.448,79,1.052,0.394,0.535
1610612744,GSW,2025-26,Spotup,27.4,30.1,0.242,0.034,79,1.099,0.414,0.56
1610612755,PHI,2025-26,Spotup,29.5,30.5,0.256,0.655,79,1.034,0.392,0.531
1610612761,TOR,2025-26,Spotup,29.5,30.6,0.264,0.586,79,1.037,0.39,0.52
1610612763,MEM,2025-26,Spotup,29.3,30.9,0.252,0.345,79,1.055,0.395,0.536
1610612739,CLE,2025-26,Spotup,28.5,30.9,0.251,0.172,79,1.084,0.408,0.557
1610612760,OKC,2025-26,Spotup,30.2,31.8,0.264,0.414,77,1.053,0.394,0.543
1610612741,CHI,2025-26,Spotup,28.8,30.9,0.248,0.276,80,1.073,0.405,0.545
1610612751,BKN,2025-26,Spotup,29.1,31.8,0.266,0.069,79,1.093,0.426,0.561
1610612743,DEN,2025-26,Spotup,31.0,31.5,0.275,0.897,80,1.016,0.381,0.513
1610612749,MIL,2025-26,Spotup,29.7,32.3,0.268,0.138,79,1.088,0.408,0.557
1610612762,UTA,2025-26,Spotup,31.0,33.5,0.264,0.207,80,1.081,0.407,0.55
1610612751,BKN,2025-26,Handoff,4.0,3.1,0.036,1.0,79,0.775,0.357,0.439
1610612748,MIA,2025-26,Handoff,4.6,4.0,0.04,0.931,78,0.87,0.372,0.442
1610612762,UTA,2025-26,Handoff,3.9,4.0,0.033,0.069,80,1.026,0.441,0.551
1610612760,OKC,2025-26,Handoff,5.0,4.2,0.044,0.966,77,0.84,0.35,0.429
1610612761,TOR,2025-26,Handoff,4.5,4.1,0.04,0.552,79,0.911,0.372,0.46
1610612758,SAC,2025-26,Handoff,4.5,4.3,0.04,0.414,79,0.956,0.423,0.502
1610612755,PHI,2025-26,Handoff,4.8,4.4,0.041,0.724,79,0.917,0.393,0.465
1610612740,NOP,2025-26,Handoff,4.5,4.4,0.039,0.276,79,0.978,0.426,0.524
1610612747,LAL,2025-26,Handoff,4.3,4.5,0.039,0.034,78,1.047,0.447,0.546
1610612756,PHX,2025-26,Handoff,4.9,4.6,0.044,0.655,78,0.939,0.405,0.484
1610612744,GSW,2025-26,Handoff,4.9,4.6,0.043,0.621,79,0.939,0.439,0.505
1610612752,NYK,2025-26,Handoff,5.1,4.7,0.046,0.586,77,0.922,0.386,0.456
1610612746,LAC,2025-26,Handoff,5.4,4.7,0.049,0.897,79,0.87,0.409,0.491
1610612765,DET,2025-26,Handoff,5.3,4.7,0.047,0.828,79,0.887,0.384,0.461
1610612738,BOS,2025-26,Handoff,5.1,4.8,0.047,0.448,80,0.941,0.398,0.484
1610612743,DEN,2025-26,Handoff,4.8,4.8,0.042,0.207,80,1.0,0.416,0.5
1610612749,MIL,2025-26,Handoff,4.7,4.9,0.043,0.103,79,1.043,0.44,0.549
1610612766,CHA,2025-26,Handoff,5.5,4.9,0.051,0.862,79,0.891,0.38,0.452
1610612739,CLE,2025-26,Handoff,5.0,5.0,0.044,0.241,79,1.0,0.423,0.512
1610612763,MEM,2025-26,Handoff,5.5,5.0,0.047,0.759,79,0.909,0.394,0.465
1610612737,ATL,2025-26,Handoff,5.5,5.0,0.048,0.793,80,0.909,0.404,0.482
1610612753,ORL,2025-26,Handoff,5.4,5.3,0.048,0.31,77,0.981,0.425,0.514
1610612745,HOU,2025-26,Handoff,5.2,5.3,0.047,0.138,79,1.019,0.449,0.531
1610612764,WAS,2025-26,Handoff,5.0,5.5,0.043,0.0,78,1.1,0.476,0.568
1610612754,IND,2025-26,Handoff,5.9,5.4,0.051,0.69,79,0.915,0.446,0.506
1610612741,CHI,2025-26,Handoff,5.5,5.5,0.047,0.172,80,1.0,0.426,0.514
1610612742,DAL,2025-26,Handoff,6.0,5.9,0.052,0.345,78,0.983,0.438,0.504
1610612750,MIN,2025-26,Handoff,6.0,5.8,0.052,0.379,79,0.967,0.435,0.502
1610612757,POR,2025-26,Handoff,6.4,5.9,0.055,0.483,79,0.922,0.411,0.487
1610612759,SAS,2025-26,Handoff,6.9,6.4,0.061,0.517,77,0.928,0.415,0.481
1610612738,BOS,2025-26,Cut,6.2,8.0,0.057,0.621,80,1.29,0.64,0.64
1610612752,NYK,2025-26,Cut,6.1,8.4,0.056,0.138,77,1.377,0.686,0.686
1610612745,HOU,2025-26,Cut,6.9,8.4,0.063,1.0,79,1.217,0.62,0.62
1610612760,OKC,2025-26,Cut,7.4,8.9,0.064,0.897,77,1.203,0.603,0.603
1610612753,ORL,2025-26,Cut,6.8,9.0,0.06,0.448,77,1.324,0.678,0.678
1610612750,MIN,2025-26,Cut,7.3,9.0,0.063,0.862,79,1.233,0.62,0.62
1610612766,CHA,2025-26,Cut,7.3,9.2,0.067,0.759,79,1.26,0.651,0.651
1610612739,CLE,2025-26,Cut,7.4,9.3,0.065,0.793,79,1.257,0.638,0.638
1610612746,LAC,2025-26,Cut,7.9,9.6,0.071,0.931,79,1.215,0.627,0.627
1610612756,PHX,2025-26,Cut,7.3,9.7,0.065,0.345,78,1.329,0.681,0.681
1610612761,TOR,2025-26,Cut,6.9,9.7,0.062,0.069,79,1.406,0.701,0.701
1610612765,DET,2025-26,Cut,7.4,9.8,0.065,0.379,79,1.324,0.67,0.67
1610612744,GSW,2025-26,Cut,7.8,9.9,0.069,0.69,79,1.269,0.658,0.658
1610612741,CHI,2025-26,Cut,7.4,10.0,0.064,0.207,80,1.351,0.694,0.694
1610612759,SAS,2025-26,Cut,8.3,10.4,0.074,0.828,77,1.253,0.628,0.628
1610612763,MEM,2025-26,Cut,7.1,10.2,0.061,0.0,79,1.437,0.732,0.732
1610612754,IND,2025-26,Cut,7.4,10.2,0.064,0.103,79,1.378,0.695,0.695
1610612764,WAS,2025-26,Cut,7.9,10.5,0.067,0.31,78,1.329,0.669,0.669
1610612758,SAC,2025-26,Cut,7.7,10.4,0.068,0.172,79,1.351,0.683,0.683
1610612737,ATL,2025-26,Cut,7.9,10.5,0.069,0.414,80,1.329,0.672,0.672
1610612740,NOP,2025-26,Cut,8.0,10.6,0.069,0.552,79,1.325,0.678,0.678
1610612755,PHI,2025-26,Cut,8.2,10.9,0.071,0.517,79,1.329,0.67,0.67
1610612751,BKN,2025-26,Cut,8.2,10.9,0.075,0.483,79,1.329,0.694,0.694
1610612757,POR,2025-26,Cut,8.7,10.9,0.075,0.724,79,1.253,0.635,0.635
1610612742,DAL,2025-26,Cut,8.5,11.2,0.073,0.586,78,1.318,0.668,0.668
1610612749,MIL,2025-26,Cut,8.3,11.2,0.075,0.241,79,1.349,0.686,0.686
1610612748,MIA,2025-26,Cut,9.4,11.3,0.08,0.966,78,1.202,0.626,0.626
1610612762,UTA,2025-26,Cut,8.5,11.5,0.073,0.276,80,1.353,0.71,0.71
1610612743,DEN,2025-26,Cut,9.1,11.7,0.08,0.655,80,1.286,0.663,0.663
1610612747,LAL,2025-26,Cut,8.7,12.3,0.078,0.034,78,1.414,0.736,0.736
1610612747,LAL,2025-26,OffScreen,3.4,2.9,0.031,1.0,78,0.853,0.323,0.398
1610612757,POR,2025-26,OffScreen,3.3,2.9,0.028,0.828,79,0.879,0.366,0.449
1610612743,DEN,2025-26,OffScreen,3.6,3.1,0.032,0.966,80,0.861,0.356,0.451
1610612761,TOR,2025-26,OffScreen,3.5,3.5,0.032,0.483,79,1.0,0.408,0.502
1610612740,NOP,2025-26,OffScreen,4.0,3.6,0.034,0.759,79,0.9,0.388,0.485
1610612745,HOU,2025-26,OffScreen,4.1,3.6,0.037,0.862,79,0.878,0.354,0.437
1610612748,MIA,2025-26,OffScreen,3.6,3.7,0.031,0.138,78,1.028,0.414,0.527
1610612756,PHX,2025-26,OffScreen,3.9,3.7,0.035,0.621,78,0.949,0.39,0.49
1610612760,OKC,2025-26,OffScreen,4.2,3.8,0.036,0.724,77,0.905,0.37,0.479
1610612755,PHI,2025-26,OffScreen,4.2,3.8,0.037,0.897,79,0.905,0.371,0.459
1610612753,ORL,2025-26,OffScreen,4.5,3.9,0.039,0.931,77,0.867,0.381,0.46
1610612739,CLE,2025-26,OffScreen,3.9,3.9,0.035,0.552,79,1.0,0.382,0.48
1610612751,BKN,2025-26,OffScreen,3.1,3.9,0.028,0.0,79,1.258,0.519,0.661
1610612737,ATL,2025-26,OffScreen,4.1,3.9,0.035,0.655,80,0.951,0.402,0.491
1610612738,BOS,2025-26,OffScreen,4.4,4.0,0.04,0.69,80,0.909,0.362,0.458
1610612749,MIL,2025-26,OffScreen,4.0,4.0,0.036,0.407,79,1.0,0.393,0.509
1610612746,LAC,2025-26,OffScreen,4.1,4.1,0.037,0.207,79,1.0,0.41,0.504
1610612744,GSW,2025-26,OffScreen,4.3,4.3,0.038,0.31,79,1.0,0.424,0.514
1610612750,MIN,2025-26,OffScreen,4.8,4.4,0.042,0.793,79,0.917,0.38,0.447
1610612762,UTA,2025-26,OffScreen,4.4,4.4,0.038,0.517,80,1.0,0.398,0.503
1610612765,DET,2025-26,OffScreen,4.5,4.5,0.039,0.241,79,1.0,0.404,0.517
1610612752,NYK,2025-26,OffScreen,4.4,4.6,0.04,0.069,77,1.045,0.449,0.565
1610612764,WAS,2025-26,OffScreen,4.6,4.6,0.039,0.407,78,1.0,0.424,0.518
1610612759,SAS,2025-26,OffScreen,4.7,4.8,0.042,0.172,77,1.021,0.426,0.512
1610612766,CHA,2025-26,OffScreen,4.8,4.8,0.044,0.407,79,1.0,0.397,0.488
1610612763,MEM,2025-26,OffScreen,4.6,4.8,0.04,0.103,79,1.043,0.422,0.52
1610612741,CHI,2025-26,OffScreen,5.1,4.9,0.044,0.586,80,0.961,0.391,0.485
1610612742,DAL,2025-26,OffScreen,5.2,5.2,0.044,0.345,78,1.0,0.405,0.5
1610612754,IND,2025-26,OffScreen,5.1,5.1,0.044,0.276,79,1.0,0.423,0.506
1610612758,SAC,2025-26,OffScreen,4.6,5.3,0.041,0.034,79,1.152,0.471,0.602
1610612752,NYK,2025-26,OffRebound,5.4,5.6,0.049,0.931,77,1.037,0.543,0.546
1610612753,ORL,2025-26,OffRebound,5.3,5.7,0.047,0.724,77,1.075,0.578,0.587
1610612749,MIL,2025-26,OffRebound,5.4,5.8,0.048,0.759,79,1.074,0.552,0.555
1610612766,CHA,2025-26,OffRebound,5.4,5.9,0.049,0.69,79,1.093,0.584,0.599
1610612751,BKN,2025-26,OffRebound,5.3,6.0,0.049,0.517,79,1.132,0.558,0.565
1610612739,CLE,2025-26,OffRebound,5.8,6.0,0.051,0.897,79,1.034,0.508,0.515
1610612750,MIN,2025-26,OffRebound,5.9,6.1,0.051,1.0,79,1.034,0.523,0.528
1610612759,SAS,2025-26,OffRebound,5.4,6.3,0.048,0.31,77,1.167,0.581,0.59
1610612760,OKC,2025-26,OffRebound,6.1,6.4,0.054,0.966,77,1.049,0.551,0.553
1610612738,BOS,2025-26,OffRebound,5.6,6.2,0.052,0.552,80,1.107,0.554,0.555
1610612747,LAL,2025-26,OffRebound,5.6,6.4,0.05,0.448,78,1.143,0.601,0.608
1610612746,LAC,2025-26,OffRebound,5.8,6.4,0.052,0.621,79,1.103,0.55,0.554
1610612743,DEN,2025-26,OffRebound,6.0,6.3,0.053,0.862,80,1.05,0.53,0.534
1610612745,HOU,2025-26,OffRebound,5.7,6.5,0.052,0.483,79,1.14,0.589,0.594
1610612761,TOR,2025-26,OffRebound,6.1,6.5,0.054,0.828,79,1.066,0.55,0.552
1610612758,SAC,2025-26,OffRebound,5.6,6.5,0.049,0.069,79,1.161,0.588,0.592
1610612744,GSW,2025-26,OffRebound,6.0,6.7,0.053,0.655,79,1.117,0.554,0.563
1610612737,ATL,2025-26,OffRebound,5.7,6.7,0.049,0.103,80,1.175,0.599,0.605
1610612757,POR,2025-26,OffRebound,6.4,6.9,0.055,0.793,79,1.078,0.565,0.568
1610612765,DET,2025-26,OffRebound,6.0,6.9,0.053,0.379,79,1.15,0.602,0.609
1610612748,MIA,2025-26,OffRebound,6.2,7.2,0.053,0.172,78,1.161,0.589,0.599
1610612741,CHI,2025-26,OffRebound,6.1,7.1,0.053,0.276,80,1.164,0.586,0.59
1610612755,PHI,2025-26,OffRebound,6.1,7.2,0.053,0.0,79,1.18,0.604,0.611
1610612754,IND,2025-26,OffRebound,6.3,7.3,0.055,0.345,79,1.159,0.599,0.602
1610612764,WAS,2025-26,OffRebound,6.9,7.6,0.059,0.586,78,1.101,0.571,0.574
1610612756,PHX,2025-26,OffRebound,6.5,7.7,0.058,0.034,78,1.185,0.607,0.613
1610612762,UTA,2025-26,OffRebound,6.4,7.5,0.055,0.241,80,1.172,0.612,0.62
1610612742,DAL,2025-26,OffRebound,6.7,7.8,0.058,0.414,78,1.164,0.615,0.621
1610612740,NOP,2025-26,OffRebound,7.0,8.2,0.06,0.207,79,1.171,0.588,0.593
1610612763,MEM,2025-26,OffRebound,7.2,8.4,0.061,0.138,79,1.167,0.62,0.626
1610612760,OKC,2025-26,Misc,6.7,2.2,0.059,1.0,77,0.328,0.257,0.294
1610612738,BOS,2025-26,Misc,6.0,2.3,0.056,0.966,80,0.383,0.24,0.268
1610612742,DAL,2025-26,Misc,5.5,2.7,0.047,0.69,78,0.491,0.328,0.387
1610612752,NYK,2025-26,Misc,6.4,2.8,0.058,0.793,77,0.437,0.202,0.218
1610612741,CHI,2025-26,Misc,5.0,2.7,0.043,0.172,80,0.54,0.381,0.418
1610612737,ATL,2025-26,Misc,6.8,2.7,0.059,0.897,80,0.397,0.289,0.306
1610612761,TOR,2025-26,Misc,7.1,2.8,0.063,0.931,79,0.394,0.364,0.395
1610612746,LAC,2025-26,Misc,5.6,2.8,0.05,0.483,79,0.5,0.307,0.358
1610612745,HOU,2025-26,Misc,5.9,2.9,0.053,0.655,79,0.492,0.341,0.364
1610612749,MIL,2025-26,Misc,5.4,2.9,0.048,0.138,79,0.537,0.352,0.406
1610612759,SAS,2025-26,Misc,6.0,3.1,0.053,0.379,77,0.517,0.31,0.353
1610612754,IND,2025-26,Misc,5.9,3.0,0.051,0.414,79,0.508,0.348,0.4
1610612758,SAC,2025-26,Misc,6.4,3.1,0.057,0.759,79,0.484,0.365,0.401
1610612743,DEN,2025-26,Misc,5.1,3.1,0.045,0.0,80,0.608,0.308,0.35
1610612744,GSW,2025-26,Misc,6.5,3.1,0.057,0.724,79,0.477,0.344,0.381
1610612766,CHA,2025-26,Misc,5.4,3.1,0.05,0.034,79,0.574,0.388,0.439
1610612753,ORL,2025-26,Misc,6.4,3.2,0.057,0.517,77,0.5,0.327,0.371
1610612756,PHX,2025-26,Misc,7.5,3.2,0.067,0.828,78,0.427,0.313,0.34
1610612764,WAS,2025-26,Misc,6.1,3.3,0.052,0.207,78,0.541,0.381,0.407
1610612762,UTA,2025-26,Misc,6.4,3.2,0.054,0.586,80,0.5,0.311,0.337
1610612740,NOP,2025-26,Misc,6.4,3.3,0.055,0.552,79,0.516,0.328,0.36
1610612747,LAL,2025-26,Misc,6.0,3.3,0.054,0.103,78,0.55,0.414,0.465
1610612748,MIA,2025-26,Misc,6.4,3.4,0.055,0.241,78,0.531,0.424,0.487
1610612757,POR,2025-26,Misc,7.9,3.4,0.068,0.862,79,0.43,0.363,0.407
1610612751,BKN,2025-26,Misc,6.6,3.4,0.06,0.448,79,0.515,0.312,0.348
1610612755,PHI,2025-26,Misc,6.7,3.5,0.058,0.345,79,0.522,0.318,0.368
1610612739,CLE,2025-26,Misc,6.9,3.6,0.06,0.31,79,0.522,0.356,0.393
1610612765,DET,2025-26,Misc,7.4,3.6,0.065,0.621,79,0.486,0.4,0.432
1610612763,MEM,2025-26,Misc,6.9,3.7,0.06,0.276,79,0.536,0.374,0.431
1610612750,MIN,2025-26,Misc,7.3,4.1,0.063,0.069,79,0.562,0.347,0.389
