player_id,player_name,primary_archetype,archetype_0_weight,archetype_1_weight,archetype_2_weight,archetype_3_weight,archetype_4_weight,archetype_5_weight,archetype_6_weight,archetype_purity
2544,LeBron James,2,7.883069053255478e-05,4.010472547444002e-17,0.9999147233447032,9.398763479329403e-29,6.445964765455515e-06,3.800371802669781e-28,0.0,0.9999147233447032
201142,Kevin Durant,2,2.0517328836922022e-10,4.471526610975769e-21,0.9999999997557047,1.6005719069216393e-63,3.912350793641482e-11,6.767381488902912e-80,0.0,0.9999999997557047
201143,Al Horford,5,1.976465236727005e-06,3.285251503143405e-65,1.8823953915402703e-21,1.6669754318642135e-06,7.34275378657859e-06,0.9999890138055452,0.0,0.9999890138055452
201144,Mike Conley,3,9.255208642675976e-14,0.0070551716095491,5.749406255470849e-14,0.9929448142159668,1.4174333326267931e-08,7.958606040536787e-18,0.0,0.9929448142159668
201566,Russell Westbrook,0,0.9999999999999468,2.5068867044268692e-24,5.174750967806657e-14,2.4422428904428342e-20,1.0812909605347997e-18,6.025350576366117e-35,0.0,0.9999999999999468
201567,Kevin Love,5,1.938476114434543e-12,2.2737023822505702e-58,1.6542188207243536e-29,1.8528885787265953e-07,2.1668369433369143e-10,0.9999998144925198,0.0,0.9999998144925198
201572,Brook Lopez,5,0.0106618689970149,6.326719490759999e-71,8.137640057794655e-22,4.0111205693977853e-10,0.000836008575959,0.9885021220259156,0.0,0.9885021220259156
201587,Nicolas Batum,5,7.31367534757366e-19,1.5772883741254724e-62,9.5299777320201e-50,2.1795593999356223e-10,1.1711253929076564e-21,0.999999999782041,0.0,0.999999999782041
201935,James Harden,2,3.9845029645996334e-18,0.0001597923419633,0.9998402076407632,1.5635457636306516e-22,1.7273968988210097e-11,3.4919646538369654e-66,0.0,0.9998402076407632
201939,Stephen Curry,2,2.839743589379984e-17,0.0213186210307232,0.9782075612843768,3.3972341578132064e-15,0.0004738176848972,6.758178543567258e-54,0.0,0.9782075612843768
201942,DeMar DeRozan,2,4.8038452049730095e-12,6.608702134172726e-51,0.9999999999951968,9.202060271663509e-244,2.644428871971769e-44,7.281398889078831e-117,0.0,0.9999999999951968
201950,Jrue Holiday,1,2.8034168900306187e-09,0.9983235573855396,0.0016760815448234,2.4262664585946724e-10,3.580235940378098e-07,5.9750825719454e-42,0.0,0.9983235573855396
202331,Paul George,4,2.0509690549035317e-10,0.0040472127856372,0.0782280959107693,1.7050251050486056e-11,0.9177246910814452,9.621697240195139e-33,0.0,0.9177246910814452
202685,Jonas Valančiūnas,6,0.0001100612645953,3.148895087025995e-206,5.410000500048618e-45,0.0,7.298721465542654e-122,4.637994757440401e-48,0.999889938735404,0.999889938735404
202691,Klay Thompson,4,1.6595681084884756e-21,7.673551437385385e-21,2.147116877974758e-22,1.4034663117464049e-08,0.9999999859653388,8.874775279900176e-60,0.0,0.9999999859653388
202695,Kawhi Leonard,2,5.228688010893056e-16,2.7733072929604886e-17,0.9999999999666044,1.381854554796689e-47,3.3394818874804854e-11,2.4430264648159696e-116,0.0,0.9999999999666044
202696,Nikola Vučević,5,0.0568528662117756,4.7012980021381807e-94,8.134311248340378e-21,7.47197433629234e-66,1.543961831896497e-13,0.8017538424800175,0.1413932913080509,0.8017538424800175
202699,Tobias Harris,4,0.0076787900773405,1.717952305231062e-25,7.966021857393894e-06,3.3772656151868575e-09,0.992313240523532,4.6524271066366184e-15,0.0,0.992313240523532
202710,Jimmy Butler III,0,0.9998233647764752,8.037174798588842e-11,0.0001766233292069,2.955752343781789e-39,1.1813945267490971e-08,1.862532224525309e-19,0.0,0.9998233647764752
203076,Anthony Davis,0,1.0,6.978253780494397e-76,5.419119283983245e-16,9.307149543630223e-193,3.2214111459199126e-34,5.706458031401571e-28,0.0,1.0
203083,Andre Drummond,6,2.5962896348499183e-10,1.6715265037916356e-63,3.5016976757370563e-34,1.1967017699940085e-17,2.429858053347932e-16,8.269165277056049e-05,0.9999173080876008,0.9999173080876008
203084,Harrison Barnes,4,5.176822403068447e-08,2.5460816812240123e-21,5.591049779579554e-13,0.011472219931798,0.9885256350487378,2.093250680884769e-06,0.0,0.9885256350487378
203110,Draymond Green,5,0.0002281562171867,8.742677147724348e-43,2.8451159636915977e-22,2.8642134573937905e-05,8.528746568727208e-09,0.996105042559035,0.0036381505604586,0.996105042559035
203114,Khris Middleton,2,2.0672178148044057e-07,5.3955372017058855e-17,0.999999793271428,2.296492810896997e-65,6.790773688231127e-12,3.152108709560038e-64,0.0,0.999999793271428
203468,CJ McCollum,2,5.458694207241275e-14,0.0014868917824435,0.9985104971970168,1.2113782149593833e-18,2.6110204842036723e-06,4.3537075575870266e-71,0.0,0.9985104971970168
203471,Dennis Schröder,1,2.271471855822153e-09,0.999916673636008,8.067276639088109e-05,1.0362404683913395e-10,2.6512225052079486e-06,8.823686953211507e-32,0.0,0.999916673636008
203484,Kentavious Caldwell-Pope,4,5.406454301251347e-08,0.0522409069930555,3.204567599733566e-05,6.582627013655223e-08,0.9477269274401348,2.5133064843593257e-21,0.0,0.9477269274401348
203497,Rudy Gobert,6,9.287942915028449e-13,8.646737143520386e-144,1.1599563427592271e-47,1.31335074205646e-309,1.9316007836010707e-71,9.803101181177176e-32,0.999999999999071,0.999999999999071
203500,Steven Adams,6,1.5302780583417017e-14,2.6902272999795658e-300,3.1847277053935213e-68,0.0,1.6282618121164878e-223,3.4640183959150844e-91,0.9999999999999848,0.9999999999999848
203501,Tim Hardaway Jr.,4,3.993505870314339e-18,5.054936313759288e-23,6.069022054368639e-17,1.44320936139097e-05,0.999985567906385,3.383760435136946e-23,0.0,0.999985567906385
203507,Giannis Antetokounmpo,0,0.9999976575428996,5.671114229608712e-30,2.342347201911131e-06,2.9647745094819463e-36,1.0990011973578111e-10,3.99678810034448e-27,0.0,0.9999976575428996
203897,Zach LaVine,2,7.678724359638207e-19,0.0402777854658058,0.7442310762924073,3.181425069128967e-15,0.2154911382417826,1.7120333416905534e-44,0.0,0.7442310762924073
203903,Jordan Clarkson,4,3.4720312118759746e-08,1.7527320825075338e-06,3.607443162125472e-07,7.369593193543627e-11,0.999997851729594,9.288562936771125e-28,0.0,0.999997851729594
203914,Gary Harris,3,1.3616195017154545e-15,3.459102537747373e-28,1.7837888387870436e-22,0.9999956310557744,4.36334850886753e-06,5.595715910215556e-09,0.0,0.9999956310557744
203924,Jerami Grant,4,2.1662898074181595e-07,7.178944753543298e-07,2.1361187737338101e-07,3.406476881508311e-06,0.9999954453877838,3.92663626104041e-16,0.0,0.9999954453877838
203932,Aaron Gordon,0,0.9980137924377058,3.433754279643845e-20,1.0241548278656772e-06,2.1987543689719873e-15,0.0019851834074624,2.9930016353563427e-16,0.0,0.9980137924377058
203935,Marcus Smart,3,0.0027857496858877,9.22951796820054e-12,1.0896682077197467e-09,0.8321081288807585,0.1651061095934552,1.0741000847591248e-08,0.0,0.8321081288807585
203937,Kyle Anderson,0,0.9999999999499316,1.0047253447532318e-33,5.007002600667996e-11,5.5427864926783326e-129,1.1124250405104793e-21,2.6910614453618284e-17,0.0,0.9999999999499316
203939,Dwight Powell,6,9.739154030336808e-12,9.275674251948834e-70,5.373747801444315e-37,1.0865154379176077e-18,5.39769362682579e-22,6.201057932004641e-09,0.9999999937892028,0.9999999937892028
203944,Julius Randle,2,0.0036755990633973,3.6105529364274144e-12,0.9807078355583964,2.8100686449906592e-14,0.0156165653745689,2.4398796696519793e-30,0.0,0.9807078355583964
203952,Andrew Wiggins,4,3.3583039416349626e-05,2.0106948797554755e-09,9.39369136042959e-09,0.00089646712819,0.9990699384278586,1.4922451160074337e-13,0.0,0.9990699384278586
203954,Joel Embiid,0,0.999999999997204,7.134638997107457e-69,2.794535280871113e-12,3.5673485022362635e-173,3.9732723919204664e-30,2.5846515737985605e-30,0.0,0.999999999997204
203991,Clint Capela,6,8.998007242368635e-15,5.9631602825e-313,1.0590165102756698e-71,0.0,2.7742138464651247e-227,2.1428656508501903e-93,0.9999999999999912,0.9999999999999912
203994,Jusuf Nurkić,0,0.9982832745398827,5.7513371726404096e-83,3.378265822507042e-22,2.074385982188702e-76,2.3604856342165368e-18,0.0017167254601162,0.0,0.9982832745398827
203999,Nikola Jokić,0,0.9999999997830926,2.735586797837627e-43,2.1689155330457788e-10,1.6640394101820381e-57,1.0911011169009391e-14,5.987035248337016e-15,0.0,0.9999999997830926
204001,Kristaps Porziņģis,4,0.0296868297908829,4.0390788622628515e-48,3.943560174735709e-11,3.803191484332576e-05,0.9702751124682284,2.578660889569111e-08,0.0,0.9702751124682284
204456,T.J. McConnell,2,3.778225047620005e-05,7.272562950246252e-09,0.9999622104767382,1.221724065597138e-66,2.227209956642035e-13,9.15027152980675e-47,0.0,0.9999622104767382
1626145,Tyus Jones,4,0.0002516455370805,0.0001172529978206,7.121719585762449e-06,4.320508683127357e-06,0.9996196592368298,4.48663122162284e-16,0.0,0.9996196592368298
1626157,Karl-Anthony Towns,0,0.9522249019968856,3.856957252454488e-35,2.5648032106357533e-09,3.2446949222169367e-10,0.0477499015405585,2.5193573283304645e-05,0.0,0.9522249019968856
1626162,Kelly Oubre Jr.,4,0.0002211733359534,1.5972883675400524e-13,1.5486247974156875e-10,7.181905347318666e-07,0.9997740899865828,4.0183319055026795e-06,0.0,0.9997740899865828
1626164,Devin Booker,2,2.714619699829728e-21,4.557782422814232e-14,0.9999999999999538,1.673567430200165e-49,5.273893603604816e-19,2.4200414353756232e-122,0.0,0.9999999999999538
1626167,Myles Turner,5,9.46010672058295e-08,1.719128535433983e-76,3.545025153779781e-28,2.9262454943463804e-15,3.0630478405758657e-07,0.9999995990941444,0.0,0.9999995990941444
1626171,Bobby Portis,0,0.999997129080988,5.7628626430199205e-62,4.678300762825024e-16,4.06690175875314e-40,1.3187906200217182e-06,1.5521283920286335e-06,0.0,0.999997129080988
1626181,Norman Powell,4,7.204508323046858e-16,3.698274426877463e-06,0.0029827478741894,5.240641424595573e-17,0.997013553851384,2.6556722796738243e-53,0.0,0.997013553851384
1626220,Royce O'Neale,3,8.927618151894209e-16,3.902732466258868e-15,2.6726714706932014e-19,0.9999997984782272,1.1770745835989967e-07,8.381430918518309e-08,0.0,0.9999997984782272
1627734,Domantas Sabonis,6,3.94619684928321e-07,1.1171554331695637e-101,6.397977710270427e-28,6.665044356653978e-137,8.343147906913389e-33,3.957869643980043e-13,0.999999605379919,0.999999605379919
1627739,Kris Dunn,3,0.0234815989696076,8.13949372107838e-06,7.784593521040808e-11,0.9734308486754312,0.0030791223100828,2.9047331136408745e-07,0.0,0.9734308486754312
1627741,Buddy Hield,3,1.1428472886477048e-16,1.607355180623007e-11,7.273920183057832e-16,0.9998808505873814,0.0001191493959749,5.689494011358682e-13,0.0,0.9998808505873814
1627742,Brandon Ingram,2,1.6382092326969957e-12,1.1198076701223544e-14,0.9999999363882444,4.809777974138641e-42,6.361010443360165e-08,6.076528855590291e-79,0.0,0.9999999363882444
1627747,Caris LeVert,1,1.6871037962048202e-13,0.9999995608876432,2.406177164028346e-07,2.8028394760278633e-08,1.7046607684788953e-07,8.090432435028268e-30,0.0,0.9999995608876432
1627750,Jamal Murray,2,1.2659264004078102e-16,1.8342944588971517e-07,0.9999998165154044,8.75029692625351e-24,5.5149230864166455e-11,3.8572529946859014e-73,0.0,0.9999998165154044
1627751,Jakob Poeltl,6,5.3323879682137885e-14,7.532545416374005e-295,7.187016122842429e-64,0.0,1.308917996685865e-219,5.626853530816831e-89,0.9999999999999468,0.9999999999999468
1627752,Taurean Prince,4,8.220344638685839e-14,2.8176992116444687e-15,1.215790299570155e-13,0.106355103925619,0.8936448960741756,2.001557878047416e-17,0.0,0.8936448960741756
1627759,Jaylen Brown,2,4.148799186908882e-17,1.9085351749302817e-12,0.9999999999897592,8.086575546540706e-41,8.332125577357832e-12,2.6788589384503294e-98,0.0,0.9999999999897592
1627780,Gary Payton II,5,7.71194868459599e-07,6.628174556773364e-51,6.116524255588378e-24,5.700811776235646e-06,2.245509132172469e-07,0.9999933034424416,0.0,0.9999933034424416
1627783,Pascal Siakam,2,0.0342383179482649,4.951557618899866e-17,0.6144612741995009,1.0246368830301055e-19,0.3513004078522354,5.432723575301379e-28,0.0,0.6144612741995009
1627824,Guerschon Yabusele,5,7.54011708502608e-08,9.301621185303367e-77,7.001943713355978e-23,3.422751347002939e-06,2.3916248727751204e-06,0.9999941102226092,0.0,0.9999941102226092
1627826,Ivica Zubac,6,5.48204025530805e-10,9.6492068176e-313,3.0083288238945374e-60,0.0,1.5260822311378569e-218,7.018822451552275e-89,0.9999999994517969,0.9999999994517969
1627827,Dorian Finney-Smith,5,4.2485595133605756e-12,1.5812793365895277e-50,1.0624319924434814e-34,0.0014380635087081,7.221990476386093e-12,0.9985619364798218,0.0,0.9985619364798218
1627884,Derrick Jones Jr.,5,1.1800916150024834e-06,1.1584714287716687e-40,7.650963030624851e-24,1.4877485825652964e-07,9.561650061495947e-06,0.9999891094834654,0.0,0.9999891094834654
1627936,Alex Caruso,3,5.438114631729153e-10,8.402733688134884e-16,2.0226318530551877e-13,0.9990268074859336,0.0008007573016219,0.0001724346684295,0.0,0.9990268074859336
1628366,Lonzo Ball,3,2.128208151956347e-13,1.671974886486837e-08,2.177592112169959e-20,0.9999999688502048,8.234395593152752e-11,1.4347488068156631e-08,0.0,0.9999999688502048
1628368,De'Aaron Fox,1,1.2239265323432256e-11,0.841237304681929,0.1587623441299279,2.7044265098190637e-19,3.5117590323951197e-07,1.1175288032862476e-50,0.0,0.841237304681929
1628369,Jayson Tatum,2,2.970993465893383e-20,7.160864879715701e-10,0.9999999463878644,4.9760809798972634e-27,5.2896049430990466e-08,1.0406757166949477e-66,0.0,0.9999999463878644
1628370,Malik Monk,1,2.907002413706393e-18,0.886409540833219,0.1135425012396321,3.8450267841581274e-14,4.79579271102204e-05,5.74906962568877e-57,0.0,0.886409540833219
1628371,Jonathan Isaac,6,3.388833703498623e-12,1.2488663716314424e-64,5.15055833777899e-34,1.0686859708625703e-26,5.809317551617573e-17,0.0005923826818818,0.999407617314729,0.999407617314729
1628374,Lauri Markkanen,4,1.599151847356312e-05,2.042349340247161e-40,1.4780754574033213e-11,1.2519814312332943e-09,0.9999840072098348,4.930930403842168e-12,0.0,0.9999840072098348
1628378,Donovan Mitchell,2,3.7387952419182904e-15,0.0002622699573635,0.9997377236433168,6.390752671297024e-25,6.399316720326945e-09,4.394858329075233e-77,0.0,0.9997377236433168
1628379,Luke Kennard,3,1.8888968338201073e-11,1.7351553520864138e-07,6.14059216021906e-13,0.998326095250332,0.0016737312146289,3.199891100403207e-17,0.0,0.998326095250332
1628381,John Collins,5,0.0011685160236362,3.846124604353652e-51,1.0997551084574692e-18,1.0806094680973119e-10,0.0001298402066416,0.9987016436616608,0.0,0.9987016436616608
1628384,OG Anunoby,3,8.914241913979302e-08,2.5902237333923964e-15,1.0446957049940989e-11,0.5824508531957945,0.4175490465493277,1.1102009375272642e-08,0.0,0.5824508531957945
1628386,Jarrett Allen,6,7.237858961629047e-10,6.566394414254221e-258,1.593366630941589e-51,0.0,6.455744549383472e-178,4.704156395960297e-72,0.9999999992762144,0.9999999992762144
1628389,Bam Adebayo,4,0.3300562046804642,1.1542594896188121e-34,6.069770058798248e-08,2.448129638716977e-18,0.6699437346214687,3.659405912484429e-13,0.0,0.6699437346214687
1628392,Isaiah Hartenstein,6,3.675183068521365e-12,6.7237686851026805e-261,3.5721796561528023e-57,0.0,8.150158991704835e-184,5.619470706943669e-75,0.9999999999963248,0.9999999999963248
1628398,Kyle Kuzma,4,0.0001981922923702,1.4317252484974649e-15,2.797984329592062e-07,1.8389273601295624e-06,0.9997989809095836,7.080722515362213e-07,0.0,0.9997989809095836
1628401,Derrick White,1,8.230025743626929e-10,0.8897635699910479,0.0789683757823566,5.801535332646783e-07,0.0312674732500584,2.682224975633192e-38,0.0,0.8897635699910479
1628404,Josh Hart,4,0.0196836392253791,8.794430911841014e-11,4.4655539924795775e-08,0.0591384962145923,0.9211776628807052,1.5693583986308385e-07,0.0,0.9211776628807052
1628415,Dillon Brooks,2,1.8477038493107308e-16,3.288157552619407e-24,0.9993971874443566,4.1708121202793323e-38,0.000602812555645,1.4377151653088893e-142,0.0,0.9993971874443566
1628418,Thomas Bryant,5,6.70306105569472e-13,6.507836912971539e-89,1.4241333258996355e-32,7.664026235258978e-21,1.5508263373190315e-14,0.9999999999993144,0.0,0.9999999999993144
1628436,Luke Kornet,6,4.539695665021805e-20,4.64437e-319,2.846413368281338e-83,0.0,6.1527734095964e-234,5.263769061856009e-93,1.0,1.0
1628960,Grayson Allen,1,2.4104440309860405e-15,0.9998690297879932,4.471800392026459e-07,0.0001236848334228,6.838198541927403e-06,2.5508343355735733e-32,0.0,0.9998690297879932
1628963,Marvin Bagley III,0,1.0,2.030850492866231e-54,1.2098844853638617e-18,9.448750049967449e-60,7.592180098891032e-18,4.526175577377361e-16,0.0,1.0
1628969,Mikal Bridges,4,3.0747935396170094e-06,1.3654680015434072e-15,6.830580084948298e-09,8.723957899404864e-10,0.9999969174907808,1.2704144726320724e-11,0.0,0.9999969174907808
1628970,Miles Bridges,4,2.695021107861453e-05,7.040414895219025e-17,0.0003110296737353,2.6705531907369685e-08,0.999661993409652,1.842152447614025e-15,0.0,0.999661993409652
1628971,Bruce Brown,4,0.0995217655618952,0.0019870894708884,1.886516126529898e-07,0.0002188947316681,0.8982719850806207,7.650331526950543e-08,0.0,0.8982719850806207
1628973,Jalen Brunson,2,4.566389885053554e-14,2.0770413697463492e-05,0.9999790280730806,1.1496073924059721e-20,2.015131755392006e-07,2.7790288135874236e-68,0.0,0.9999790280730806
1628975,Jevon Carter,1,5.027161121340775e-11,0.8478686716714542,3.332712792538939e-07,0.1462712582051801,0.0058597368018148,5.634448026921424e-27,0.0,0.8478686716714542
1628976,Wendell Carter Jr.,6,1.2022749375577235e-09,6.434008507110666e-90,5.258458727814562e-31,1.2218857047194445e-65,2.4149352977149917e-19,2.078524142556717e-05,0.9999792135563,0.9999792135563
1628978,Donte DiVincenzo,3,3.2166612433480944e-17,3.3637133122838485e-11,2.569535089945563e-16,0.9999484041280676,5.159583734338919e-05,9.517580305131104e-13,0.0,0.9999484041280676
1628983,Shai Gilgeous-Alexander,2,1.4611534015270185e-17,1.112784046255376e-27,1.0,4.9012421983325625e-126,2.410977720196804e-30,1.0705887535543192e-131,0.0,1.0
1628988,Aaron Holiday,1,1.157923145874722e-07,0.768664160353318,7.629201852340157e-10,0.1915204709778616,0.0398152521135843,5.7486212195847356e-18,0.0,0.768664160353318
1628989,Kevin Huerter,4,1.3975654093946305e-11,3.8281549455634865e-09,7.129204008302216e-11,0.2101559069151134,0.7898440840328149,5.138648207133476e-09,0.0,0.7898440840328149
1628991,Jaren Jackson Jr.,4,0.0264370515905718,4.445541317369536e-36,1.187092067819235e-06,6.048048996874194e-17,0.973561761317361,8.411198931304506e-18,0.0,0.973561761317361
1628997,Caleb Martin,0,0.9999999732295248,6.717560258620476e-13,2.6763896752258405e-08,8.805239464517006e-80,5.7002033659300355e-12,2.0709589576817097e-13,0.0,0.9999999732295248
1629001,De'Anthony Melton,1,7.675663939146195e-13,0.9997681510757922,5.563509616857509e-06,2.160486891602018e-07,0.0002260693651347,9.98774719005238e-23,0.0,0.9997681510757922
1629004,Svi Mykhailiuk,3,4.0170703104135515e-14,2.926971319227167e-09,1.921625507820668e-14,0.998270501928704,0.0017294951442653,5.894144083794986e-17,0.0,0.998270501928704
1629006,Josh Okogie,5,6.112110090435913e-10,2.1419199654592744e-33,7.72931190794725e-32,0.0002256348648823,1.7761352059746507e-09,0.9997743627477712,1.1408272695277456e-15,0.9997743627477712
1629008,Michael Porter Jr.,4,2.2283689894059476e-10,2.3717917938232087e-19,2.6871834300569523e-08,4.481690278112253e-13,0.9999999729048812,1.5934777087990754e-26,0.0,0.9999999729048812
1629011,Mitchell Robinson,6,4.423024775896725e-22,0.0,2.639163733897811e-86,0.0,2.461770214636382e-236,5.2881914706554895e-96,1.0,1.0
1629012,Collin Sexton,1,2.072184110697152e-11,0.9997912315777786,0.000207129900442,1.842020022285964e-15,1.6385010549016122e-06,1.415937408601353e-33,0.0,0.9997912315777786
1629013,Landry Shamet,3,3.5664605960284394e-14,2.565755555942246e-20,9.908877548881792e-17,0.9930565309023728,0.0069434690975796,1.1355379705861592e-14,0.0,0.9930565309023728
1629014,Anfernee Simons,2,5.381904600021614e-12,0.0002279494118218,0.9590772531471654,1.3739144984063339e-12,0.0406947974342558,4.006560237860078e-63,0.0,0.9590772531471654
1629018,Gary Trent Jr.,4,7.401207264803319e-17,3.2650115382642662e-24,2.830432854938022e-17,4.529482697132781e-09,0.9999999954705174,4.1298323023653914e-45,0.0,0.9999999954705174
1629020,Jarred Vanderbilt,5,1.1856267072308044e-07,6.541945936806916e-32,1.2894181479492176e-27,9.062298586871096e-07,4.0780961130037647e-08,0.9999989344257464,7.644795625014986e-13,0.9999989344257464
1629023,P.J. Washington,4,0.0166946944270069,4.3027181784437744e-27,1.5684702191460372e-10,7.751355900057754e-07,0.977433957544317,0.0058705727362377,0.0,0.977433957544317
1629026,Kenrich Williams,4,0.0020689117558473,2.2649165553011452e-08,2.5558767137632033e-09,0.0522632138878608,0.9456678490689217,8.232776792106309e-11,0.0,0.9456678490689217
1629028,Deandre Ayton,6,6.439153234240475e-12,6.91928606e-316,7.288937096750482e-63,0.0,3.289134124415788e-219,5.6289757004339034e-89,0.9999999999935608,0.9999999999935608
1629029,Luka Dončić,2,4.3395886920534347e-17,5.2144409351433796e-11,0.9999999999444338,9.294284587340746e-28,3.421165647424281e-12,6.141630182636582e-104,0.0,0.9999999999444338
1629048,Goga Bitadze,6,1.3563037175186493e-18,5.6721775231346056e-145,2.7682225381822e-60,8.675988675193615e-168,8.849862418377339e-57,1.2229854625004764e-24,1.0,1.0
1629057,Robert Williams III,6,2.74552756729344e-18,3.1102581215404044e-97,1.183282536726713e-52,9.793332297788934e-66,2.191460218803318e-37,1.200276806283805e-13,0.9999999999998792,0.9999999999998792
1629060,Rui Hachimura,4,5.09214254839616e-05,3.6647733350009825e-39,1.1053108056298729e-13,2.137087011240267e-12,0.9999490785722696,3.550205294793353e-17,0.0,0.9999490785722696
1629111,Jock Landale,6,7.127800179347926e-11,4.97143297192008e-88,3.3387951571142916e-36,6.242804759307644e-28,5.929729121430502e-20,0.0001602317193991,0.9998397682093242,0.9998397682093242
1629130,Duncan Robinson,3,1.5162683005727125e-18,1.709891248877093e-25,1.411007332838857e-20,0.9996105663398432,0.0003894336601543,3.95982700972532e-15,0.0,0.9996105663398432
1629216,Gabe Vincent,3,6.874126628690268e-15,0.0016686063665673,1.5568294988161736e-09,0.9512373817550072,0.0470940103215902,4.156873414199292e-22,0.0,0.9512373817550072
1629234,Drew Eubanks,6,1.3401530053040534e-08,1.488789074452127e-231,1.0954852023745629e-45,0.0,3.7541617229035843e-149,1.718710104669473e-58,0.9999999865984696,0.9999999865984696
1629611,Terance Mann,1,4.093108804703103e-07,0.9999741633866612,1.0418202823428206e-09,9.822612079030111e-06,1.5603648558084292e-05,4.514382260620215e-17,0.0,0.9999741633866612
1629614,Andrew Nembhard,1,3.793741630547661e-16,0.999991427885965,8.462896776077208e-06,3.235649684661394e-11,1.0918490292612353e-07,2.0807299269592756e-41,0.0,0.999991427885965
1629618,Jalen Pickett,1,8.763780233173938e-12,0.9999997280508822,8.486559492867354e-08,2.3255962962822197e-15,1.8707475612857882e-07,1.1548463403741421e-24,0.0,0.9999997280508822
1629627,Zion Williamson,0,1.0,9.993459766216211e-228,2.694443027529322e-26,0.0,3.387583388740732e-200,1.1144033509346608e-107,0.0,1.0
1629628,RJ Barrett,4,1.503774105762689e-06,1.1902092067594069e-07,1.3822841357411496e-05,3.72709295054992e-06,0.999980827270002,6.642214201845023e-13,0.0,0.999980827270002
1629630,Ja Morant,2,8.546365515050893e-18,7.604678056437791e-07,0.9999992395321882,9.661541681662798e-34,5.48483356022605e-15,1.2262806730585069e-71,0.0,0.9999992395321882
1629631,De'Andre Hunter,4,2.198363450513696e-11,9.486417148850548e-07,1.0841580337876551e-06,5.5806293990115375e-08,0.9999979113719736,5.779634942145501e-26,0.0,0.9999979113719736
1629632,Coby White,1,1.0974166984144351e-16,0.9999992810345112,7.009068078740931e-07,7.014193249566682e-12,1.8051667104572423e-08,1.5517531103210765e-43,0.0,0.9999992810345112
1629636,Darius Garland,1,1.4670806527386421e-15,0.9566745840871784,0.0433254157336708,4.1926190645469484e-18,1.7914987488140826e-10,2.9015077952026244e-60,0.0,0.9566745840871784
1629637,Jaxson Hayes,6,6.079393180176789e-15,4.39965887e-316,5.901491997762202e-70,0.0,2.1018279086424e-223,3.7278636767485015e-91,0.9999999999999938,0.9999999999999938
1629638,Nickeil Alexander-Walker,1,8.710151881037477e-13,0.547357883743859,0.0052600321152183,3.7983447741606986e-05,0.4473441006923104,1.9597047438765593e-28,0.0,0.547357883743859
1629639,Tyler Herro,2,7.718989467437e-15,0.0238152235777238,0.5019483578598903,7.110514185050013e-18,0.4742364185623764,4.92818576655604e-52,0.0,0.5019483578598903
1629640,Keldon Johnson,4,1.4328627407751836e-08,3.0477748228692764e-20,1.0823060754596663e-09,8.015301490820916e-08,0.9999999018061642,2.629886482845681e-09,0.0,0.9999999018061642
1629645,Kevin Porter Jr.,1,6.341534164605347e-10,0.9993846872604436,0.0006153104312043,1.6684674549289432e-13,1.674031000082639e-09,5.9912809920570376e-43,0.0,0.9993846872604436
1629651,Nic Claxton,0,1.0,2.3600894419140039e-125,6.2033009249856e-23,0.0,3.207339029126511e-89,4.1263085477187453e-41,0.0,1.0
1629652,Luguentz Dort,3,2.4345205820747655e-09,1.2641019559695187e-24,8.684991540683731e-23,0.9973502004559446,0.0026495604377311,2.3667180385300714e-07,0.0,0.9973502004559446
1629655,Daniel Gafford,6,4.4075837095033646e-15,1.516928744938524e-309,3.531713548467607e-64,0.0,8.479929772283379e-221,6.104128778649142e-90,0.9999999999999956,0.9999999999999956
1629656,Quentin Grimes,1,9.966787584924208e-12,0.9826445582936846,5.146769301149234e-08,0.0119152759671151,0.0054401142615409,9.949863076890976e-20,0.0,0.9826445582936846
1629661,Cameron Johnson,3,1.7029659271049647e-10,3.6591270108596625e-10,4.0299660889893094e-12,0.8404722417905247,0.1595277576598479,9.387145958681354e-12,0.0,0.8404722417905247
1629673,Jordan Poole,1,6.996911251370064e-22,0.9999728392814158,2.659661738591884e-05,2.254945196400748e-09,5.618462521647474e-07,5.5915434920263996e-46,0.0,0.9999728392814158
1629674,Neemias Queta,6,6.503061308293047e-14,1.0718698689183247e-193,6.9227745552762745e-53,0.0,6.7102300306661e-111,1.2707406747205231e-46,0.9999999999999352,0.9999999999999352
1629675,Naz Reid,4,2.0891364189067416e-05,3.2868354626788312e-37,2.4867962160315267e-10,1.0933856049814684e-05,0.9999623479105598,5.826620522476869e-06,0.0,0.9999623479105598
1629684,Grant Williams,5,7.426933838589218e-08,1.3318534782595502e-51,2.3642006221781615e-25,0.1305987879529667,8.404760085356585e-07,0.8694002973016866,0.0,0.8694002973016866
1629723,John Konchar,3,3.523933230971789e-10,5.5410578758659346e-36,3.526313604977425e-34,0.9793845998390776,7.496405095177909e-14,0.0206153998084557,0.0,0.9793845998390776
1629731,Dean Wade,5,1.859638052675721e-13,2.8351189321157493e-53,4.393164901953128e-37,0.000876161707443,2.4608200748487305e-14,0.9991238382923474,0.0,0.9991238382923474
1629750,Javonte Green,5,3.906782184029474e-10,1.7808637727838254e-42,3.7882527822653186e-30,4.35584665846326e-05,6.636701941584568e-08,0.9999563747757182,0.0,0.9999563747757182
1630162,Anthony Edwards,2,7.618322518909766e-14,8.918271884282694e-10,0.999999399055356,3.9243559422077795e-23,6.000527410342432e-07,4.758848132918134e-88,0.0,0.999999399055356
1630163,LaMelo Ball,2,1.24845215120388e-13,0.0469726707915594,0.9530257997677052,1.2569123445893296e-14,1.5294405986027694e-06,2.5233621240943244e-58,0.0,0.9530257997677052
1630166,Deni Avdija,1,3.6584713158543053e-13,0.9999259613692038,7.400623353767804e-05,9.307689867515571e-12,3.2387584720125665e-08,6.8372598094794205e-31,0.0,0.9999259613692038
1630168,Onyeka Okongwu,5,2.400848601381299e-05,2.644844298555229e-58,1.6698784096211244e-20,8.215835182848739e-08,3.2430626588595076e-05,0.999943478729046,0.0,0.999943478729046
1630170,Devin Vassell,4,7.349405605700498e-13,1.1364521585900992e-10,5.611521696011199e-13,1.166803324831168e-07,0.9999998832047258,6.183417317153052e-26,0.0,0.9999998832047258
1630171,Isaac Okoro,3,2.0526401465204347e-13,1.1157874819616503e-23,5.580612924279241e-21,0.99319266672966,5.883368841364114e-07,0.0068067449332506,0.0,0.99319266672966
1630172,Patrick Williams,3,6.23643273834464e-08,1.6372811882147477e-15,7.596114800609383e-12,0.9089275414708232,0.0910713657084682,1.0304487828941062e-06,0.0,0.9089275414708232
1630173,Precious Achiuwa,0,0.9999999999999218,4.101652635096723e-68,1.2433002010321286e-28,1.8159634656574567e-31,5.433853644901632e-20,7.926554687612671e-14,0.0,0.9999999999999218
1630174,Aaron Nesmith,4,1.4488456061311862e-09,2.437801117989567e-18,8.59380578414952e-10,3.0008540546393445e-05,0.9999699891512158,1.0844005413936827e-14,0.0,0.9999699891512158
1630175,Cole Anthony,1,5.299620644835504e-07,0.9951047228341589,0.0048947378741858,1.3435626525903684e-14,9.32957699452064e-09,3.138330988492827e-48,0.0,0.9951047228341589
1630178,Tyrese Maxey,2,9.673904780475663e-16,0.0001437445289173,0.9998458406576228,1.2500202512213072e-17,1.0414813459282665e-05,3.630032610294607e-52,0.0,0.9998458406576228
1630180,Saddiq Bey,4,4.849670057993809e-05,9.12456580500417e-25,1.1354980516634716e-06,6.886981426811208e-10,0.999950367112671,2.5221068335177633e-18,0.0,0.999950367112671
1630182,Josh Green,3,3.0076423109513233e-19,4.3391870980918366e-41,2.7525284601431218e-40,0.8835294042606247,6.124555532315479e-14,0.116470595739315,0.0,0.8835294042606247
1630183,Jaden McDaniels,4,4.5689935324355666e-08,3.865953068649715e-07,3.52196856390367e-08,1.754242997497911e-07,0.9999993570707726,1.2685783316677044e-22,0.0,0.9999993570707726
1630188,Jalen Smith,5,1.8315338229291052e-08,1.0864060299914326e-71,1.504701368029614e-28,1.8200992939500787e-09,1.0664042428844732e-08,0.99999996920052,0.0,0.99999996920052
1630191,Isaiah Stewart,5,4.443714449522147e-12,1.1508723612484818e-69,8.322979106409633e-26,1.973500848904938e-07,1.1138245024942915e-10,0.9999998025340896,0.0,0.9999998025340896
1630192,Zeke Nnaji,6,1.0150736605818244e-11,5.890941606608671e-83,2.1535981112589937e-35,6.039020735927811e-29,1.8476252077396037e-17,7.318030669330567e-05,0.9999268196831556,0.9999268196831556
1630193,Immanuel Quickley,1,2.4292565802708363e-14,0.999999494475693,1.4750088556160086e-08,8.275247631537569e-08,4.080217185062799e-07,1.9544655148829292e-32,0.0,0.999999494475693
1630194,Paul Reed,6,3.928055729943409e-07,1.1638198610771188e-92,9.018270238241287e-29,2.628783779733885e-138,5.587917646414905e-31,3.887145804969643e-12,0.9999996071905394,0.9999996071905394
1630198,Isaiah Joe,3,1.975571225398619e-17,2.242373838301327e-34,8.202499219192685e-26,0.9999967326195556,3.2673799655306233e-06,4.804722710711028e-13,0.0,0.9999967326195556
1630200,Tre Jones,1,1.0405495980571762e-10,0.9999908876567758,8.926734032236399e-06,1.2423745858157398e-14,1.855051242684195e-07,4.839302377171299e-26,0.0,0.9999908876567758
1630202,Payton Pritchard,1,2.460874053856349e-14,0.9999222772690548,7.697976256395103e-05,1.1619572454597314e-11,7.42956736362575e-07,1.2141453167476976e-47,0.0,0.9999222772690548
1630208,Nick Richards,6,2.424984273953939e-15,5.4548859757175334e-114,8.445645099206304e-49,4.5494820724072443e-154,1.7684314391990904e-48,3.11614356742623e-20,0.9999999999999982,0.9999999999999982
1630217,Desmond Bane,1,5.084762313234986e-10,0.8652601408083536,0.079179325917605,3.90939310342798e-11,0.0555605327264717,3.7902853031964447e-35,0.0,0.8652601408083536
1630224,Jalen Green,2,2.334984726121761e-19,1.510529450361832e-05,0.9999848467584408,7.287372452362749e-26,4.7947056268489966e-08,4.449817089720447e-88,0.0,0.9999848467584408
1630228,Jonathan Kuminga,4,0.1660193999109675,3.427532775988202e-09,8.31263692363654e-05,1.4074421216230213e-07,0.8338973295480512,2.9166033047670606e-16,0.0,0.8338973295480512
1630230,Naji Marshall,4,0.007753521864057,7.373854324146645e-06,0.0047429483527788,3.0491594092113005e-14,0.9874961559288096,2.5534745303339557e-19,0.0,0.9874961559288096
1630241,Sam Merrill,3,6.224419684008302e-15,9.46728302160004e-32,1.82313297695704e-21,0.9999993454205384,6.545625931023474e-07,1.6861608435442807e-11,0.0,0.9999993454205384
1630245,Ayo Dosunmu,1,1.7602398808553174e-07,0.9300572473230668,1.2861274533779495e-06,0.0028313934507175,0.0671098970747449,2.9158144607067933e-14,0.0,0.9300572473230668
1630249,Vít Krejčí,3,1.2243063841457416e-15,7.303729718172263e-21,5.5104285687001216e-17,0.99884770022953,0.0011522997690984,1.3701599692555149e-12,0.0,0.99884770022953
1630264,Anthony Gill,6,8.437268404173647e-07,4.820656739975425e-69,1.3789804922882739e-25,3.2401554293786542e-24,2.3587684671602334e-11,0.0027287012471219,0.9972704550024496,0.9972704550024496
1630311,Pat Spencer,1,3.1587988964556776e-07,0.9993530314435964,0.0005868792605848,4.2951602696124206e-08,5.9730464327249514e-05,1.0777080105486668e-27,0.0,0.9993530314435964
1630314,Brandon Williams,1,1.13932353610761e-11,0.9812321197586042,0.0187677686301313,3.368476351789511e-15,1.115998680789159e-07,2.0118918933745446e-39,0.0,0.9812321197586042
1630529,Herbert Jones,4,3.0411671721280707e-06,9.404991494421388e-07,2.6142560562309133e-09,0.0042121890574437,0.9957834567984948,3.698634838684067e-07,0.0,0.9957834567984948
1630530,Trey Murphy III,4,6.99380621237147e-11,0.0006812995118722,0.0001660921307303,1.7142322288417534e-05,0.99913546596517,3.787301528627269e-28,0.0,0.99913546596517
1630532,Franz Wagner,2,0.0013433431026091,4.7846813031783236e-11,0.9688607114200828,8.7712185862865e-20,0.0297959454294619,7.002259112304522e-30,0.0,0.9688607114200828
1630533,Ziaire Williams,4,3.1144453779123847e-12,1.081848588196041e-21,1.0123058474397404e-17,0.0196865122883481,0.9803134711645834,1.6543954261015232e-08,0.0,0.9803134711645834
1630534,Ochai Agbaji,3,4.9222660251616134e-08,7.165565040755609e-20,4.047642466783188e-21,0.9605125756674407,0.0006589909919266,0.0388283841179736,0.0,0.9605125756674407
1630536,Sharife Cooper,1,1.2242335698424655e-10,0.9999805238622652,1.9470931767041275e-05,1.1340070173496569e-10,4.970143154135867e-09,7.948199729010211e-35,0.0,0.9999805238622652
1630538,Bones Hyland,1,1.3470252505026799e-12,0.9990112846620623,1.3102783247135248e-05,0.0006853686690397,0.0002902438843044,5.770448294592241e-26,0.0,0.9990112846620623
1630540,Miles McBride,1,3.081923732825353e-12,0.6427939374592478,8.78792599765733e-08,0.3138251416771159,0.0433808329812958,7.35010916732768e-29,0.0,0.6427939374592478
1630541,Moses Moody,4,3.8164520681275126e-14,1.3319997038387953e-14,1.5270104615378295e-17,0.1649900690951688,0.8350099309043458,4.3417603073561524e-13,0.0,0.8350099309043458
1630543,Isaiah Jackson,6,2.522175519426474e-13,1.0132155684623884e-293,1.5208978145703188e-61,0.0,5.287547125710753e-217,1.547875023003214e-87,0.9999999999997478,0.9999999999997478
1630544,Tre Mann,1,2.702462381061918e-12,0.994954730846462,0.0050446614370903,2.198236841065912e-12,6.077115462627337e-07,1.2774449791223187e-54,0.0,0.994954730846462
1630545,Terrence Shannon Jr.,1,4.7335829883182877e-11,0.9999095152658072,3.6130741755430296e-06,5.921023185530127e-13,8.687161208959667e-05,1.8171748191105782e-28,0.0,0.9999095152658072
1630549,Day'Ron Sharpe,5,8.233616671905633e-05,7.861965611768115e-63,3.7212726390123916e-21,2.334320688755037e-36,3.344617734006913e-13,0.9999176638329468,0.0,0.9999176638329468
1630551,Justin Champagnie,5,2.02622009477415e-07,1.5569529873508897e-29,3.221819768066423e-15,0.0008312194506614,0.0015211768707663,0.9976474010565588,0.0,0.9976474010565588
1630552,Jalen Johnson,2,3.577822493113944e-05,7.834580527099854e-08,0.9990925153024728,1.6303003115463473e-18,0.0008716281267915,2.0557278201867548e-23,0.0,0.9990925153024728
1630557,Corey Kispert,4,3.238924396257503e-09,1.126061159894707e-22,1.0793096405069339e-11,0.2814677388189082,0.7185322189725258,3.8958849122161083e-08,0.0,0.7185322189725258
1630558,Davion Mitchell,1,8.71407467373524e-08,0.9988639688387384,5.810330140112139e-11,0.0011344873483642,1.456614046067216e-06,2.793808765678363e-16,0.0,0.9988639688387384
1630559,Austin Reaves,1,6.687771984592636e-12,0.900600672814544,0.0993562375614073,2.8783819122104512e-11,4.308958857806322e-05,1.0093168376763893e-43,0.0,0.900600672814544
1630560,Cam Thomas,2,1.039992749051134e-20,4.498776816452796e-07,0.999999546336319,7.658841963441472e-31,3.785999560262149e-09,2.8626226785931475e-91,0.0,0.999999546336319
1630567,Scottie Barnes,0,0.9999439596039528,2.0234851183147354e-29,5.6040393703758605e-05,4.51580919109481e-84,2.343308152278873e-12,4.8068182047233866e-18,0.0,0.9999439596039528
1630568,Luka Garza,6,6.391742996535118e-12,8.997539000208695e-89,3.492927007880873e-38,3.183977317339237e-38,1.9556380873965904e-23,2.96198566716968e-08,0.9999999703737524,0.9999999703737524
1630570,Trendon Watford,0,0.8774616575288874,3.012556602024682e-17,1.3448891534900222e-05,2.205210730545914e-05,0.1225025328960196,3.085762515173707e-07,0.0,0.8774616575288874
1630572,Sandro Mamukelashvili,5,5.95252105691209e-06,4.749647555481847e-54,7.416255062134013e-22,0.0004311922605019,6.971276995138665e-05,0.9994931424484896,0.0,0.9994931424484896
1630573,Sam Hauser,3,9.958459366707546e-13,2.4731847853080865e-36,1.8976002582175674e-20,0.9930856126741764,0.0069139620567251,4.2526810238852644e-07,0.0,0.9930856126741764
1630577,Julian Champagnie,3,1.5930630291966838e-16,1.0862158611370945e-44,1.5595169838934307e-27,0.9998813500663598,8.175131524060579e-07,0.0001178324204876,0.0,0.9998813500663598
1630578,Alperen Sengun,0,0.9999999989251832,2.4348132855811408e-51,1.074817445516415e-09,8.062237011701245e-124,1.386250793975676e-23,3.4772980672763686e-26,0.0,0.9999999989251832
1630579,Jericho Sims,6,2.5293744910790522e-14,7.021976033018079e-305,9.077181718289597e-66,0.0,8.085733759560549e-223,2.0517388778237347e-90,0.9999999999999752,0.9999999999999752
1630581,Josh Giddey,1,2.438770752066552e-09,0.9999977216366552,2.1241297451133295e-06,4.062176543607447e-09,1.477326519859577e-07,1.2809339706224709e-23,0.0,0.9999977216366552
1630583,Santi Aldama,5,0.0045784939592841,1.2472466783008226e-46,7.664858757865942e-17,2.2959083881054134e-09,0.0178676323600169,0.9775538713847904,0.0,0.9775538713847904
1630591,Jalen Suggs,1,1.121189761896058e-11,0.999992883270002,4.8661909224793296e-08,4.8892492606668e-06,2.178807615651845e-06,2.455079553953788e-28,0.0,0.999992883270002
1630592,Jalen Wilson,4,4.5790648255788356e-08,1.168536989231327e-06,2.6330124968975203e-09,0.0004847459014619,0.999514037111565,2.6322798066518048e-11,0.0,0.999514037111565
1630595,Cade Cunningham,2,2.9023206042832556e-10,1.083849166404835e-05,0.999989161196456,7.198651180013551e-28,2.164785729405542e-11,8.532038696120941e-55,0.0,0.999989161196456
1630596,Evan Mobley,0,0.9655674927878416,3.404097694295621e-30,2.8164297068377448e-08,4.698198296658486e-10,0.0344133052738069,1.9173304234012397e-05,0.0,0.9655674927878416
1630598,Aaron Wiggins,1,7.470597996958778e-10,0.5575097422307351,1.011386630978073e-06,0.0083512343827661,0.4341380112528086,3.105806667829151e-17,0.0,0.5575097422307351
1630611,Gui Santos,3,4.1621716474874725e-11,2.4382243643618782e-14,2.6339494314038535e-14,0.9920945027584032,9.863203149931714e-05,0.0078068651684237,0.0,0.9920945027584032
1630619,Moussa Cisse,6,1.8296098576338411e-16,1.9835127476879398e-307,3.906923787519395e-71,0.0,8.887230217025468e-226,9.796550664693152e-92,1.0,1.0
1630631,Jose Alvarado,1,3.422302445297916e-13,0.9998573258534744,6.959173837214556e-10,0.0001426380626182,3.538764837394324e-08,3.10677302549883e-26,0.0,0.9998573258534744
1630643,Jay Huff,5,2.2899957292394124e-15,5.989964685584655e-72,1.6709449696229283e-27,0.0001152592651492,1.150128479001333e-08,0.9998847292335638,0.0,0.9998847292335638
1630692,Jordan Goodwin,3,2.8924622598037188e-05,2.386212358983235e-10,2.2130490201678778e-13,0.9447450330149976,0.055219142542762,6.899580799724549e-06,0.0,0.9447450330149976
1630696,Dru Smith,3,0.0019879404393771,0.019945662890864,5.463974807085537e-09,0.7644717113702699,0.2135946452832724,3.4552242364642583e-08,0.0,0.7644717113702699
1630700,Dyson Daniels,0,0.9102461712161952,9.699190188972142e-06,1.9511394086201256e-06,5.738599267933436e-06,0.0897364170091591,2.2845780618228233e-08,0.0,0.9102461712161952
1630702,Jaden Hardy,4,2.339613335053856e-10,1.4491851010646742e-06,4.8782310362930535e-08,6.514671069062397e-08,0.9999984366519178,3.5106426995851946e-39,0.0,0.9999984366519178
1630703,Scoot Henderson,1,4.946418528935317e-16,0.9999993109303358,6.872388448296016e-07,4.4028632294272895e-12,1.8264158505694974e-09,6.624594561541844e-39,0.0,0.9999993109303358
1630811,Keaton Wallace,1,8.429050208075059e-18,0.9999999222290435,5.86562448681188e-08,4.369358131214196e-09,1.4745353020272e-08,5.396446082259173e-33,0.0,0.9999999222290435
1631093,Jaden Ivey,3,7.127606364071948e-09,0.0126393038685673,3.679477531575343e-12,0.987198035476516,0.0001626535236295,4.195708603963736e-16,0.0,0.987198035476516
1631094,Paolo Banchero,2,3.807679127486835e-05,1.7006029161241066e-11,0.9995515477026956,2.1885000011505393e-22,0.0004103754890225,9.993808731902925e-30,0.0,0.9995515477026956
1631095,Jabari Smith Jr.,4,7.03495483830441e-06,7.768904025958049e-25,3.9294279948856595e-11,1.341288494398088e-06,0.999991623711189,6.183982350432899e-12,0.0,0.999991623711189
1631096,Chet Holmgren,0,0.6580278506898628,7.224976166398462e-30,5.21014998082456e-08,5.001401115585429e-12,0.341872827993967,9.92692096689213e-05,0.0,0.6580278506898628
1631097,Bennedict Mathurin,2,7.359278311362867e-08,0.000867689894128,0.9532483467623568,1.156149701036742e-24,0.0458838897507322,1.4689365844598443e-34,0.0,0.9532483467623568
1631099,Keegan Murray,4,4.186582232731386e-07,1.35780833262411e-17,6.954484359995573e-05,3.188965031567297e-29,0.9999300364981774,1.4939836442488323e-31,0.0,0.9999300364981774
1631101,Shaedon Sharpe,2,5.068246678789957e-13,4.8529479227666975e-06,0.9999717359711192,1.674336875565798e-22,2.3411080451568635e-05,1.0044633383946417e-81,0.0,0.9999717359711192
1631105,Jalen Duren,0,0.9999272283160652,1.4002242269501864e-257,6.081210862750249e-41,0.0,3.299446609817076e-202,1.095431029378805e-80,7.277168393603493e-05,0.9999272283160652
1631106,Tari Eason,4,0.0007536478127658,8.118953482580025e-13,3.395558616398437e-14,1.3299265609486343e-06,0.9990592885623908,0.0001857336974363,0.0,0.9990592885623908
1631107,Nikola Jović,3,1.1658522151646044e-08,1.2663199178135012e-24,3.7792380643470793e-19,0.9995836898244324,6.23922007326581e-06,0.0004100592969716,0.0,0.9995836898244324
1631108,Max Christie,4,5.898943228449472e-16,0.0001739654250686,5.030605129852465e-06,0.0093563937511503,0.9904646102186516,7.689865086389679e-23,0.0,0.9904646102186516
1631109,Mark Williams,6,9.125570164207305e-16,6.247e-320,6.846431180991981e-71,0.0,8.003679691204252e-225,1.3164272302708968e-91,0.9999999999999992,0.9999999999999992
1631114,Jalen Williams,2,1.6899222196041338e-08,6.747232141137583e-05,0.9999320871442614,4.1682187097708603e-23,4.236351063564558e-07,1.0129746304785637e-52,0.0,0.9999320871442614
1631119,Jaylin Williams,5,4.3685276072522144e-10,1.1868235220616931e-62,7.661162257035963e-26,2.57102957535537e-07,1.0831803706571447e-09,0.9999997413770082,0.0,0.9999997413770082
1631121,Bryce McGowens,4,7.68249173528628e-10,6.120719266697982e-10,8.555487993598581e-09,6.723694870493117e-06,0.9999932661598504,2.0946974669359068e-10,0.0,0.9999932661598504
1631124,Julian Strawther,4,1.427018383110179e-11,5.31063716461248e-05,8.915153677037038e-06,1.9483535554152408e-08,0.9999379589768704,2.1075641760070937e-27,0.0,0.9999379589768704
1631126,Caleb Love,1,6.665449730492854e-11,0.9550208600386076,1.9970683262479263e-05,0.0007706735156904,0.0441884956957834,1.1660126891983792e-30,0.0,0.9550208600386076
1631128,Christian Braun,5,3.209660877973053e-05,3.2443982400734133e-21,8.374532255478959e-18,0.0041378158379753,8.724104754749654e-05,0.995742846505696,0.0,0.995742846505696
1631133,Jabari Walker,5,2.0827726569567708e-09,9.366859208073305e-44,3.9325930829172194e-30,6.110919794978483e-09,1.84523140393497e-08,0.9999999657586264,7.595366264528032e-09,0.9999999657586264
1631157,Ryan Rollins,1,3.392525874562385e-13,0.9999096753300276,9.030082126252078e-05,4.032933347132181e-12,2.38443376483263e-08,2.1590506693888695e-43,0.0,0.9999096753300276
1631159,Leonard Miller,3,3.3339243006114294e-08,1.3467963023776876e-12,2.110840931170515e-16,0.9999232409913682,5.934190117155754e-05,1.7383766869365725e-05,0.0,0.9999232409913682
1631165,Keon Ellis,3,7.139283810910467e-11,9.079644644758572e-15,1.3468817736016793e-21,0.9999992879179228,7.086156433109038e-07,3.3950312974663963e-09,0.0,0.9999992879179228
1631169,Josh Minott,3,3.900181970433565e-13,8.959408033614641e-17,1.1197706902172224e-20,0.9980871109087768,0.0018008792594365,0.0001120098313959,0.0,0.9980871109087768
1631170,Jaime Jaquez Jr.,4,0.3172120679002885,0.0004448893098542,5.849972471911886e-06,8.537251924792197e-05,0.6822518202980881,4.9978376448843485e-14,0.0,0.6822518202980881
1631172,Ousmane Dieng,2,2.6056729517070498e-08,0.3184467705798917,0.679572820545062,3.4395645417647e-09,0.0019803793787519,3.2434542220178227e-41,0.0,0.679572820545062
1631200,Kris Murray,3,1.4258627427395792e-15,7.136417705938472e-28,2.9918120717469296e-27,0.9986075180700384,1.6922666381530207e-08,0.0013924650072924,0.0,0.9986075180700384
1631207,Dalen Terry,3,1.1593898417063032e-09,2.870603583657536e-09,1.2321676993890379e-17,0.9999996598801754,3.347443379730202e-07,1.3454929729028579e-09,0.0,0.9999996598801754
1631212,Peyton Watson,4,0.0009504736135872,0.000934559538901,0.0002253381140239,1.0537253207309429e-11,0.997889628722646,3.052910391849881e-13,0.0,0.997889628722646
1631213,Tyrese Martin,3,2.2741921826954855e-11,0.2845380648820795,7.151420858371471e-10,0.7151085845758498,0.0003533498041851,1.9468756523111496e-15,0.0,0.7151085845758498
1631217,Moussa Diabaté,6,1.073978810387678e-15,3.045282871900425e-298,4.147563737515204e-62,0.0,4.104159500138096e-220,7.369662847853138e-91,0.9999999999999982,0.9999999999999982
1631221,Collin Gillespie,1,3.242607368126901e-14,0.9999925622370848,2.0673071713794914e-07,5.079263810079916e-06,2.1517683546587033e-06,3.159747494785913e-37,0.0,0.9999925622370848
1631222,Jake LaRavia,5,6.536522825301116e-06,1.2431706125689721e-24,2.2485399681394077e-18,0.4794651786728766,0.0001589495818532,0.5203693352224443,0.0,0.5203693352224443
1631230,Dominick Barlow,5,0.0002897127368378,1.0145444266478332e-51,8.268122642347699e-24,5.762929631224817e-53,6.710526277999165e-11,0.9923529777129392,0.0073573094831192,0.9923529777129392
1631243,Mouhamed Gueye,5,4.199319985540641e-10,1.0534098761981329e-52,9.363992457919563e-33,5.29529688799175e-17,6.861955189383142e-13,0.9996189106122044,0.0003810889671764,0.9996189106122044
1631245,Quenton Jackson,1,1.1803922101571762e-10,0.9997835089583909,3.117010592360013e-07,9.38209627718046e-07,0.0002152410128835,6.962123443468444e-17,0.0,0.9997835089583909
1631246,Vince Williams Jr.,1,4.1498200751596054e-08,0.9991474233987538,8.387386028419055e-10,0.0008365035955487,1.603066875853444e-05,5.3084639646764755e-18,0.0,0.9991474233987538
1631248,Baylor Scheierman,3,1.2548588560598582e-11,3.0325982954535733e-16,3.868152919057828e-15,0.9998157714577706,0.000184228529046,6.307928564912743e-13,0.0,0.9998157714577706
1631250,Pete Nance,5,7.477276923261306e-11,2.58939873205302e-61,1.198909144042149e-27,0.0001612067188229,1.806159211822756e-10,0.9998387930257882,0.0,0.9998387930257882
1631255,Karlo Matković,6,1.0859929650434736e-08,6.104578776354975e-65,6.610834806286546e-30,1.0173181522141252e-11,6.057119752662075e-11,0.1210506851328777,0.878949303936449,0.878949303936449
1631260,AJ Green,3,2.9707877267627763e-19,2.1822711328137717e-23,7.213330329452382e-27,0.9999999999475228,1.2300933683785935e-11,4.0177469775451086e-11,0.0,0.9999999999475228
1631321,Sidy Cissoko,3,9.789763378310612e-09,5.638944282501184e-28,9.212623406511524e-24,0.9901275974224644,1.2173407893558036e-07,0.0098722710536933,0.0,0.9901275974224644
1631323,Simone Fontecchio,3,6.830043535247392e-21,1.9400733764612023e-32,3.511342545194744e-31,0.9999999404240718,4.888652649384776e-09,5.468727610046524e-08,0.0,0.9999999404240718
1631342,Daeqwon Plowden,3,1.469592524283596e-12,3.0303168289384964e-26,7.081074581847716e-24,0.9885449447702632,0.0001897931390493,0.0112652620892182,0.0,0.9885449447702632
1641705,Victor Wembanyama,0,0.9949105915188494,7.351322076502262e-28,0.0021255345615848,5.316918416819673e-39,0.0029638739195646,9.326926862820618e-17,0.0,0.9949105915188494
1641706,Brandon Miller,4,6.819030749899443e-08,1.7947329329424746e-08,0.0749260538505869,3.785760261325861e-11,0.925073859973918,5.2768153707992595e-39,0.0,0.925073859973918
1641707,Taylor Hendricks,5,1.393075316689142e-06,2.7004170730632696e-66,9.18939639096852e-24,1.8803114394708945e-05,4.754556264437643e-05,0.999932258247644,0.0,0.999932258247644
1641708,Amen Thompson,0,0.9999974807544242,1.7280728666996658e-12,2.5192427906500545e-06,2.774291237120744e-73,1.0561682208389525e-12,8.253898641602039e-22,0.0,0.9999974807544242
1641709,Ausar Thompson,0,0.9999999400426648,8.024723504303068e-22,5.99546829750661e-08,2.627375710127333e-74,2.6480583855270706e-12,3.8521028202578486e-15,8.52375055640739e-37,0.9999999400426648
1641710,Anthony Black,1,6.6986435956879e-09,0.9669339303768104,2.5005741259403e-05,1.042376889370874e-05,0.0330306334143922,3.3181096804302535e-20,0.0,0.9669339303768104
1641711,Gradey Dick,4,2.9037729639825363e-10,8.7485599657195e-28,8.998565298614383e-18,0.0429797727765702,0.9570202269196092,1.3442297359190371e-11,0.0,0.9570202269196092
1641712,Rayan Rupert,3,6.1036713366994e-07,6.3097979390443976e-12,4.577993959447871e-16,0.9832521956869832,0.0167223282568832,2.4865682689278294e-05,0.0,0.9832521956869832
1641713,GG Jackson,4,1.6800870956252462e-07,6.655034375583933e-09,4.166212713007454e-07,1.6688982784634173e-07,0.9999992418248664,2.901917970683644e-13,0.0,0.9999992418248664
1641716,Jarace Walker,4,1.1691606364910828e-07,2.5509345777581144e-07,1.0676985531623922e-06,1.3513688987909688e-05,0.9999850466029382,1.3086386296960223e-16,0.0,0.9999850466029382
1641717,Cason Wallace,1,4.6937364708749474e-08,0.9898715276453458,3.0520558794593177e-07,0.0033412781737052,0.006786842037989,8.195415826194725e-15,0.0,0.9898715276453458
1641718,Keyonte George,2,3.9385481693374663e-13,5.687999662825709e-05,0.999927781051392,2.544139168785239e-21,1.5338951584530646e-05,6.358668097791232e-45,0.0,0.999927781051392
1641722,Jordan Hawkins,4,2.216474849322826e-14,2.3598148316972905e-07,1.5955822975170103e-08,3.781651219717797e-05,0.9999619315504727,1.6564927472695892e-51,0.0,0.9999619315504727
1641724,Jett Howard,4,2.505831386746376e-12,4.236749443199414e-09,7.888696641562625e-12,0.0003868720127649,0.999613123740092,2.0714248050006092e-21,0.0,0.999613123740092
1641729,Brice Sensabaugh,4,2.099734563500827e-11,2.7624218889506776e-08,1.1379981914366636e-05,1.6750067125627314e-08,0.9999885756228016,6.793961288735744e-36,0.0,0.9999885756228016
1641730,Noah Clowney,4,1.346903889597218e-10,1.580993937428608e-18,1.6855824559858123e-14,0.0053793508925944,0.9946206330883668,1.5884330924698594e-08,0.0,0.9946206330883668
1641731,Bilal Coulibaly,4,1.1859737239063733e-07,0.0071852969686233,0.0001120441694959,3.4658067537672778e-06,0.9926990744576862,6.862146046752246e-14,0.0,0.9926990744576862
1641737,Adem Bona,6,4.4683781259211255e-14,4.668175528623422e-74,1.5026094631181968e-37,8.896619856148041e-22,1.4233753334692721e-22,3.2343723022579284e-10,0.9999999996765184,0.9999999996765184
1641738,Kobe Brown,3,5.19412092721583e-08,5.193234190470072e-22,1.668313400348446e-14,0.99997617670419,2.319256137820507e-05,5.787932050554422e-07,0.0,0.99997617670419
1641739,Toumani Camara,3,1.076338141206726e-11,3.375834934665735e-22,1.0234736926622341e-18,0.9895878870652606,1.1507938077124834e-05,0.010400604985898,0.0,0.9895878870652606
1641740,Jaylen Clark,4,0.0005553510361282,5.895686755482159e-20,2.0836592569368782e-18,0.0079080850249676,0.9402664842924586,0.0512700796464461,0.0,0.9402664842924586
1641750,Ryan Kalkbrenner,6,7.60905142053796e-21,5.8468638454e-313,7.594439545612781e-82,0.0,4.6802883758328574e-234,5.334482977072946e-93,1.0,1.0
1641757,Jordan Miller,1,0.0001951075823184,0.6427894384054539,0.0002609658551853,7.2598559056310284e-09,0.3567544808971839,1.158054359114672e-15,0.0,0.6427894384054539
1641764,Brandin Podziemski,1,9.810622788114716e-12,0.9999881816427488,6.753891466277475e-07,2.700957703454678e-06,8.442000590635444e-06,1.4477509512319976e-27,0.0,0.9999881816427488
1641765,Olivier-Maxence Prosper,5,1.738466406171025e-05,2.140504523996565e-36,1.7046121383943027e-16,0.0955734448700328,0.0074553229248574,0.8969538475410461,0.0,0.8969538475410461
1641767,Ben Sheppard,3,5.857881583125435e-10,4.8462348142538406e-12,1.1221780394302525e-14,0.9851034146201578,0.0148623121387192,3.427265047658094e-05,0.0,0.9851034146201578
1641772,Nae'Qwan Tomlin,5,2.1778826825212647e-14,9.60485755934754e-41,5.282641214503221e-28,0.0043605289957364,5.775189498336583e-09,0.995639465229052,0.0,0.995639465229052
1641774,Tristan Vukcevic,0,0.999991535976873,1.1814174297455613e-52,1.8812264939306752e-14,6.793017625406454e-45,4.910519776898821e-06,3.5535033295768862e-06,0.0,0.999991535976873
1641775,Jordan Walsh,5,2.8651494461137344e-14,1.765256152851548e-40,1.4211057409957572e-27,0.0114059028603069,4.561223715811406e-08,0.9885940515274276,0.0,0.9885940515274276
1641783,Tristan da Silva,4,2.395403564382852e-09,2.3585867999334447e-14,5.2164858229372367e-11,6.982903393844687e-06,0.9999930128866296,1.7623849495134267e-09,0.0,0.9999930128866296
1641796,Pelle Larsson,3,0.0011169494535548,0.0007427251113272,4.5620286422242793e-11,0.6710421425154743,0.3270957109264938,2.47194752770444e-06,0.0,0.6710421425154743
1641824,Matas Buzelis,4,1.0052068653263892e-08,5.780301033132996e-06,2.4191366215298063e-08,0.0441225900163411,0.955871586884712,8.554478707938942e-09,0.0,0.955871586884712
1641842,Ronald Holland II,4,0.0018537138510327,2.2677350253481423e-14,1.3205872769526462e-13,0.0107613080548086,0.9489449657448574,0.038440012349147,0.0,0.9489449657448574
1641854,Craig Porter Jr.,1,6.4104638805815255e-06,0.9995926512255208,1.600882538382775e-06,0.0001883704896082,0.0002109669384522,4.4049032825002565e-16,0.0,0.9995926512255208
1641989,Elijah Harkless,3,4.682110670862422e-07,0.0430447096070839,7.085476312296135e-11,0.9565102429889948,0.0004445791218254,1.7578428751781198e-13,0.0,0.9565102429889948
1642258,Zaccharie Risacher,4,1.5667058588156462e-10,7.839410957658943e-23,2.7351225725079886e-16,2.1763261390098958e-07,0.9999995522491048,2.2996161200423765e-07,0.0,0.9999995522491048
1642259,Alex Sarr,0,0.999926906319089,5.707176017987409e-50,1.690670112233475e-13,6.212420696166049e-33,1.810787361134736e-06,7.128289338059175e-05,0.0,0.999926906319089
1642261,Dalton Knecht,4,1.4479882581538674e-12,4.820199005408589e-12,5.684786479775014e-11,5.8132117309826416e-05,0.999941867819575,7.121161974333256e-21,0.0,0.999941867819575
1642262,Cody Williams,4,0.0008723117321755,2.4427389656428276e-10,4.565268015585113e-07,7.422400911439533e-08,0.9991271572193382,5.3400988028906446e-11,0.0,0.9991271572193382
1642263,Reed Sheppard,1,1.976896464817556e-12,0.99372047128072,0.0001189194723376,2.978467433894467e-05,0.0061308245706267,6.435485301857228e-35,0.0,0.99372047128072
1642264,Stephon Castle,1,2.108293976117875e-06,0.999953408114372,4.327474692705256e-05,1.9990420724364392e-11,1.208824733564919e-06,4.4407895756860114e-29,0.0,0.999953408114372
1642265,Rob Dillingham,1,1.323097428752446e-10,0.9947127130151096,0.0052869641447944,3.021670161201006e-13,3.227074846437941e-07,3.4697971212449625e-39,0.0,0.9947127130151096
1642266,Ja'Kobe Walter,3,2.749790901840409e-12,4.1859074256158835e-25,1.1519135896247523e-24,0.9904972537958272,0.000713548837256,0.0087891973641678,0.0,0.9904972537958272
1642267,Bub Carrington,1,1.9868730632967698e-12,0.9999958588384442,3.443994092093925e-06,3.459567206407537e-09,6.93705910192188e-07,1.1730695520076887e-41,0.0,0.9999958588384442
1642268,Isaiah Collier,1,3.936355636742414e-09,0.9997895499860816,0.0002104456195828,3.4902662451191295e-19,4.57979213894278e-10,1.872191014304329e-33,0.0,0.9997895499860816
1642269,Devin Carter,1,2.481447634911939e-09,0.9999967772129592,4.069249143421987e-07,7.083409311830495e-07,2.105039748133815e-06,5.818392182530683e-24,0.0,0.9999967772129592
1642270,Donovan Clingan,5,4.340504306525685e-12,7.302339467147192e-72,2.4867774184857167e-29,4.046992290043273e-09,3.5546584524548183e-13,0.9999999959483112,0.0,0.9999999959483112
1642271,Kyle Filipowski,4,0.0610364618378461,1.8156564050164176e-27,1.2487423140977327e-09,1.8088395724752189e-06,0.7883114726476439,0.1506502554261952,0.0,0.7883114726476439
1642272,Jared McCain,4,1.7125940004800718e-14,0.0672553921723089,0.0167299227979728,6.272871088518413e-08,0.9160146223009894,2.244182374105097e-39,0.0,0.9160146223009894
1642273,Kyshawn George,2,2.581032006050215e-08,0.3418546015852339,0.6472998976787255,1.9298055924641667e-07,0.0108452819451604,5.210417575154826e-34,0.0,0.6472998976787255
1642274,Yves Missi,6,4.531732859992234e-09,1.996855638290466e-282,3.6010406692153835e-54,0.0,1.277661919861925e-209,1.4703627273348438e-83,0.9999999954682668,0.9999999954682668
1642275,Tidjane Salaün,5,2.8441148962997533e-13,1.0858033012002332e-55,1.7048391726065463e-25,0.0021908546903541,1.2096400727727592e-08,0.9978091332129608,0.0,0.9978091332129608
1642276,Kel'el Ware,5,1.4225253969281468e-07,8.999349960056744e-68,8.400132823805493e-30,7.392223746953302e-12,1.4355738200666264e-09,0.9999998563044944,0.0,0.9999998563044944
1642277,Johnny Furphy,5,4.5042809444548335e-11,8.657138885092808e-46,5.7589206324033e-27,0.0075520251968345,9.020094502614451e-09,0.9924479657380288,0.0,0.9924479657380288
1642278,Tyler Kolek,1,6.826754520798733e-11,0.9999999140930704,6.620963016609476e-08,1.3191161185718104e-08,6.437870038634312e-09,6.096400175573605e-29,0.0,0.9999999140930704
1642281,Jaylon Tyson,4,0.000653788896162,4.807786800873342e-22,9.582083440103206e-13,0.000353251442366,0.6081627846188824,0.3908301750416307,0.0,0.6081627846188824
1642285,Cam Spencer,1,1.6156642947231276e-12,0.9999963341788504,3.41366376592196e-06,8.533771634377719e-14,2.521556831789798e-07,3.178565328566709e-36,0.0,0.9999963341788504
1642345,Oso Ighodaro,0,0.9999564666399964,1.7759729301869858e-253,1.319929876208402e-42,0.0,1.7831277694402806e-205,3.8681830065962454e-83,4.353336000226614e-05,0.9999564666399964
1642346,Ryan Dunn,5,3.342394384260316e-05,3.8553357482551785e-24,9.229090442269832e-19,0.091427023977614,0.0022182218651555,0.9063213302133872,0.0,0.9063213302133872
1642347,Jamal Shead,1,1.531720723932433e-10,0.9999999263985132,9.3319494278036e-10,7.243736311307062e-08,7.77564786612828e-11,2.544534604740972e-25,0.0,0.9999999263985132
1642348,Justin Edwards,4,5.09936864772691e-07,4.069298096465123e-13,7.418388245206987e-14,0.2784264353166211,0.7215730518487414,2.8972931644637094e-09,0.0,0.7215730518487414
1642349,Ajay Mitchell,1,7.601707913326886e-08,0.9510264506565096,0.0489714158800874,7.78332263007866e-18,2.0574463232427427e-06,1.0183190379164829e-39,0.0,0.9510264506565096
1642363,Nique Clifford,1,6.699639294298284e-06,0.6842563411200536,3.215591149131312e-05,2.5169262202103077e-10,0.3157048030774682,3.9090120010387674e-19,0.0,0.6842563411200536
1642364,Jamir Watkins,3,1.7664315629662644e-08,1.5436341648343582e-25,6.539465888396943e-14,0.775328529570046,0.143754618098909,0.0809168346666635,0.0,0.775328529570046
1642366,Quinten Post,5,3.3896778830774677e-10,2.6762615518237545e-66,9.876128132463364e-27,5.887975820249018e-07,8.869712310770287e-09,0.999999401993738,0.0,0.999999401993738
1642383,Walter Clayton Jr.,1,3.3844904146427874e-14,0.999999617687003,4.315534738889361e-09,3.772796284548468e-07,7.177996715845615e-10,1.757907711045513e-29,0.0,0.999999617687003
1642450,Daniss Jenkins,1,3.7178630765667417e-10,0.999993415998524,6.5778167359546665e-06,6.411159868471803e-14,5.8128895938194165e-09,5.33049309301159e-37,0.0,0.999993415998524
1642461,Spencer Jones,5,7.041162471390877e-17,6.768067565771034e-52,2.734688546608384e-35,2.6335959430576935e-05,1.3840047648574436e-11,0.999973664026729,0.0,0.999973664026729
1642843,Cooper Flagg,2,1.0170720733896274e-08,2.2236891357266685e-07,0.9999101257199592,7.025803263375755e-23,8.964174040567121e-05,4.109182670316679e-48,0.0,0.9999101257199592
1642844,Dylan Harper,1,3.037070058459374e-07,0.999852024533123,0.0001253911766281,3.09341408490824e-12,2.228058014958144e-05,4.17524549656005e-28,0.0,0.999852024533123
1642845,VJ Edgecombe,4,2.3083772147625257e-05,0.0016900659646462,0.0086597252643721,8.004219338270796e-07,0.9896263245769008,2.9600410049725303e-23,0.0,0.9896263245769008
1642846,Ace Bailey,4,1.388269994039985e-11,1.5854050888198757e-14,2.433004105534124e-07,7.301799099315962e-17,0.9999997566856904,1.1311384054859618e-49,0.0,0.9999997566856904
1642847,Jeremiah Fears,1,8.435016752409896e-12,0.9997498893884684,0.0002455578183398,1.641572834032909e-10,4.552620599629669e-06,2.136785377178515e-34,0.0,0.9997498893884684
1642848,Tre Johnson,4,9.9310116401779e-15,4.772471751951566e-06,0.0660574720359987,4.70349812386512e-18,0.9339377554922388,5.396002341403787e-75,0.0,0.9339377554922388
1642849,Nolan Traore,1,1.1433096806860445e-17,0.9999996133809612,3.843634283007991e-07,4.0390927579537156e-11,2.2152196261193073e-09,5.9321254725043283e-33,0.0,0.9999996133809612
1642851,Kon Knueppel,4,1.0909895207560792e-09,6.171831784772982e-11,1.0783406276073116e-06,0.0003502042771959,0.9996487162294684,1.5065777215303322e-18,0.0,0.9996487162294684
1642852,Derik Queen,0,0.9999999999867056,9.984827811506314e-43,1.3293216224582978e-11,7.092481451568144e-114,2.6769143667105377e-19,6.75780860048796e-19,0.0,0.9999999999867056
1642853,Rasheer Fleming,5,5.365286781451092e-13,5.409460391662311e-58,2.386141758661868e-38,0.0321362884439673,4.16974144779719e-07,0.967863294581351,0.0,0.967863294581351
1642854,Asa Newell,5,1.2214019288851711e-09,2.3895327825548414e-48,2.3707428138619645e-31,0.0001482363171603,5.650264610238723e-10,0.9998474380224008,4.323874009600219e-06,0.9998474380224008
1642856,Egor Dëmin,1,2.7204606933077453e-13,0.9647717487030444,2.1778399684131468e-08,0.0351066370956847,0.0001215924225994,3.3783366430288164e-20,0.0,0.9647717487030444
1642857,Kasparas Jakučionis,3,7.699467084592932e-13,8.25359962069488e-10,7.866262323261902e-21,0.9999994379515016,1.2764159204079635e-09,5.59945953090212e-07,0.0,0.9999994379515016
1642859,Jase Richardson,1,6.21220854970107e-09,0.9916128879406388,3.561574841133838e-06,0.000414961468807,0.0079685828035037,1.8205273683196093e-22,0.0,0.9916128879406388
1642860,Will Riley,4,2.210230342804369e-07,0.3805219413555662,0.0025917766330035,4.490756671748729e-08,0.6168860160808284,1.5413575466760243e-24,0.0,0.6168860160808284
1642864,Hugo González,5,2.0696068797555543e-08,4.4251717123618635e-23,2.343529320074451e-20,9.39473353965038e-06,0.0012492565857401,0.9987413279846498,0.0,0.9987413279846498
1642867,Collin Murray-Boyles,6,1.4604607402484662e-09,1.6653781807871136e-83,3.986031465135309e-30,5.75264754212668e-80,4.166638151735228e-23,6.712852715366767e-09,0.9999999918266872,0.9999999918266872
1642868,Carter Bryant,3,3.069798165149562e-08,5.196935176863663e-40,1.1887993689268974e-25,0.7216619429037942,8.407387107574774e-05,0.2782539525271486,0.0,0.7216619429037942
1642869,Noah Penda,3,0.0002019015898351,2.4420427592129236e-17,9.437669821295761e-15,0.9289835283363476,0.0094049284235816,0.0614096416502246,0.0,0.9289835283363476
1642874,Danny Wolf,4,1.927593321812704e-06,4.7799176053918104e-17,5.873512122082759e-07,0.0014214302152386,0.998576037488858,1.7351368764876233e-08,0.0,0.998576037488858
1642875,Maxime Raynaud,6,1.3623005317848236e-09,7.931061547018243e-142,6.519708473148023e-37,3.3287077603383117e-300,6.28036179556045e-62,1.8232622283664464e-24,0.9999999986376996,0.9999999986376996
1642877,Micah Peavy,3,1.1081684587127695e-06,1.1337934028977123e-24,4.094606588202271e-20,0.9654257905124304,0.0345097376522191,6.336366689185109e-05,0.0,0.9654257905124304
1642878,Tyrese Proctor,1,1.6627853973734793e-11,0.9999908231604404,4.932969570125345e-06,2.5426525548837516e-11,4.243827934681101e-06,2.1871119809151244e-37,0.0,0.9999908231604404
1642879,Ben Saraf,1,2.564439290723029e-13,0.9999975606990944,2.3925129040810053e-06,6.40688188997739e-10,4.6147056404141827e-08,1.1805864838466004e-27,0.0,0.9999975606990944
1642880,Kam Jones,1,1.3840430355718098e-12,0.9999999931509116,1.3831639073416304e-09,3.389515832180878e-09,2.0750239453009443e-09,2.9616000219074127e-23,0.0,0.9999999931509116
1642883,Sion James,3,1.0723614924140428e-11,1.1282613751178632e-08,6.321422055517965e-12,0.9999800514489152,1.9923348774606793e-05,1.3902652331683162e-08,0.0,0.9999800514489152
1642907,Cedric Coward,4,1.0711728095688e-06,1.3165897478753706e-06,3.6896591638988097e-06,3.985471267251234e-07,0.9999935240197956,1.135708121244551e-11,0.0,0.9999935240197956
1642914,Javon Small,1,1.240878553119474e-08,0.9999978042299936,2.0060335123623695e-06,8.709947310904625e-14,1.7732762076427418e-07,5.901556912555712e-35,0.0,0.9999978042299936
1642920,Kobe Sanders,4,0.0002251117184973,0.000452719046963,1.410868228559749e-07,0.2087835991023391,0.7905384290427822,2.595672458376365e-12,0.0,0.7905384290427822
1642928,Dylan Cardwell,6,1.7515069049722377e-23,5.203720911437793e-159,1.8087688339309718e-75,2.17554038804e-313,4.282760100697619e-93,8.204776615410329e-33,1.0,1.0
1642948,Ryan Nembhard,1,6.149031004994862e-09,0.9973091546910764,0.0026908380847394,1.1741562488761754e-27,1.0751517751300712e-09,5.35058758623793e-45,0.0,0.9973091546910764
1642954,Will Richard,5,7.838156410903951e-15,4.133763595774575e-25,5.484940774418816e-32,0.0007225835680364,6.736924040233785e-12,0.99927741642522,0.0,0.99927741642522
1642962,Drake Powell,1,2.785366482334466e-07,0.8111577138725592,6.356973373143052e-07,0.0006880235364565,0.1881533483569988,3.239756530275489e-17,0.0,0.8111577138725592
