player_id,primary_archetype,archetype_0_weight,archetype_1_weight,archetype_2_weight,archetype_3_weight,archetype_4_weight,archetype_5_weight,archetype_6_weight,player_name
2544,2,7.883069053255478e-05,4.010472547444002e-17,0.9999147233447033,9.398763479329403e-29,6.445964765455515e-06,3.8003718026697816e-28,0.0,ID: 2544
201142,2,2.0517328836922025e-10,4.4715266109757685e-21,0.9999999997557047,1.6005719069216393e-63,3.912350793641482e-11,6.767381488902912e-80,0.0,ID: 201142
201143,5,1.976465236727005e-06,3.285251503143405e-65,1.8823953915402703e-21,1.6669754318642135e-06,7.34275378657859e-06,0.9999890138055451,0.0,ID: 201143
201144,3,9.255208642675976e-14,0.0070551716095491905,5.749406255470849e-14,0.9929448142159667,1.4174333326267931e-08,7.958606040536787e-18,0.0,ID: 201144
201566,0,0.9999999999999467,2.5068867044268692e-24,5.174750967806657e-14,2.4422428904428345e-20,1.0812909605347997e-18,6.025350576366118e-35,0.0,ID: 201566
201567,5,1.938476114434543e-12,2.27370238225057e-58,1.6542188207243536e-29,1.8528885787265953e-07,2.1668369433369145e-10,0.9999998144925198,0.0,ID: 201567
201572,5,0.010661868997014967,6.326719490759999e-71,8.137640057794655e-22,4.0111205693977853e-10,0.0008360085759590699,0.9885021220259156,0.0,ID: 201572
201587,5,7.31367534757366e-19,1.5772883741254724e-62,9.5299777320201e-50,2.1795593999356226e-10,1.1711253929076564e-21,0.999999999782041,0.0,ID: 201587
201935,2,3.984502964599633e-18,0.0001597923419633902,0.9998402076407633,1.5635457636306516e-22,1.72739689882101e-11,3.491964653836965e-66,0.0,ID: 201935
201939,2,2.839743589379984e-17,0.02131862103072328,0.9782075612843769,3.3972341578132064e-15,0.00047381768489728284,6.758178543567259e-54,0.0,ID: 201939
201942,2,4.8038452049730095e-12,6.608702134172726e-51,0.9999999999951967,9.202060271663508e-244,2.6444288719717686e-44,7.281398889078831e-117,0.0,ID: 201942
201950,1,2.8034168900306187e-09,0.9983235573855395,0.001676081544823428,2.4262664585946724e-10,3.580235940378098e-07,5.9750825719454e-42,0.0,ID: 201950
202331,4,2.050969054903532e-10,0.004047212785637259,0.07822809591076937,1.7050251050486056e-11,0.9177246910814452,9.62169724019514e-33,0.0,ID: 202331
202685,6,0.00011006126459539295,3.148895087025995e-206,5.410000500048618e-45,0.0,7.298721465542655e-122,4.637994757440401e-48,0.9998899387354041,ID: 202685
202691,4,1.6595681084884756e-21,7.673551437385385e-21,2.1471168779747574e-22,1.4034663117464049e-08,0.9999999859653387,8.874775279900176e-60,0.0,ID: 202691
202695,2,5.228688010893055e-16,2.7733072929604883e-17,0.9999999999666045,1.3818545547966892e-47,3.3394818874804854e-11,2.4430264648159698e-116,0.0,ID: 202695
202696,5,0.05685286621177564,4.7012980021381807e-94,8.134311248340378e-21,7.471974336292339e-66,1.543961831896497e-13,0.8017538424800175,0.1413932913080509,ID: 202696
202699,4,0.007678790077340531,1.7179523052310621e-25,7.966021857393894e-06,3.3772656151868575e-09,0.9923132405235321,4.6524271066366184e-15,0.0,ID: 202699
202710,0,0.9998233647764753,8.037174798588842e-11,0.00017662332920690644,2.955752343781789e-39,1.181394526749097e-08,1.862532224525309e-19,0.0,ID: 202710
203076,0,1.0,6.978253780494397e-76,5.419119283983245e-16,9.307149543630223e-193,3.2214111459199126e-34,5.706458031401571e-28,0.0,ID: 203076
203083,6,2.5962896348499183e-10,1.6715265037916356e-63,3.5016976757370563e-34,1.1967017699940084e-17,2.429858053347932e-16,8.269165277056049e-05,0.9999173080876009,ID: 203083
203084,4,5.176822403068447e-08,2.5460816812240123e-21,5.591049779579554e-13,0.011472219931798085,0.9885256350487378,2.093250680884769e-06,0.0,ID: 203084
203110,5,0.0002281562171867484,8.742677147724348e-43,2.8451159636915977e-22,2.8642134573937905e-05,8.528746568727208e-09,0.996105042559035,0.003638150560458691,ID: 203110
203114,2,2.0672178148044057e-07,5.395537201705886e-17,0.999999793271428,2.296492810896997e-65,6.790773688231127e-12,3.152108709560038e-64,0.0,ID: 203114
203468,2,5.458694207241274e-14,0.0014868917824435854,0.9985104971970169,1.2113782149593831e-18,2.6110204842036723e-06,4.3537075575870266e-71,0.0,ID: 203468
203471,1,2.2714718558221533e-09,0.9999166736360081,8.067276639088109e-05,1.0362404683913395e-10,2.6512225052079486e-06,8.823686953211508e-32,0.0,ID: 203471
203484,4,5.406454301251346e-08,0.0522409069930555,3.204567599733566e-05,6.582627013655223e-08,0.9477269274401349,2.5133064843593257e-21,0.0,ID: 203484
203497,6,9.28794291502845e-13,8.646737143520386e-144,1.1599563427592271e-47,1.31335074205646e-309,1.9316007836010703e-71,9.803101181177176e-32,0.999999999999071,ID: 203497
203500,6,1.5302780583417017e-14,2.6902272999795655e-300,3.1847277053935217e-68,0.0,1.6282618121164878e-223,3.4640183959150844e-91,0.9999999999999849,ID: 203500
203501,4,3.993505870314339e-18,5.054936313759288e-23,6.069022054368639e-17,1.44320936139097e-05,0.999985567906385,3.383760435136946e-23,0.0,ID: 203501
203507,0,0.9999976575428997,5.671114229608711e-30,2.342347201911131e-06,2.9647745094819466e-36,1.0990011973578111e-10,3.99678810034448e-27,0.0,ID: 203507
203897,2,7.678724359638207e-19,0.04027778546580584,0.7442310762924073,3.181425069128967e-15,0.21549113824178265,1.7120333416905534e-44,0.0,ID: 203897
203903,4,3.4720312118759746e-08,1.7527320825075338e-06,3.607443162125472e-07,7.369593193543628e-11,0.999997851729594,9.288562936771123e-28,0.0,ID: 203903
203914,3,1.3616195017154545e-15,3.459102537747373e-28,1.7837888387870436e-22,0.9999956310557744,4.36334850886753e-06,5.595715910215556e-09,0.0,ID: 203914
203924,4,2.1662898074181592e-07,7.178944753543298e-07,2.1361187737338101e-07,3.406476881508311e-06,0.9999954453877838,3.92663626104041e-16,0.0,ID: 203924
203932,0,0.9980137924377058,3.433754279643845e-20,1.0241548278656772e-06,2.1987543689719873e-15,0.001985183407462434,2.9930016353563427e-16,0.0,ID: 203932
203935,3,0.002785749685887767,9.22951796820054e-12,1.0896682077197469e-09,0.8321081288807585,0.1651061095934552,1.0741000847591248e-08,0.0,ID: 203935
203937,0,0.9999999999499316,1.0047253447532318e-33,5.007002600667996e-11,5.5427864926783326e-129,1.1124250405104793e-21,2.6910614453618284e-17,0.0,ID: 203937
203939,6,9.739154030336807e-12,9.275674251948834e-70,5.373747801444315e-37,1.0865154379176075e-18,5.39769362682579e-22,6.201057932004641e-09,0.9999999937892028,ID: 203939
203944,2,0.003675599063397354,3.6105529364274144e-12,0.9807078355583964,2.8100686449906592e-14,0.015616565374568958,2.4398796696519793e-30,0.0,ID: 203944
203952,4,3.3583039416349626e-05,2.0106948797554755e-09,9.39369136042959e-09,0.0008964671281900142,0.9990699384278586,1.4922451160074335e-13,0.0,ID: 203952
203954,0,0.999999999997204,7.134638997107457e-69,2.794535280871113e-12,3.5673485022362635e-173,3.9732723919204664e-30,2.5846515737985605e-30,0.0,ID: 203954
203991,6,8.998007242368635e-15,5.9631602825e-313,1.0590165102756698e-71,0.0,2.774213846465125e-227,2.14286565085019e-93,0.9999999999999911,ID: 203991
203994,0,0.9982832745398827,5.75133717264041e-83,3.3782658225070414e-22,2.074385982188702e-76,2.3604856342165368e-18,0.0017167254601162332,0.0,ID: 203994
203999,0,0.9999999997830926,2.735586797837627e-43,2.1689155330457788e-10,1.6640394101820381e-57,1.091101116900939e-14,5.987035248337016e-15,0.0,ID: 203999
204001,4,0.029686829790882944,4.039078862262852e-48,3.943560174735709e-11,3.8031914843325764e-05,0.9702751124682283,2.578660889569111e-08,0.0,ID: 204001
204456,2,3.778225047620005e-05,7.272562950246252e-09,0.9999622104767382,1.221724065597138e-66,2.227209956642035e-13,9.15027152980675e-47,0.0,ID: 204456
1626145,4,0.00025164553708053775,0.0001172529978206047,7.121719585762449e-06,4.320508683127357e-06,0.9996196592368298,4.48663122162284e-16,0.0,ID: 1626145
1626157,0,0.9522249019968855,3.8569572524544876e-35,2.5648032106357538e-09,3.2446949222169367e-10,0.04774990154055855,2.5193573283304645e-05,0.0,ID: 1626157
1626162,4,0.00022117333595342672,1.5972883675400522e-13,1.5486247974156875e-10,7.181905347318666e-07,0.9997740899865828,4.0183319055026795e-06,0.0,ID: 1626162
1626164,2,2.7146196998297278e-21,4.557782422814232e-14,0.9999999999999538,1.673567430200165e-49,5.273893603604816e-19,2.4200414353756232e-122,0.0,ID: 1626164
1626167,5,9.46010672058295e-08,1.719128535433983e-76,3.5450251537797817e-28,2.9262454943463804e-15,3.0630478405758657e-07,0.9999995990941444,0.0,ID: 1626167
1626171,0,0.9999971290809881,5.7628626430199205e-62,4.678300762825024e-16,4.06690175875314e-40,1.3187906200217182e-06,1.5521283920286337e-06,0.0,ID: 1626171
1626181,4,7.204508323046858e-16,3.698274426877463e-06,0.0029827478741894665,5.2406414245955726e-17,0.9970135538513839,2.6556722796738243e-53,0.0,ID: 1626181
1626220,3,8.927618151894209e-16,3.902732466258868e-15,2.6726714706932014e-19,0.9999997984782273,1.1770745835989966e-07,8.381430918518308e-08,0.0,ID: 1626220
1627734,6,3.94619684928321e-07,1.1171554331695638e-101,6.397977710270427e-28,6.665044356653979e-137,8.34314790691339e-33,3.957869643980043e-13,0.999999605379919,ID: 1627734
1627739,3,0.023481598969607647,8.13949372107838e-06,7.784593521040808e-11,0.9734308486754311,0.003079122310082817,2.9047331136408745e-07,0.0,ID: 1627739
1627741,3,1.1428472886477048e-16,1.607355180623007e-11,7.273920183057831e-16,0.9998808505873814,0.00011914939597493651,5.689494011358682e-13,0.0,ID: 1627741
1627742,2,1.6382092326969955e-12,1.1198076701223544e-14,0.9999999363882444,4.809777974138641e-42,6.361010443360164e-08,6.076528855590291e-79,0.0,ID: 1627742
1627747,1,1.6871037962048202e-13,0.9999995608876433,2.406177164028346e-07,2.8028394760278633e-08,1.7046607684788953e-07,8.090432435028268e-30,0.0,ID: 1627747
1627750,2,1.2659264004078105e-16,1.8342944588971517e-07,0.9999998165154045,8.75029692625351e-24,5.514923086416646e-11,3.8572529946859014e-73,0.0,ID: 1627750
1627751,6,5.3323879682137885e-14,7.532545416374004e-295,7.187016122842428e-64,0.0,1.308917996685865e-219,5.626853530816831e-89,0.9999999999999467,ID: 1627751
1627752,4,8.220344638685838e-14,2.8176992116444683e-15,1.215790299570155e-13,0.10635510392561909,0.8936448960741756,2.001557878047416e-17,0.0,ID: 1627752
1627759,2,4.1487991869088814e-17,1.9085351749302817e-12,0.9999999999897593,8.086575546540707e-41,8.332125577357832e-12,2.6788589384503298e-98,0.0,ID: 1627759
1627780,5,7.71194868459599e-07,6.628174556773363e-51,6.116524255588378e-24,5.700811776235646e-06,2.2455091321724686e-07,0.9999933034424417,0.0,ID: 1627780
1627783,2,0.03423831794826491,4.951557618899866e-17,0.6144612741995009,1.0246368830301054e-19,0.3513004078522354,5.4327235753013795e-28,0.0,ID: 1627783
1627824,5,7.540117085026079e-08,9.301621185303367e-77,7.001943713355978e-23,3.422751347002939e-06,2.3916248727751204e-06,0.9999941102226093,0.0,ID: 1627824
1627826,6,5.48204025530805e-10,9.6492068176e-313,3.0083288238945374e-60,0.0,1.5260822311378569e-218,7.018822451552275e-89,0.9999999994517967,ID: 1627826
1627827,5,4.248559513360576e-12,1.5812793365895277e-50,1.0624319924434814e-34,0.001438063508708194,7.221990476386093e-12,0.9985619364798218,0.0,ID: 1627827
1627884,5,1.1800916150024834e-06,1.1584714287716687e-40,7.650963030624851e-24,1.4877485825652964e-07,9.561650061495949e-06,0.9999891094834654,0.0,ID: 1627884
1627936,3,5.438114631729154e-10,8.402733688134884e-16,2.0226318530551877e-13,0.9990268074859335,0.0008007573016219561,0.00017243466842958014,0.0,ID: 1627936
1628366,3,2.128208151956347e-13,1.671974886486837e-08,2.177592112169959e-20,0.9999999688502048,8.234395593152753e-11,1.434748806815663e-08,0.0,ID: 1628366
1628368,1,1.2239265323432256e-11,0.841237304681929,0.15876234412992796,2.7044265098190637e-19,3.5117590323951197e-07,1.1175288032862476e-50,0.0,ID: 1628368
1628369,2,2.970993465893383e-20,7.160864879715701e-10,0.9999999463878645,4.9760809798972634e-27,5.289604943099046e-08,1.0406757166949475e-66,0.0,ID: 1628369
1628370,1,2.907002413706393e-18,0.886409540833219,0.11354250123963214,3.8450267841581274e-14,4.79579271102204e-05,5.74906962568877e-57,0.0,ID: 1628370
1628371,6,3.388833703498623e-12,1.2488663716314424e-64,5.15055833777899e-34,1.0686859708625703e-26,5.809317551617573e-17,0.0005923826818818551,0.999407617314729,ID: 1628371
1628374,4,1.599151847356312e-05,2.042349340247161e-40,1.4780754574033213e-11,1.2519814312332945e-09,0.9999840072098348,4.930930403842168e-12,0.0,ID: 1628374
1628378,2,3.7387952419182904e-15,0.00026226995736355945,0.9997377236433167,6.390752671297024e-25,6.399316720326945e-09,4.394858329075233e-77,0.0,ID: 1628378
1628379,3,1.8888968338201073e-11,1.7351553520864135e-07,6.14059216021906e-13,0.998326095250332,0.0016737312146289393,3.199891100403207e-17,0.0,ID: 1628379
1628381,5,0.0011685160236362324,3.8461246043536517e-51,1.0997551084574692e-18,1.0806094680973119e-10,0.00012984020664163297,0.9987016436616607,0.0,ID: 1628381
1628384,3,8.914241913979302e-08,2.5902237333923964e-15,1.044695704994099e-11,0.5824508531957945,0.41754904654932773,1.1102009375272642e-08,0.0,ID: 1628384
1628386,6,7.237858961629048e-10,6.5663944142542205e-258,1.593366630941589e-51,0.0,6.455744549383473e-178,4.704156395960296e-72,0.9999999992762145,ID: 1628386
1628389,4,0.33005620468046426,1.154259489618812e-34,6.069770058798247e-08,2.448129638716977e-18,0.6699437346214687,3.6594059124844285e-13,0.0,ID: 1628389
1628392,6,3.675183068521365e-12,6.7237686851026805e-261,3.572179656152802e-57,0.0,8.150158991704835e-184,5.619470706943669e-75,0.9999999999963247,ID: 1628392
1628398,4,0.00019819229237026458,1.4317252484974647e-15,2.7979843295920614e-07,1.8389273601295626e-06,0.9997989809095835,7.080722515362213e-07,0.0,ID: 1628398
1628401,1,8.230025743626929e-10,0.8897635699910479,0.07896837578235669,5.801535332646783e-07,0.03126747325005846,2.682224975633192e-38,0.0,ID: 1628401
1628404,4,0.019683639225379107,8.794430911841014e-11,4.4655539924795775e-08,0.05913849621459234,0.9211776628807051,1.5693583986308382e-07,0.0,ID: 1628404
1628415,2,1.8477038493107308e-16,3.288157552619407e-24,0.9993971874443566,4.170812120279332e-38,0.0006028125556450505,1.4377151653088893e-142,0.0,ID: 1628415
1628418,5,6.70306105569472e-13,6.507836912971539e-89,1.4241333258996357e-32,7.664026235258978e-21,1.5508263373190315e-14,0.9999999999993143,0.0,ID: 1628418
1628436,6,4.539695665021805e-20,4.64437e-319,2.8464133682813375e-83,0.0,6.152773409596399e-234,5.263769061856009e-93,1.0,ID: 1628436
1628960,1,2.4104440309860405e-15,0.9998690297879932,4.4718003920264585e-07,0.00012368483342288023,6.838198541927403e-06,2.5508343355735733e-32,0.0,ID: 1628960
1628963,0,1.0,2.0308504928662313e-54,1.2098844853638617e-18,9.448750049967447e-60,7.592180098891032e-18,4.526175577377361e-16,0.0,ID: 1628963
1628969,4,3.0747935396170094e-06,1.3654680015434072e-15,6.830580084948298e-09,8.723957899404865e-10,0.9999969174907807,1.2704144726320724e-11,0.0,ID: 1628969
1628970,4,2.695021107861453e-05,7.040414895219025e-17,0.0003110296737353905,2.6705531907369685e-08,0.999661993409652,1.842152447614025e-15,0.0,ID: 1628970
1628971,4,0.09952176556189522,0.00198708947088845,1.886516126529898e-07,0.00021889473166818258,0.8982719850806207,7.650331526950543e-08,0.0,ID: 1628971
1628973,2,4.566389885053553e-14,2.0770413697463492e-05,0.9999790280730806,1.1496073924059722e-20,2.015131755392006e-07,2.7790288135874236e-68,0.0,ID: 1628973
1628975,1,5.027161121340775e-11,0.8478686716714542,3.332712792538939e-07,0.14627125820518014,0.005859736801814884,5.634448026921424e-27,0.0,ID: 1628975
1628976,6,1.2022749375577235e-09,6.434008507110665e-90,5.258458727814562e-31,1.2218857047194443e-65,2.4149352977149917e-19,2.078524142556717e-05,0.9999792135563,ID: 1628976
1628978,3,3.2166612433480944e-17,3.3637133122838485e-11,2.569535089945563e-16,0.9999484041280675,5.159583734338919e-05,9.517580305131104e-13,0.0,ID: 1628978
1628983,2,1.4611534015270185e-17,1.1127840462553759e-27,1.0,4.9012421983325625e-126,2.4109777201968038e-30,1.0705887535543192e-131,0.0,ID: 1628983
1628988,1,1.157923145874722e-07,0.768664160353318,7.629201852340158e-10,0.1915204709778616,0.03981525211358431,5.748621219584735e-18,0.0,ID: 1628988
1628989,4,1.3975654093946305e-11,3.828154945563486e-09,7.129204008302216e-11,0.21015590691511346,0.7898440840328149,5.138648207133476e-09,0.0,ID: 1628989
1628991,4,0.026437051590571893,4.445541317369536e-36,1.187092067819235e-06,6.048048996874194e-17,0.973561761317361,8.411198931304506e-18,0.0,ID: 1628991
1628997,0,0.9999999732295247,6.717560258620476e-13,2.6763896752258405e-08,8.805239464517006e-80,5.7002033659300355e-12,2.0709589576817097e-13,0.0,ID: 1628997
1629001,1,7.675663939146195e-13,0.9997681510757922,5.563509616857509e-06,2.160486891602018e-07,0.0002260693651347161,9.987747190052381e-23,0.0,ID: 1629001
1629004,3,4.017070310413551e-14,2.9269713192271676e-09,1.921625507820668e-14,0.9982705019287039,0.0017294951442653125,5.894144083794986e-17,0.0,ID: 1629004
1629006,5,6.112110090435913e-10,2.1419199654592744e-33,7.72931190794725e-32,0.00022563486488235134,1.7761352059746507e-09,0.9997743627477713,1.1408272695277456e-15,ID: 1629006
1629008,4,2.2283689894059476e-10,2.3717917938232087e-19,2.687183430056952e-08,4.481690278112253e-13,0.9999999729048813,1.5934777087990757e-26,0.0,ID: 1629008
1629011,6,4.423024775896724e-22,0.0,2.639163733897811e-86,0.0,2.461770214636382e-236,5.28819147065549e-96,1.0,ID: 1629011
1629012,1,2.072184110697152e-11,0.9997912315777786,0.00020712990044202573,1.8420200222859638e-15,1.6385010549016122e-06,1.415937408601353e-33,0.0,ID: 1629012
1629013,3,3.5664605960284394e-14,2.565755555942246e-20,9.908877548881792e-17,0.9930565309023728,0.0069434690975796,1.1355379705861593e-14,0.0,ID: 1629013
1629014,2,5.381904600021614e-12,0.00022794941182184106,0.9590772531471654,1.373914498406334e-12,0.04069479743425585,4.006560237860078e-63,0.0,ID: 1629014
1629018,4,7.401207264803319e-17,3.265011538264266e-24,2.830432854938022e-17,4.52948269713278e-09,0.9999999954705174,4.1298323023653914e-45,0.0,ID: 1629018
1629020,5,1.1856267072308044e-07,6.541945936806916e-32,1.2894181479492176e-27,9.062298586871095e-07,4.078096113003764e-08,0.9999989344257465,7.644795625014986e-13,ID: 1629020
1629023,4,0.016694694427006922,4.3027181784437744e-27,1.5684702191460372e-10,7.751355900057754e-07,0.977433957544317,0.005870572736237786,0.0,ID: 1629023
1629026,4,0.002068911755847335,2.2649165553011452e-08,2.5558767137632037e-09,0.052263213887860836,0.9456678490689217,8.232776792106309e-11,0.0,ID: 1629026
1629028,6,6.439153234240475e-12,6.91928606e-316,7.288937096750482e-63,0.0,3.289134124415788e-219,5.6289757004339034e-89,0.9999999999935607,ID: 1629028
1629029,2,4.339588692053435e-17,5.21444093514338e-11,0.9999999999444338,9.294284587340746e-28,3.4211656474242807e-12,6.141630182636582e-104,0.0,ID: 1629029
1629048,6,1.3563037175186491e-18,5.672177523134606e-145,2.7682225381822e-60,8.675988675193615e-168,8.849862418377339e-57,1.2229854625004764e-24,1.0,ID: 1629048
1629057,6,2.74552756729344e-18,3.1102581215404044e-97,1.183282536726713e-52,9.793332297788932e-66,2.191460218803318e-37,1.200276806283805e-13,0.9999999999998792,ID: 1629057
1629060,4,5.09214254839616e-05,3.6647733350009825e-39,1.1053108056298729e-13,2.137087011240267e-12,0.9999490785722697,3.550205294793353e-17,0.0,ID: 1629060
1629111,6,7.127800179347926e-11,4.9714329719200796e-88,3.3387951571142916e-36,6.242804759307644e-28,5.929729121430502e-20,0.00016023171939911593,0.9998397682093242,ID: 1629111
1629130,3,1.5162683005727125e-18,1.709891248877093e-25,1.411007332838857e-20,0.9996105663398432,0.0003894336601543433,3.95982700972532e-15,0.0,ID: 1629130
1629216,3,6.874126628690268e-15,0.0016686063665673498,1.5568294988161738e-09,0.9512373817550072,0.04709401032159025,4.156873414199292e-22,0.0,ID: 1629216
1629234,6,1.3401530053040534e-08,1.4887890744521267e-231,1.0954852023745629e-45,0.0,3.7541617229035843e-149,1.718710104669473e-58,0.9999999865984696,ID: 1629234
1629611,1,4.0931088047031025e-07,0.9999741633866612,1.0418202823428206e-09,9.822612079030111e-06,1.5603648558084292e-05,4.514382260620215e-17,0.0,ID: 1629611
1629614,1,3.7937416305476616e-16,0.999991427885965,8.462896776077208e-06,3.235649684661394e-11,1.0918490292612351e-07,2.0807299269592756e-41,0.0,ID: 1629614
1629618,1,8.763780233173938e-12,0.9999997280508822,8.486559492867353e-08,2.3255962962822197e-15,1.8707475612857882e-07,1.154846340374142e-24,0.0,ID: 1629618
1629627,0,1.0,9.993459766216213e-228,2.6944430275293226e-26,0.0,3.387583388740732e-200,1.1144033509346608e-107,0.0,ID: 1629627
1629628,4,1.5037741057626893e-06,1.1902092067594069e-07,1.3822841357411496e-05,3.7270929505499204e-06,0.999980827270002,6.642214201845023e-13,0.0,ID: 1629628
1629630,2,8.546365515050893e-18,7.604678056437791e-07,0.9999992395321882,9.661541681662798e-34,5.48483356022605e-15,1.226280673058507e-71,0.0,ID: 1629630
1629631,4,2.1983634505136962e-11,9.486417148850549e-07,1.0841580337876551e-06,5.580629399011537e-08,0.9999979113719737,5.779634942145501e-26,0.0,ID: 1629631
1629632,1,1.0974166984144351e-16,0.9999992810345111,7.009068078740931e-07,7.014193249566682e-12,1.8051667104572426e-08,1.5517531103210763e-43,0.0,ID: 1629632
1629636,1,1.4670806527386421e-15,0.9566745840871785,0.04332541573367084,4.192619064546948e-18,1.7914987488140826e-10,2.9015077952026244e-60,0.0,ID: 1629636
1629637,6,6.079393180176789e-15,4.39965887e-316,5.901491997762202e-70,0.0,2.1018279086424e-223,3.7278636767485015e-91,0.9999999999999938,ID: 1629637
1629638,1,8.710151881037477e-13,0.547357883743859,0.005260032115218388,3.7983447741606986e-05,0.44734410069231045,1.9597047438765596e-28,0.0,ID: 1629638
1629639,2,7.718989467437e-15,0.02381522357772385,0.5019483578598903,7.110514185050013e-18,0.4742364185623764,4.92818576655604e-52,0.0,ID: 1629639
1629640,4,1.4328627407751835e-08,3.0477748228692764e-20,1.0823060754596663e-09,8.015301490820915e-08,0.9999999018061642,2.629886482845681e-09,0.0,ID: 1629640
1629645,1,6.341534164605347e-10,0.9993846872604437,0.0006153104312043177,1.668467454928943e-13,1.6740310000826392e-09,5.991280992057037e-43,0.0,ID: 1629645
1629651,0,1.0,2.360089441914004e-125,6.2033009249856e-23,0.0,3.207339029126511e-89,4.1263085477187453e-41,0.0,ID: 1629651
1629652,3,2.4345205820747655e-09,1.2641019559695187e-24,8.684991540683731e-23,0.9973502004559446,0.0026495604377311972,2.3667180385300711e-07,0.0,ID: 1629652
1629655,6,4.407583709503365e-15,1.516928744938524e-309,3.531713548467607e-64,0.0,8.479929772283379e-221,6.1041287786491425e-90,0.9999999999999956,ID: 1629655
1629656,1,9.966787584924208e-12,0.9826445582936846,5.146769301149233e-08,0.011915275967115195,0.005440114261540927,9.949863076890975e-20,0.0,ID: 1629656
1629661,3,1.7029659271049647e-10,3.659127010859663e-10,4.0299660889893094e-12,0.8404722417905247,0.15952775765984795,9.387145958681354e-12,0.0,ID: 1629661
1629673,1,6.996911251370063e-22,0.9999728392814158,2.659661738591884e-05,2.2549451964007482e-09,5.618462521647474e-07,5.591543492026399e-46,0.0,ID: 1629673
1629674,6,6.503061308293047e-14,1.0718698689183249e-193,6.922774555276274e-53,0.0,6.710230030666099e-111,1.270740674720523e-46,0.9999999999999352,ID: 1629674
1629675,4,2.0891364189067416e-05,3.286835462678831e-37,2.4867962160315267e-10,1.0933856049814685e-05,0.9999623479105598,5.826620522476869e-06,0.0,ID: 1629675
1629684,5,7.426933838589217e-08,1.3318534782595502e-51,2.3642006221781615e-25,0.1305987879529667,8.404760085356585e-07,0.8694002973016866,0.0,ID: 1629684
1629723,3,3.523933230971789e-10,5.5410578758659346e-36,3.526313604977425e-34,0.9793845998390777,7.496405095177908e-14,0.020615399808455767,0.0,ID: 1629723
1629731,5,1.8596380526757206e-13,2.835118932115749e-53,4.393164901953128e-37,0.0008761617074430902,2.4608200748487305e-14,0.9991238382923474,0.0,ID: 1629731
1629750,5,3.9067821840294747e-10,1.7808637727838254e-42,3.788252782265318e-30,4.35584665846326e-05,6.636701941584567e-08,0.9999563747757182,0.0,ID: 1629750
1630162,2,7.618322518909766e-14,8.918271884282694e-10,0.999999399055356,3.9243559422077795e-23,6.000527410342432e-07,4.7588481329181347e-88,0.0,ID: 1630162
1630163,2,1.24845215120388e-13,0.04697267079155943,0.9530257997677051,1.2569123445893296e-14,1.5294405986027694e-06,2.5233621240943244e-58,0.0,ID: 1630163
1630166,1,3.658471315854305e-13,0.9999259613692038,7.400623353767804e-05,9.307689867515573e-12,3.238758472012566e-08,6.83725980947942e-31,0.0,ID: 1630166
1630168,5,2.4008486013812994e-05,2.644844298555229e-58,1.6698784096211244e-20,8.215835182848738e-08,3.2430626588595076e-05,0.9999434787290459,0.0,ID: 1630168
1630170,4,7.349405605700498e-13,1.1364521585900993e-10,5.611521696011199e-13,1.166803324831168e-07,0.9999998832047258,6.183417317153052e-26,0.0,ID: 1630170
1630171,3,2.0526401465204342e-13,1.1157874819616502e-23,5.580612924279241e-21,0.99319266672966,5.883368841364114e-07,0.006806744933250663,0.0,ID: 1630171
1630172,3,6.236432738344639e-08,1.6372811882147475e-15,7.596114800609383e-12,0.9089275414708231,0.09107136570846822,1.0304487828941062e-06,0.0,ID: 1630172
1630173,0,0.9999999999999218,4.101652635096723e-68,1.2433002010321286e-28,1.8159634656574567e-31,5.433853644901632e-20,7.926554687612671e-14,0.0,ID: 1630173
1630174,4,1.4488456061311864e-09,2.4378011179895667e-18,8.59380578414952e-10,3.0008540546393445e-05,0.9999699891512158,1.0844005413936827e-14,0.0,ID: 1630174
1630175,1,5.299620644835504e-07,0.9951047228341587,0.004894737874185883,1.3435626525903683e-14,9.32957699452064e-09,3.1383309884928274e-48,0.0,ID: 1630175
1630178,2,9.673904780475663e-16,0.00014374452891735307,0.9998458406576228,1.2500202512213072e-17,1.0414813459282663e-05,3.630032610294607e-52,0.0,ID: 1630178
1630180,4,4.849670057993809e-05,9.12456580500417e-25,1.1354980516634716e-06,6.886981426811208e-10,0.999950367112671,2.5221068335177633e-18,0.0,ID: 1630180
1630182,3,3.0076423109513233e-19,4.3391870980918366e-41,2.752528460143122e-40,0.8835294042606247,6.124555532315479e-14,0.11647059573931502,0.0,ID: 1630182
1630183,4,4.568993532435566e-08,3.865953068649715e-07,3.52196856390367e-08,1.754242997497911e-07,0.9999993570707726,1.2685783316677044e-22,0.0,ID: 1630183
1630188,5,1.831533822929105e-08,1.0864060299914326e-71,1.5047013680296142e-28,1.8200992939500787e-09,1.0664042428844733e-08,0.9999999692005201,0.0,ID: 1630188
1630191,5,4.443714449522147e-12,1.1508723612484818e-69,8.322979106409633e-26,1.973500848904938e-07,1.1138245024942917e-10,0.9999998025340897,0.0,ID: 1630191
1630192,6,1.0150736605818244e-11,5.890941606608671e-83,2.153598111258994e-35,6.039020735927811e-29,1.8476252077396037e-17,7.318030669330567e-05,0.9999268196831556,ID: 1630192
1630193,1,2.4292565802708363e-14,0.999999494475693,1.4750088556160086e-08,8.275247631537568e-08,4.080217185062799e-07,1.9544655148829292e-32,0.0,ID: 1630193
1630194,6,3.928055729943409e-07,1.1638198610771188e-92,9.018270238241289e-29,2.628783779733885e-138,5.587917646414905e-31,3.887145804969643e-12,0.9999996071905394,ID: 1630194
1630198,3,1.9755712253986187e-17,2.2423738383013273e-34,8.202499219192685e-26,0.9999967326195556,3.2673799655306233e-06,4.804722710711028e-13,0.0,ID: 1630198
1630200,1,1.0405495980571762e-10,0.9999908876567758,8.926734032236399e-06,1.2423745858157398e-14,1.8550512426841947e-07,4.8393023771712994e-26,0.0,ID: 1630200
1630202,1,2.4608740538563486e-14,0.9999222772690548,7.697976256395103e-05,1.1619572454597314e-11,7.42956736362575e-07,1.2141453167476976e-47,0.0,ID: 1630202
1630208,6,2.424984273953939e-15,5.4548859757175334e-114,8.445645099206304e-49,4.549482072407244e-154,1.7684314391990904e-48,3.11614356742623e-20,0.9999999999999982,ID: 1630208
1630217,1,5.084762313234987e-10,0.8652601408083536,0.079179325917605,3.90939310342798e-11,0.05556053272647174,3.790285303196445e-35,0.0,ID: 1630217
1630224,2,2.334984726121761e-19,1.510529450361832e-05,0.9999848467584409,7.28737245236275e-26,4.7947056268489966e-08,4.449817089720447e-88,0.0,ID: 1630224
1630228,4,0.1660193999109675,3.427532775988202e-09,8.31263692363654e-05,1.4074421216230213e-07,0.8338973295480512,2.9166033047670606e-16,0.0,ID: 1630228
1630230,4,0.007753521864057052,7.373854324146645e-06,0.004742948352778802,3.0491594092113005e-14,0.9874961559288096,2.5534745303339557e-19,0.0,ID: 1630230
1630241,3,6.224419684008302e-15,9.46728302160004e-32,1.82313297695704e-21,0.9999993454205385,6.545625931023474e-07,1.6861608435442807e-11,0.0,ID: 1630241
1630245,1,1.7602398808553174e-07,0.9300572473230668,1.2861274533779497e-06,0.002831393450717576,0.0671098970747449,2.915814460706793e-14,0.0,ID: 1630245
1630249,3,1.2243063841457416e-15,7.303729718172263e-21,5.5104285687001216e-17,0.9988477002295301,0.0011522997690984948,1.3701599692555149e-12,0.0,ID: 1630249
1630264,6,8.437268404173647e-07,4.820656739975426e-69,1.378980492288274e-25,3.2401554293786542e-24,2.3587684671602338e-11,0.002728701247121929,0.9972704550024495,ID: 1630264
1630311,1,3.1587988964556776e-07,0.9993530314435964,0.0005868792605848812,4.2951602696124206e-08,5.9730464327249514e-05,1.0777080105486668e-27,0.0,ID: 1630311
1630314,1,1.1393235361076101e-11,0.9812321197586042,0.018767768630131344,3.368476351789511e-15,1.1159986807891588e-07,2.0118918933745446e-39,0.0,ID: 1630314
1630529,4,3.0411671721280707e-06,9.404991494421388e-07,2.6142560562309137e-09,0.0042121890574437545,0.9957834567984947,3.698634838684067e-07,0.0,ID: 1630529
1630530,4,6.99380621237147e-11,0.0006812995118722681,0.00016609213073039806,1.7142322288417534e-05,0.9991354659651701,3.787301528627269e-28,0.0,ID: 1630530
1630532,2,0.0013433431026091476,4.784681303178324e-11,0.9688607114200827,8.7712185862865e-20,0.029795945429461932,7.002259112304522e-30,0.0,ID: 1630532
1630533,4,3.1144453779123843e-12,1.081848588196041e-21,1.0123058474397403e-17,0.01968651228834812,0.9803134711645834,1.6543954261015232e-08,0.0,ID: 1630533
1630534,3,4.922266025161613e-08,7.165565040755608e-20,4.047642466783188e-21,0.9605125756674409,0.0006589909919266697,0.03882838411797364,0.0,ID: 1630534
1630536,1,1.2242335698424655e-10,0.9999805238622653,1.9470931767041275e-05,1.134007017349657e-10,4.970143154135867e-09,7.948199729010212e-35,0.0,ID: 1630536
1630538,1,1.34702525050268e-12,0.9990112846620623,1.3102783247135248e-05,0.0006853686690397473,0.0002902438843044775,5.770448294592241e-26,0.0,ID: 1630538
1630540,1,3.081923732825353e-12,0.6427939374592478,8.78792599765733e-08,0.31382514167711595,0.043380832981295844,7.35010916732768e-29,0.0,ID: 1630540
1630541,4,3.816452068127512e-14,1.3319997038387951e-14,1.5270104615378295e-17,0.16499006909516886,0.8350099309043458,4.341760307356152e-13,0.0,ID: 1630541
1630543,6,2.522175519426474e-13,1.0132155684623884e-293,1.5208978145703188e-61,0.0,5.287547125710753e-217,1.547875023003214e-87,0.9999999999997478,ID: 1630543
1630544,1,2.702462381061918e-12,0.994954730846462,0.0050446614370903385,2.198236841065912e-12,6.077115462627337e-07,1.2774449791223188e-54,0.0,ID: 1630544
1630545,1,4.733582988318288e-11,0.9999095152658071,3.6130741755430296e-06,5.921023185530126e-13,8.687161208959667e-05,1.8171748191105786e-28,0.0,ID: 1630545
1630549,5,8.233616671905633e-05,7.861965611768115e-63,3.721272639012392e-21,2.334320688755037e-36,3.344617734006913e-13,0.9999176638329467,0.0,ID: 1630549
1630551,5,2.02622009477415e-07,1.5569529873508897e-29,3.221819768066423e-15,0.0008312194506614435,0.0015211768707663656,0.9976474010565588,0.0,ID: 1630551
1630552,2,3.577822493113944e-05,7.834580527099854e-08,0.9990925153024727,1.6303003115463471e-18,0.0008716281267915754,2.0557278201867548e-23,0.0,ID: 1630552
1630557,4,3.238924396257503e-09,1.126061159894707e-22,1.079309640506934e-11,0.28146773881890824,0.7185322189725258,3.895884912216108e-08,0.0,ID: 1630557
1630558,1,8.71407467373524e-08,0.9988639688387383,5.8103301401121396e-11,0.0011344873483642806,1.456614046067216e-06,2.793808765678363e-16,0.0,ID: 1630558
1630559,1,6.687771984592636e-12,0.900600672814544,0.09935623756140734,2.8783819122104512e-11,4.308958857806322e-05,1.0093168376763893e-43,0.0,ID: 1630559
1630560,2,1.039992749051134e-20,4.498776816452796e-07,0.999999546336319,7.658841963441472e-31,3.785999560262149e-09,2.8626226785931475e-91,0.0,ID: 1630560
1630567,0,0.9999439596039528,2.0234851183147354e-29,5.6040393703758605e-05,4.51580919109481e-84,2.3433081522788727e-12,4.8068182047233866e-18,0.0,ID: 1630567
1630568,6,6.391742996535118e-12,8.997539000208695e-89,3.492927007880873e-38,3.1839773173392376e-38,1.9556380873965904e-23,2.96198566716968e-08,0.9999999703737523,ID: 1630568
1630570,0,0.8774616575288874,3.012556602024682e-17,1.3448891534900222e-05,2.205210730545914e-05,0.12250253289601964,3.0857625151737067e-07,0.0,ID: 1630570
1630572,5,5.95252105691209e-06,4.7496475554818474e-54,7.416255062134013e-22,0.0004311922605019695,6.971276995138665e-05,0.9994931424484895,0.0,ID: 1630572
1630573,3,9.958459366707546e-13,2.4731847853080865e-36,1.8976002582175677e-20,0.9930856126741765,0.00691396205672518,4.2526810238852644e-07,0.0,ID: 1630573
1630577,3,1.5930630291966838e-16,1.0862158611370943e-44,1.5595169838934307e-27,0.9998813500663598,8.175131524060579e-07,0.0001178324204876996,0.0,ID: 1630577
1630578,0,0.9999999989251833,2.4348132855811408e-51,1.074817445516415e-09,8.062237011701245e-124,1.386250793975676e-23,3.4772980672763686e-26,0.0,ID: 1630578
1630579,6,2.529374491079052e-14,7.021976033018079e-305,9.077181718289597e-66,0.0,8.085733759560549e-223,2.0517388778237347e-90,0.9999999999999751,ID: 1630579
1630581,1,2.4387707520665524e-09,0.9999977216366551,2.1241297451133295e-06,4.062176543607447e-09,1.477326519859577e-07,1.2809339706224709e-23,0.0,ID: 1630581
1630583,5,0.004578493959284178,1.2472466783008226e-46,7.664858757865943e-17,2.2959083881054134e-09,0.017867632360016917,0.9775538713847903,0.0,ID: 1630583
1630591,1,1.121189761896058e-11,0.9999928832700021,4.866190922479329e-08,4.8892492606668e-06,2.178807615651845e-06,2.455079553953788e-28,0.0,ID: 1630591
1630592,4,4.5790648255788356e-08,1.168536989231327e-06,2.63301249689752e-09,0.00048474590146198445,0.999514037111565,2.6322798066518048e-11,0.0,ID: 1630592
1630595,2,2.9023206042832556e-10,1.083849166404835e-05,0.9999891611964561,7.198651180013551e-28,2.164785729405542e-11,8.532038696120942e-55,0.0,ID: 1630595
1630596,0,0.9655674927878416,3.404097694295621e-30,2.8164297068377448e-08,4.698198296658487e-10,0.03441330527380692,1.9173304234012397e-05,0.0,ID: 1630596
1630598,1,7.470597996958779e-10,0.5575097422307351,1.011386630978073e-06,0.008351234382766158,0.4341380112528086,3.105806667829151e-17,0.0,ID: 1630598
1630611,3,4.1621716474874725e-11,2.4382243643618785e-14,2.6339494314038538e-14,0.9920945027584033,9.863203149931714e-05,0.007806865168423756,0.0,ID: 1630611
1630619,6,1.829609857633841e-16,1.9835127476879398e-307,3.906923787519395e-71,0.0,8.887230217025468e-226,9.796550664693151e-92,1.0,ID: 1630619
1630631,1,3.422302445297916e-13,0.9998573258534743,6.959173837214557e-10,0.00014263806261824276,3.538764837394324e-08,3.1067730254988306e-26,0.0,ID: 1630631
1630643,5,2.2899957292394124e-15,5.989964685584654e-72,1.6709449696229283e-27,0.00011525926514929543,1.150128479001333e-08,0.9998847292335638,0.0,ID: 1630643
1630692,3,2.8924622598037188e-05,2.386212358983235e-10,2.2130490201678778e-13,0.9447450330149977,0.055219142542762015,6.899580799724549e-06,0.0,ID: 1630692
1630696,3,0.0019879404393771836,0.019945662890864083,5.463974807085537e-09,0.7644717113702699,0.2135946452832724,3.4552242364642583e-08,0.0,ID: 1630696
1630700,0,0.9102461712161951,9.699190188972142e-06,1.9511394086201256e-06,5.738599267933436e-06,0.0897364170091591,2.284578061822823e-08,0.0,ID: 1630700
1630702,4,2.339613335053856e-10,1.4491851010646742e-06,4.8782310362930535e-08,6.514671069062397e-08,0.9999984366519178,3.5106426995851946e-39,0.0,ID: 1630702
1630703,1,4.946418528935317e-16,0.9999993109303358,6.872388448296016e-07,4.4028632294272895e-12,1.8264158505694976e-09,6.624594561541845e-39,0.0,ID: 1630703
1630811,1,8.429050208075059e-18,0.9999999222290435,5.86562448681188e-08,4.369358131214196e-09,1.4745353020272e-08,5.3964460822591725e-33,0.0,ID: 1630811
1631093,3,7.127606364071948e-09,0.012639303868567316,3.679477531575343e-12,0.9871980354765161,0.0001626535236295803,4.1957086039637364e-16,0.0,ID: 1631093
1631094,2,3.807679127486835e-05,1.7006029161241066e-11,0.9995515477026957,2.1885000011505393e-22,0.00041037548902252846,9.993808731902923e-30,0.0,ID: 1631094
1631095,4,7.03495483830441e-06,7.768904025958049e-25,3.92942799488566e-11,1.341288494398088e-06,0.999991623711189,6.183982350432899e-12,0.0,ID: 1631095
1631096,0,0.6580278506898628,7.224976166398462e-30,5.21014998082456e-08,5.001401115585429e-12,0.341872827993967,9.92692096689213e-05,0.0,ID: 1631096
1631097,2,7.359278311362867e-08,0.0008676898941280464,0.9532483467623567,1.1561497010367421e-24,0.04588388975073226,1.4689365844598445e-34,0.0,ID: 1631097
1631099,4,4.1865822327313856e-07,1.3578083326241098e-17,6.954484359995573e-05,3.188965031567297e-29,0.9999300364981774,1.4939836442488323e-31,0.0,ID: 1631099
1631101,2,5.068246678789957e-13,4.8529479227666975e-06,0.9999717359711191,1.674336875565798e-22,2.3411080451568635e-05,1.0044633383946418e-81,0.0,ID: 1631101
1631105,0,0.9999272283160651,1.4002242269501864e-257,6.081210862750249e-41,0.0,3.299446609817076e-202,1.0954310293788053e-80,7.277168393603493e-05,ID: 1631105
1631106,4,0.0007536478127658878,8.118953482580025e-13,3.395558616398437e-14,1.3299265609486343e-06,0.9990592885623907,0.00018573369743636606,0.0,ID: 1631106
1631107,3,1.1658522151646044e-08,1.2663199178135012e-24,3.7792380643470793e-19,0.9995836898244325,6.23922007326581e-06,0.0004100592969716723,0.0,ID: 1631107
1631108,4,5.898943228449472e-16,0.00017396542506865548,5.030605129852465e-06,0.009356393751150343,0.9904646102186516,7.689865086389678e-23,0.0,ID: 1631108
1631109,6,9.125570164207303e-16,6.247e-320,6.846431180991981e-71,0.0,8.003679691204252e-225,1.316427230270897e-91,0.9999999999999991,ID: 1631109
1631114,2,1.6899222196041338e-08,6.747232141137583e-05,0.9999320871442614,4.16821870977086e-23,4.236351063564558e-07,1.0129746304785637e-52,0.0,ID: 1631114
1631119,5,4.368527607252215e-10,1.186823522061693e-62,7.661162257035963e-26,2.57102957535537e-07,1.0831803706571447e-09,0.9999997413770082,0.0,ID: 1631119
1631121,4,7.682491735286281e-10,6.120719266697983e-10,8.55548799359858e-09,6.723694870493117e-06,0.9999932661598504,2.094697466935907e-10,0.0,ID: 1631121
1631124,4,1.427018383110179e-11,5.31063716461248e-05,8.915153677037038e-06,1.9483535554152408e-08,0.9999379589768703,2.1075641760070937e-27,0.0,ID: 1631124
1631126,1,6.665449730492855e-11,0.9550208600386075,1.9970683262479263e-05,0.0007706735156904257,0.044188495695783495,1.1660126891983792e-30,0.0,ID: 1631126
1631128,5,3.209660877973053e-05,3.2443982400734133e-21,8.374532255478959e-18,0.004137815837975357,8.724104754749654e-05,0.9957428465056961,0.0,ID: 1631128
1631133,5,2.0827726569567708e-09,9.366859208073305e-44,3.9325930829172194e-30,6.110919794978483e-09,1.84523140393497e-08,0.9999999657586264,7.595366264528032e-09,ID: 1631133
1631157,1,3.392525874562385e-13,0.9999096753300277,9.030082126252078e-05,4.032933347132181e-12,2.38443376483263e-08,2.1590506693888695e-43,0.0,ID: 1631157
1631159,3,3.333924300611429e-08,1.3467963023776876e-12,2.1108409311705153e-16,0.9999232409913682,5.934190117155754e-05,1.7383766869365725e-05,0.0,ID: 1631159
1631165,3,7.139283810910467e-11,9.079644644758573e-15,1.3468817736016791e-21,0.9999992879179227,7.086156433109038e-07,3.395031297466396e-09,0.0,ID: 1631165
1631169,3,3.9001819704335646e-13,8.959408033614642e-17,1.1197706902172224e-20,0.9980871109087768,0.001800879259436511,0.00011200983139591726,0.0,ID: 1631169
1631170,4,0.31721206790028855,0.0004448893098542091,5.849972471911886e-06,8.537251924792197e-05,0.6822518202980881,4.997837644884348e-14,0.0,ID: 1631170
1631172,2,2.6056729517070498e-08,0.31844677057989174,0.679572820545062,3.4395645417647005e-09,0.0019803793787519152,3.243454222017823e-41,0.0,ID: 1631172
1631200,3,1.4258627427395792e-15,7.136417705938472e-28,2.9918120717469296e-27,0.9986075180700384,1.6922666381530207e-08,0.0013924650072924386,0.0,ID: 1631200
1631207,3,1.1593898417063032e-09,2.870603583657536e-09,1.232167699389038e-17,0.9999996598801754,3.3474433797302015e-07,1.3454929729028579e-09,0.0,ID: 1631207
1631212,4,0.0009504736135872688,0.0009345595389010546,0.0002253381140239231,1.053725320730943e-11,0.997889628722646,3.052910391849881e-13,0.0,ID: 1631212
1631213,3,2.2741921826954858e-11,0.28453806488207956,7.15142085837147e-10,0.7151085845758498,0.00035334980418515747,1.9468756523111496e-15,0.0,ID: 1631213
1631217,6,1.073978810387678e-15,3.045282871900425e-298,4.147563737515204e-62,0.0,4.104159500138096e-220,7.369662847853138e-91,0.9999999999999982,ID: 1631217
1631221,1,3.242607368126901e-14,0.9999925622370849,2.0673071713794914e-07,5.079263810079916e-06,2.1517683546587033e-06,3.1597474947859126e-37,0.0,ID: 1631221
1631222,5,6.536522825301116e-06,1.243170612568972e-24,2.2485399681394077e-18,0.4794651786728766,0.00015894958185326723,0.5203693352224443,0.0,ID: 1631222
1631230,5,0.00028971273683780455,1.0145444266478332e-51,8.268122642347699e-24,5.762929631224817e-53,6.710526277999165e-11,0.9923529777129391,0.007357309483119255,ID: 1631230
1631243,5,4.199319985540641e-10,1.0534098761981329e-52,9.363992457919565e-33,5.29529688799175e-17,6.861955189383142e-13,0.9996189106122044,0.00038108896717649885,ID: 1631243
1631245,1,1.1803922101571762e-10,0.9997835089583909,3.1170105923600127e-07,9.382096277180461e-07,0.0002152410128835825,6.962123443468444e-17,0.0,ID: 1631245
1631246,1,4.149820075159605e-08,0.9991474233987538,8.387386028419055e-10,0.000836503595548707,1.603066875853444e-05,5.308463964676475e-18,0.0,ID: 1631246
1631248,3,1.2548588560598582e-11,3.0325982954535737e-16,3.868152919057828e-15,0.9998157714577706,0.0001842285290460754,6.307928564912743e-13,0.0,ID: 1631248
1631250,5,7.477276923261306e-11,2.5893987320530198e-61,1.198909144042149e-27,0.0001612067188229481,1.806159211822756e-10,0.9998387930257882,0.0,ID: 1631250
1631255,6,1.0859929650434736e-08,6.104578776354975e-65,6.610834806286545e-30,1.0173181522141253e-11,6.057119752662075e-11,0.12105068513287774,0.878949303936449,ID: 1631255
1631260,3,2.970787726762776e-19,2.1822711328137717e-23,7.213330329452382e-27,0.9999999999475229,1.2300933683785935e-11,4.0177469775451086e-11,0.0,ID: 1631260
1631321,3,9.789763378310612e-09,5.638944282501184e-28,9.212623406511523e-24,0.9901275974224644,1.2173407893558036e-07,0.00987227105369338,0.0,ID: 1631321
1631323,3,6.830043535247392e-21,1.9400733764612023e-32,3.511342545194744e-31,0.9999999404240718,4.888652649384776e-09,5.468727610046524e-08,0.0,ID: 1631323
1631342,3,1.469592524283596e-12,3.0303168289384964e-26,7.081074581847716e-24,0.9885449447702631,0.0001897931390493502,0.011265262089218226,0.0,ID: 1631342
1641705,0,0.9949105915188494,7.351322076502262e-28,0.0021255345615848976,5.316918416819673e-39,0.0029638739195646867,9.326926862820618e-17,0.0,ID: 1641705
1641706,4,6.819030749899443e-08,1.7947329329424746e-08,0.07492605385058694,3.785760261325861e-11,0.9250738599739181,5.2768153707992595e-39,0.0,ID: 1641706
1641707,5,1.3930753166891419e-06,2.7004170730632696e-66,9.18939639096852e-24,1.8803114394708942e-05,4.754556264437643e-05,0.999932258247644,0.0,ID: 1641707
1641708,0,0.9999974807544242,1.7280728666996658e-12,2.5192427906500545e-06,2.774291237120744e-73,1.0561682208389525e-12,8.253898641602038e-22,0.0,ID: 1641708
1641709,0,0.9999999400426649,8.024723504303068e-22,5.995468297506609e-08,2.627375710127333e-74,2.6480583855270702e-12,3.8521028202578486e-15,8.52375055640739e-37,ID: 1641709
1641710,1,6.6986435956879e-09,0.9669339303768103,2.5005741259403002e-05,1.0423768893708741e-05,0.0330306334143922,3.3181096804302535e-20,0.0,ID: 1641710
1641711,4,2.9037729639825363e-10,8.7485599657195e-28,8.998565298614383e-18,0.042979772776570224,0.9570202269196093,1.3442297359190371e-11,0.0,ID: 1641711
1641712,3,6.1036713366994e-07,6.3097979390443976e-12,4.577993959447871e-16,0.9832521956869833,0.01672232825688321,2.4865682689278294e-05,0.0,ID: 1641712
1641713,4,1.6800870956252462e-07,6.655034375583933e-09,4.166212713007454e-07,1.6688982784634173e-07,0.9999992418248663,2.9019179706836435e-13,0.0,ID: 1641713
1641716,4,1.1691606364910828e-07,2.5509345777581144e-07,1.0676985531623922e-06,1.3513688987909688e-05,0.9999850466029382,1.3086386296960223e-16,0.0,ID: 1641716
1641717,1,4.6937364708749474e-08,0.9898715276453458,3.0520558794593177e-07,0.003341278173705217,0.006786842037989048,8.195415826194725e-15,0.0,ID: 1641717
1641718,2,3.938548169337466e-13,5.687999662825709e-05,0.999927781051392,2.544139168785239e-21,1.5338951584530646e-05,6.358668097791232e-45,0.0,ID: 1641718
1641722,4,2.216474849322826e-14,2.3598148316972905e-07,1.5955822975170103e-08,3.781651219717797e-05,0.9999619315504727,1.6564927472695892e-51,0.0,ID: 1641722
1641724,4,2.505831386746376e-12,4.2367494431994145e-09,7.888696641562625e-12,0.000386872012764928,0.9996131237400919,2.0714248050006092e-21,0.0,ID: 1641724
1641729,4,2.099734563500827e-11,2.7624218889506776e-08,1.1379981914366635e-05,1.6750067125627314e-08,0.9999885756228017,6.793961288735744e-36,0.0,ID: 1641729
1641730,4,1.346903889597218e-10,1.5809939374286078e-18,1.6855824559858123e-14,0.005379350892594445,0.9946206330883669,1.5884330924698594e-08,0.0,ID: 1641730
1641731,4,1.1859737239063731e-07,0.0071852969686233325,0.00011204416949598994,3.4658067537672778e-06,0.9926990744576862,6.862146046752245e-14,0.0,ID: 1641731
1641737,6,4.4683781259211255e-14,4.668175528623422e-74,1.5026094631181968e-37,8.896619856148041e-22,1.423375333469272e-22,3.2343723022579284e-10,0.9999999996765183,ID: 1641737
1641738,3,5.19412092721583e-08,5.193234190470072e-22,1.668313400348446e-14,0.9999761767041901,2.319256137820507e-05,5.787932050554422e-07,0.0,ID: 1641738
1641739,3,1.076338141206726e-11,3.375834934665735e-22,1.0234736926622341e-18,0.9895878870652606,1.1507938077124834e-05,0.010400604985898069,0.0,ID: 1641739
1641740,4,0.0005553510361282934,5.895686755482159e-20,2.083659256936878e-18,0.007908085024967643,0.9402664842924586,0.05127007964644616,0.0,ID: 1641740
1641750,6,7.60905142053796e-21,5.8468638454e-313,7.594439545612782e-82,0.0,4.680288375832857e-234,5.334482977072946e-93,1.0,ID: 1641750
1641757,1,0.00019510758231846632,0.6427894384054539,0.0002609658551853729,7.259855905631028e-09,0.3567544808971839,1.158054359114672e-15,0.0,ID: 1641757
1641764,1,9.810622788114716e-12,0.9999881816427488,6.753891466277475e-07,2.700957703454678e-06,8.442000590635444e-06,1.4477509512319977e-27,0.0,ID: 1641764
1641765,5,1.738466406171025e-05,2.1405045239965646e-36,1.7046121383943027e-16,0.09557344487003286,0.007455322924857486,0.8969538475410461,0.0,ID: 1641765
1641767,3,5.857881583125435e-10,4.846234814253841e-12,1.1221780394302525e-14,0.9851034146201578,0.014862312138719237,3.427265047658094e-05,0.0,ID: 1641767
1641772,5,2.1778826825212647e-14,9.60485755934754e-41,5.282641214503221e-28,0.004360528995736464,5.775189498336583e-09,0.9956394652290521,0.0,ID: 1641772
1641774,0,0.999991535976873,1.1814174297455613e-52,1.8812264939306752e-14,6.793017625406454e-45,4.910519776898821e-06,3.5535033295768862e-06,0.0,ID: 1641774
1641775,5,2.865149446113734e-14,1.765256152851548e-40,1.4211057409957572e-27,0.011405902860306964,4.561223715811406e-08,0.9885940515274276,0.0,ID: 1641775
1641783,4,2.395403564382852e-09,2.3585867999334447e-14,5.216485822937237e-11,6.982903393844687e-06,0.9999930128866297,1.7623849495134267e-09,0.0,ID: 1641783
1641796,3,0.001116949453554812,0.0007427251113272962,4.56202864222428e-11,0.6710421425154743,0.32709571092649387,2.47194752770444e-06,0.0,ID: 1641796
1641824,4,1.0052068653263893e-08,5.780301033132996e-06,2.419136621529806e-08,0.044122590016341105,0.9558715868847119,8.554478707938942e-09,0.0,ID: 1641824
1641842,4,0.0018537138510327645,2.2677350253481426e-14,1.3205872769526462e-13,0.010761308054808691,0.9489449657448574,0.03844001234914707,0.0,ID: 1641842
1641854,1,6.4104638805815255e-06,0.9995926512255208,1.600882538382775e-06,0.00018837048960824727,0.00021096693845229546,4.4049032825002565e-16,0.0,ID: 1641854
1641989,3,4.6821106708624213e-07,0.04304470960708396,7.085476312296135e-11,0.9565102429889947,0.0004445791218254517,1.7578428751781198e-13,0.0,ID: 1641989
1642258,4,1.5667058588156462e-10,7.839410957658943e-23,2.7351225725079886e-16,2.1763261390098955e-07,0.9999995522491049,2.2996161200423763e-07,0.0,ID: 1642258
1642259,0,0.999926906319089,5.707176017987409e-50,1.6906701122334747e-13,6.212420696166049e-33,1.8107873611347361e-06,7.128289338059175e-05,0.0,ID: 1642259
1642261,4,1.4479882581538674e-12,4.8201990054085885e-12,5.684786479775014e-11,5.8132117309826416e-05,0.999941867819575,7.121161974333256e-21,0.0,ID: 1642261
1642262,4,0.0008723117321755263,2.442738965642828e-10,4.5652680155851125e-07,7.422400911439532e-08,0.9991271572193382,5.3400988028906446e-11,0.0,ID: 1642262
1642263,1,1.976896464817556e-12,0.99372047128072,0.00011891947233762728,2.9784674338944674e-05,0.006130824570626705,6.435485301857228e-35,0.0,ID: 1642263
1642264,1,2.108293976117875e-06,0.999953408114372,4.3274746927052556e-05,1.9990420724364392e-11,1.2088247335649193e-06,4.4407895756860114e-29,0.0,ID: 1642264
1642265,1,1.3230974287524461e-10,0.9947127130151097,0.0052869641447944125,3.021670161201006e-13,3.227074846437941e-07,3.469797121244963e-39,0.0,ID: 1642265
1642266,3,2.749790901840409e-12,4.1859074256158835e-25,1.1519135896247523e-24,0.9904972537958271,0.0007135488372560302,0.008789197364167894,0.0,ID: 1642266
1642267,1,1.9868730632967694e-12,0.9999958588384442,3.443994092093925e-06,3.459567206407537e-09,6.93705910192188e-07,1.1730695520076887e-41,0.0,ID: 1642267
1642268,1,3.9363556367424145e-09,0.9997895499860817,0.00021044561958288226,3.4902662451191295e-19,4.57979213894278e-10,1.872191014304329e-33,0.0,ID: 1642268
1642269,1,2.4814476349119394e-09,0.9999967772129592,4.069249143421987e-07,7.083409311830495e-07,2.105039748133815e-06,5.8183921825306835e-24,0.0,ID: 1642269
1642270,5,4.340504306525685e-12,7.302339467147192e-72,2.4867774184857164e-29,4.046992290043273e-09,3.554658452454818e-13,0.9999999959483112,0.0,ID: 1642270
1642271,4,0.06103646183784619,1.8156564050164176e-27,1.2487423140977327e-09,1.8088395724752189e-06,0.7883114726476439,0.1506502554261952,0.0,ID: 1642271
1642272,4,1.7125940004800718e-14,0.06725539217230891,0.016729922797972856,6.272871088518413e-08,0.9160146223009894,2.244182374105097e-39,0.0,ID: 1642272
1642273,2,2.5810320060502154e-08,0.3418546015852339,0.6472998976787255,1.9298055924641664e-07,0.0108452819451604,5.210417575154826e-34,0.0,ID: 1642273
1642274,6,4.531732859992234e-09,1.996855638290466e-282,3.6010406692153835e-54,0.0,1.277661919861925e-209,1.4703627273348438e-83,0.9999999954682668,ID: 1642274
1642275,5,2.8441148962997533e-13,1.0858033012002332e-55,1.7048391726065463e-25,0.0021908546903541,1.2096400727727592e-08,0.9978091332129608,0.0,ID: 1642275
1642276,5,1.4225253969281468e-07,8.999349960056744e-68,8.400132823805493e-30,7.392223746953302e-12,1.4355738200666266e-09,0.9999998563044944,0.0,ID: 1642276
1642277,5,4.504280944454834e-11,8.657138885092808e-46,5.7589206324033e-27,0.007552025196834535,9.02009450261445e-09,0.9924479657380288,0.0,ID: 1642277
1642278,1,6.826754520798733e-11,0.9999999140930705,6.620963016609475e-08,1.3191161185718104e-08,6.437870038634312e-09,6.096400175573606e-29,0.0,ID: 1642278
1642281,4,0.0006537888961620062,4.807786800873342e-22,9.582083440103206e-13,0.0003532514423660846,0.6081627846188824,0.39083017504163076,0.0,ID: 1642281
1642285,1,1.6156642947231274e-12,0.9999963341788504,3.41366376592196e-06,8.533771634377718e-14,2.521556831789798e-07,3.178565328566709e-36,0.0,ID: 1642285
1642345,0,0.9999564666399965,1.7759729301869858e-253,1.3199298762084019e-42,0.0,1.7831277694402808e-205,3.8681830065962454e-83,4.353336000226614e-05,ID: 1642345
1642346,5,3.342394384260316e-05,3.855335748255178e-24,9.229090442269832e-19,0.09142702397761408,0.0022182218651555425,0.9063213302133872,0.0,ID: 1642346
1642347,1,1.531720723932433e-10,0.9999999263985133,9.3319494278036e-10,7.243736311307061e-08,7.775647866128281e-11,2.544534604740972e-25,0.0,ID: 1642347
1642348,4,5.09936864772691e-07,4.0692980964651225e-13,7.418388245206986e-14,0.2784264353166211,0.7215730518487414,2.8972931644637094e-09,0.0,ID: 1642348
1642349,1,7.601707913326886e-08,0.9510264506565096,0.04897141588008744,7.78332263007866e-18,2.0574463232427427e-06,1.018319037916483e-39,0.0,ID: 1642349
1642363,1,6.699639294298284e-06,0.6842563411200536,3.215591149131312e-05,2.516926220210308e-10,0.3157048030774682,3.909012001038767e-19,0.0,ID: 1642363
1642364,3,1.7664315629662644e-08,1.5436341648343582e-25,6.539465888396942e-14,0.775328529570046,0.143754618098909,0.0809168346666635,0.0,ID: 1642364
1642366,5,3.3896778830774677e-10,2.6762615518237545e-66,9.876128132463365e-27,5.887975820249018e-07,8.869712310770287e-09,0.999999401993738,0.0,ID: 1642366
1642383,1,3.384490414642787e-14,0.999999617687003,4.31553473888936e-09,3.7727962845484677e-07,7.177996715845615e-10,1.7579077110455127e-29,0.0,ID: 1642383
1642450,1,3.717863076566742e-10,0.999993415998524,6.5778167359546665e-06,6.411159868471803e-14,5.8128895938194165e-09,5.33049309301159e-37,0.0,ID: 1642450
1642461,5,7.041162471390877e-17,6.768067565771034e-52,2.734688546608384e-35,2.6335959430576935e-05,1.3840047648574437e-11,0.999973664026729,0.0,ID: 1642461
1642843,2,1.0170720733896274e-08,2.2236891357266683e-07,0.9999101257199593,7.025803263375755e-23,8.964174040567121e-05,4.1091826703166795e-48,0.0,ID: 1642843
1642844,1,3.037070058459374e-07,0.999852024533123,0.00012539117662816195,3.0934140849082398e-12,2.2280580149581438e-05,4.17524549656005e-28,0.0,ID: 1642844
1642845,4,2.3083772147625257e-05,0.0016900659646462272,0.008659725264372113,8.004219338270796e-07,0.9896263245769009,2.9600410049725303e-23,0.0,ID: 1642845
1642846,4,1.388269994039985e-11,1.5854050888198757e-14,2.433004105534124e-07,7.301799099315962e-17,0.9999997566856903,1.1311384054859618e-49,0.0,ID: 1642846
1642847,1,8.435016752409896e-12,0.9997498893884684,0.0002455578183398753,1.641572834032909e-10,4.552620599629669e-06,2.136785377178515e-34,0.0,ID: 1642847
1642848,4,9.9310116401779e-15,4.772471751951566e-06,0.06605747203599871,4.7034981238651196e-18,0.9339377554922388,5.396002341403787e-75,0.0,ID: 1642848
1642849,1,1.1433096806860443e-17,0.9999996133809611,3.843634283007991e-07,4.039092757953716e-11,2.2152196261193077e-09,5.9321254725043283e-33,0.0,ID: 1642849
1642851,4,1.0909895207560792e-09,6.171831784772982e-11,1.0783406276073116e-06,0.00035020427719592996,0.9996487162294683,1.506577721530332e-18,0.0,ID: 1642851
1642852,0,0.9999999999867057,9.984827811506314e-43,1.3293216224582978e-11,7.092481451568144e-114,2.6769143667105377e-19,6.75780860048796e-19,0.0,ID: 1642852
1642853,5,5.365286781451092e-13,5.409460391662311e-58,2.386141758661868e-38,0.03213628844396731,4.16974144779719e-07,0.967863294581351,0.0,ID: 1642853
1642854,5,1.2214019288851713e-09,2.3895327825548414e-48,2.3707428138619645e-31,0.00014823631716035933,5.650264610238723e-10,0.9998474380224008,4.323874009600219e-06,ID: 1642854
1642856,1,2.7204606933077453e-13,0.9647717487030443,2.1778399684131468e-08,0.035106637095684776,0.00012159242259949663,3.378336643028816e-20,0.0,ID: 1642856
1642857,3,7.699467084592931e-13,8.253599620694881e-10,7.866262323261902e-21,0.9999994379515015,1.2764159204079635e-09,5.59945953090212e-07,0.0,ID: 1642857
1642859,1,6.21220854970107e-09,0.9916128879406387,3.561574841133838e-06,0.00041496146880704336,0.007968582803503741,1.8205273683196093e-22,0.0,ID: 1642859
1642860,4,2.210230342804369e-07,0.3805219413555662,0.0025917766330035867,4.490756671748729e-08,0.6168860160808284,1.5413575466760243e-24,0.0,ID: 1642860
1642864,5,2.069606879755554e-08,4.4251717123618635e-23,2.3435293200744514e-20,9.39473353965038e-06,0.0012492565857401456,0.9987413279846498,0.0,ID: 1642864
1642867,6,1.4604607402484662e-09,1.6653781807871136e-83,3.98603146513531e-30,5.7526475421266804e-80,4.166638151735228e-23,6.712852715366767e-09,0.9999999918266873,ID: 1642867
1642868,3,3.069798165149562e-08,5.196935176863663e-40,1.1887993689268974e-25,0.7216619429037942,8.407387107574774e-05,0.27825395252714863,0.0,ID: 1642868
1642869,3,0.00020190158983518863,2.4420427592129236e-17,9.43766982129576e-15,0.9289835283363476,0.009404928423581609,0.06140964165022467,0.0,ID: 1642869
1642874,4,1.9275933218127038e-06,4.7799176053918104e-17,5.873512122082759e-07,0.0014214302152386533,0.998576037488858,1.7351368764876233e-08,0.0,ID: 1642874
1642875,6,1.3623005317848236e-09,7.931061547018243e-142,6.519708473148023e-37,3.328707760338312e-300,6.28036179556045e-62,1.8232622283664464e-24,0.9999999986376995,ID: 1642875
1642877,3,1.1081684587127697e-06,1.1337934028977123e-24,4.0946065882022714e-20,0.9654257905124303,0.034509737652219125,6.336366689185109e-05,0.0,ID: 1642877
1642878,1,1.6627853973734793e-11,0.9999908231604404,4.932969570125345e-06,2.5426525548837516e-11,4.243827934681101e-06,2.1871119809151244e-37,0.0,ID: 1642878
1642879,1,2.564439290723029e-13,0.9999975606990944,2.3925129040810053e-06,6.40688188997739e-10,4.6147056404141827e-08,1.1805864838466005e-27,0.0,ID: 1642879
1642880,1,1.38404303557181e-12,0.9999999931509116,1.3831639073416304e-09,3.389515832180878e-09,2.0750239453009443e-09,2.9616000219074127e-23,0.0,ID: 1642880
1642883,3,1.0723614924140428e-11,1.1282613751178632e-08,6.321422055517965e-12,0.9999800514489151,1.9923348774606793e-05,1.3902652331683162e-08,0.0,ID: 1642883
1642907,4,1.0711728095688001e-06,1.3165897478753706e-06,3.6896591638988097e-06,3.985471267251234e-07,0.9999935240197957,1.135708121244551e-11,0.0,ID: 1642907
1642914,1,1.2408785531194741e-08,0.9999978042299935,2.0060335123623695e-06,8.709947310904624e-14,1.7732762076427418e-07,5.901556912555712e-35,0.0,ID: 1642914
1642920,4,0.00022511171849736063,0.0004527190469630354,1.4108682285597488e-07,0.2087835991023391,0.7905384290427822,2.595672458376365e-12,0.0,ID: 1642920
1642928,6,1.7515069049722377e-23,5.203720911437793e-159,1.8087688339309718e-75,2.17554038804e-313,4.282760100697619e-93,8.204776615410329e-33,1.0,ID: 1642928
1642948,1,6.1490310049948624e-09,0.9973091546910765,0.0026908380847394547,1.1741562488761754e-27,1.0751517751300712e-09,5.35058758623793e-45,0.0,ID: 1642948
1642954,5,7.838156410903951e-15,4.1337635957745755e-25,5.484940774418816e-32,0.000722583568036492,6.7369240402337845e-12,0.9992774164252199,0.0,ID: 1642954
1642962,1,2.785366482334466e-07,0.8111577138725592,6.356973373143052e-07,0.0006880235364565661,0.18815334835699882,3.239756530275489e-17,0.0,ID: 1642962
