PLAYER_ID,AVG_DRIB_PER_TOUCH,AVG_SEC_PER_TOUCH,TOUCHES,SEASON,AST_TO_PASS_PCT,PASSES_MADE,POTENTIAL_AST,CATCH_SHOOT_FGA,CATCH_SHOOT_FG3A,CATCH_SHOOT_EFG_PCT,PULL_UP_FGA,PULL_UP_FG3A,PULL_UP_EFG_PCT,DRIVES,DRIVE_FGA,DRIVE_FG_PCT,DRIVE_PTS,DRIVE_PASSES,DRIVE_AST,REB_CHANCE_PCT,DREB_CHANCE_PCT,OREB_CHANCE_PCT,REB_CONTEST_PCT
2544,2.92,3.87,83.7,2024-25,0.143,57.3,14.8,3.2,2.9,0.619,6.1,2.5,0.451,10.3,4.9,0.525,6.4,3.6,1.0,0.645,0.695,0.369,0.266
101108,3.75,4.42,60.1,2024-25,0.149,49.4,12.6,1.7,1.6,0.566,5.1,2.9,0.529,4.1,1.3,0.538,1.5,2.4,0.8,0.59,0.583,0.611,0.159
200768,2.37,3.09,36.4,2024-25,0.088,31.1,5.1,1.8,1.8,0.492,1.0,0.7,0.444,2.0,0.5,0.526,0.8,1.3,0.3,0.475,0.519,0.314,0.194
200782,0.64,1.36,16.7,2024-25,0.0,14.0,1.7,1.7,1.7,0.9,0.3,0.3,0.0,0.3,0.3,0.0,0.0,0.0,0.0,0.4,0.444,0.333,0.375
201142,2.05,3.33,63.3,2024-25,0.113,37.6,7.6,5.7,4.8,0.669,8.2,1.2,0.518,10.5,6.3,0.581,9.0,2.6,0.9,0.67,0.702,0.284,0.273
201143,0.37,1.3,36.4,2024-25,0.079,27.2,3.7,5.3,5.1,0.53,0.1,0.0,0.438,1.1,0.4,0.44,0.4,0.5,0.1,0.636,0.645,0.57,0.334
201144,3.68,4.04,51.2,2024-25,0.107,41.8,6.7,2.3,2.3,0.649,2.9,2.1,0.469,5.3,1.7,0.387,1.7,2.8,1.0,0.58,0.6,0.471,0.159
201145,0.72,1.9,13.9,2024-25,0.068,9.3,1.4,2.2,2.2,0.577,0.7,0.2,0.595,0.7,0.5,0.688,0.8,0.1,0.0,0.611,0.662,0.423,0.276
201566,3.45,3.91,58.4,2024-25,0.148,41.2,10.3,2.9,2.8,0.495,2.3,0.9,0.325,9.2,3.1,0.502,3.9,4.4,1.1,0.602,0.634,0.471,0.327
201567,0.55,1.67,23.9,2024-25,0.055,17.5,1.9,2.6,2.4,0.508,0.6,0.4,0.607,0.5,0.2,0.25,0.2,0.3,0.1,0.588,0.649,0.44,0.33
201569,1.31,2.01,24.4,2024-25,0.096,17.3,2.5,3.2,3.2,0.625,0.5,0.4,0.548,2.9,1.3,0.469,1.7,1.0,0.3,0.46,0.514,0.276,0.174
201572,0.5,1.49,38.3,2024-25,0.068,26.3,2.9,5.1,4.5,0.541,1.0,0.2,0.417,1.6,0.9,0.569,1.3,0.3,0.1,0.507,0.506,0.471,0.466
201587,0.33,1.2,22.8,2024-25,0.057,18.9,1.6,2.6,2.5,0.657,0.2,0.1,0.25,0.1,0.0,0.0,0.0,0.1,0.0,0.584,0.598,0.461,0.321
201599,0.33,1.5,16.9,2024-25,0.073,12.9,1.5,0.0,,,0.0,,,0.0,0.0,0.0,0.0,0.0,0.0,0.655,0.714,0.491,0.401
201935,4.69,5.46,81.9,2024-25,0.157,55.5,13.7,1.5,1.5,0.63,9.4,6.9,0.476,14.8,6.2,0.477,8.7,5.6,1.7,0.613,0.675,0.264,0.204
201939,4.25,4.2,68.1,2024-25,0.14,42.9,10.3,5.3,5.1,0.645,8.1,6.1,0.536,8.7,3.6,0.474,4.4,3.8,0.8,0.588,0.632,0.385,0.206
201942,3.54,4.34,54.3,2024-25,0.14,31.8,7.8,3.5,2.4,0.489,9.9,0.9,0.484,9.5,4.4,0.557,6.5,3.7,0.7,0.544,0.584,0.37,0.252
201949,2.93,4.0,4.8,2024-25,0.103,3.3,0.8,0.3,0.3,0.0,0.3,0.0,0.25,0.5,0.2,1.0,0.3,0.3,0.2,0.75,0.857,0.0,0.167
201950,2.79,3.22,46.5,2024-25,0.112,34.5,7.4,3.2,3.2,0.598,2.5,1.6,0.404,4.8,2.0,0.524,2.6,2.2,0.6,0.504,0.524,0.444,0.29
201959,0.84,1.65,10.8,2024-25,0.08,7.1,1.1,0.5,0.1,0.375,0.1,0.0,0.0,0.2,0.2,0.167,0.1,0.0,0.0,0.529,0.552,0.468,0.475
201988,3.68,3.89,19.5,2024-25,0.06,14.9,2.3,1.8,1.8,0.529,1.2,0.8,0.5,0.6,0.2,0.333,0.1,0.4,0.0,0.5,0.545,0.333,0.182
202066,2.17,2.66,14.1,2024-25,0.1,11.1,2.0,0.9,0.8,0.313,0.6,0.2,0.281,1.0,0.4,0.417,0.4,0.5,0.1,0.569,0.667,0.409,0.241
202331,2.98,3.63,64.4,2024-25,0.098,44.4,7.7,3.7,3.3,0.56,7.2,3.1,0.459,8.8,2.8,0.534,3.9,4.6,1.0,0.564,0.596,0.308,0.269
202681,3.42,4.0,69.3,2024-25,0.104,44.5,8.4,3.1,2.9,0.646,7.9,3.8,0.487,11.7,6.5,0.514,8.5,3.4,0.8,0.567,0.602,0.451,0.175
202684,0.79,2.15,14.0,2024-25,0.055,11.0,1.2,0.1,0.1,0.0,0.2,0.0,0.0,0.6,0.5,0.263,0.3,0.0,0.0,0.612,0.713,0.372,0.373
202685,0.65,2.08,38.9,2024-25,0.072,28.1,3.2,1.6,0.4,0.466,0.4,0.0,0.31,0.9,0.7,0.571,0.9,0.1,0.0,0.598,0.659,0.458,0.413
202687,0.4,1.51,26.6,2024-25,0.053,20.9,1.5,0.1,,0.0,0.0,,0.0,0.1,0.0,0.0,0.0,0.0,0.0,0.513,0.535,0.439,0.38
202691,1.59,2.31,31.5,2024-25,0.118,17.1,3.6,6.2,5.7,0.612,4.2,1.9,0.421,3.9,1.5,0.396,1.4,1.8,0.5,0.572,0.58,0.468,0.203
202692,1.85,2.51,27.8,2024-25,0.054,20.9,1.6,3.4,3.4,0.633,1.3,0.8,0.592,1.9,0.9,0.429,1.0,0.7,0.0,0.611,0.63,0.429,0.234
202693,0.85,1.89,15.2,2024-25,0.141,9.9,1.5,2.3,2.1,0.426,1.5,0.3,0.304,1.1,0.7,0.273,0.7,0.2,0.2,0.579,0.594,0.273,0.409
202695,3.77,4.3,50.6,2024-25,0.112,28.1,5.1,3.4,3.0,0.623,8.0,2.1,0.476,10.1,5.3,0.472,6.1,3.2,1.0,0.656,0.684,0.467,0.256
202696,0.65,1.47,65.0,2024-25,0.074,47.3,6.0,5.8,4.4,0.578,1.2,0.0,0.533,3.7,1.8,0.5,2.1,1.4,0.2,0.646,0.673,0.509,0.408
202699,1.71,2.68,45.4,2024-25,0.071,31.3,3.6,3.3,3.2,0.562,3.2,0.4,0.403,3.9,2.4,0.469,2.7,1.0,0.2,0.574,0.614,0.38,0.303
202704,3.9,4.34,24.9,2024-25,0.076,19.2,2.7,1.9,1.8,0.491,1.4,0.6,0.364,2.1,1.1,0.486,1.1,0.8,0.1,0.656,0.63,0.727,0.238
202709,3.9,3.82,25.2,2024-25,0.069,20.9,2.8,1.8,1.8,0.56,0.7,0.3,0.431,1.6,0.5,0.5,0.6,0.9,0.2,0.565,0.613,0.395,0.23
202710,2.54,3.72,63.1,2024-25,0.118,46.0,11.0,1.6,1.3,0.459,2.1,0.4,0.387,12.4,3.3,0.495,5.8,6.8,1.6,0.561,0.615,0.49,0.355
203076,1.23,2.58,73.7,2024-25,0.073,48.6,5.2,3.6,1.9,0.44,3.8,0.4,0.415,5.0,3.2,0.512,4.8,0.5,0.1,0.624,0.653,0.504,0.451
203078,3.12,3.64,61.0,2024-25,0.086,42.7,7.0,3.8,3.5,0.594,4.8,1.4,0.467,9.8,4.0,0.592,5.9,4.2,0.8,0.555,0.601,0.362,0.266
203081,4.82,5.2,85.9,2024-25,0.118,60.0,13.0,3.6,3.5,0.618,8.7,5.4,0.513,11.6,5.1,0.537,7.5,4.3,1.3,0.586,0.606,0.403,0.195
203083,0.54,1.64,26.2,2024-25,0.047,18.1,1.5,0.6,0.5,0.271,0.1,0.0,0.5,0.9,0.7,0.444,0.6,0.1,0.0,0.633,0.672,0.514,0.484
203084,1.1,2.07,36.4,2024-25,0.065,25.6,3.2,3.8,3.8,0.662,0.9,0.6,0.554,4.0,1.8,0.533,3.0,1.3,0.3,0.562,0.573,0.522,0.329
203109,0.36,1.2,14.8,2024-25,0.058,11.6,0.8,1.7,1.6,0.467,0.2,0.1,0.0,0.4,0.3,0.333,0.2,0.0,0.0,0.741,0.778,0.462,0.1
203110,1.02,2.01,66.8,2024-25,0.103,54.4,10.8,3.7,3.4,0.484,0.5,0.1,0.457,2.8,1.1,0.411,1.2,1.2,0.3,0.585,0.606,0.387,0.348
203114,2.55,3.35,40.9,2024-25,0.143,28.4,7.5,1.9,1.7,0.564,5.1,1.9,0.537,4.3,1.9,0.435,2.0,1.9,0.7,0.626,0.667,0.295,0.175
203458,0.47,1.37,12.5,2024-25,0.08,10.4,1.3,0.3,0.2,0.233,0.0,0.0,1.25,0.0,0.0,0.0,0.0,0.0,0.0,0.49,0.533,0.404,0.432
203468,3.43,3.77,61.1,2024-25,0.106,38.2,6.8,4.3,4.1,0.605,7.9,4.0,0.466,11.0,6.2,0.478,6.9,3.5,0.8,0.592,0.623,0.429,0.156
203471,4.45,4.91,70.3,2024-25,0.1,53.7,10.3,3.3,3.2,0.522,4.2,1.7,0.462,10.1,4.1,0.441,4.9,4.3,1.1,0.505,0.557,0.3,0.131
203482,0.97,2.24,42.1,2024-25,0.091,32.1,4.9,1.8,1.5,0.574,0.8,0.3,0.459,3.1,1.2,0.373,1.4,1.2,0.3,0.549,0.59,0.392,0.32
203484,1.3,2.19,34.4,2024-25,0.069,25.6,3.4,3.6,3.4,0.536,2.2,0.8,0.482,1.7,0.7,0.464,0.9,0.8,0.2,0.535,0.535,0.516,0.302
203486,0.66,1.74,28.2,2024-25,0.077,23.4,2.6,0.1,0.0,0.0,0.1,0.0,0.0,0.7,0.2,0.25,0.1,0.4,0.1,0.563,0.622,0.404,0.389
203497,0.31,1.4,43.3,2024-25,0.054,32.6,2.7,0.2,,0.071,0.0,,0.0,0.6,0.4,0.444,0.4,0.2,0.1,0.562,0.598,0.455,0.375
203500,0.45,1.74,20.3,2024-25,0.074,15.4,1.9,0.2,0.0,0.214,0.0,0.0,1.0,0.2,0.1,0.2,0.0,0.1,0.1,0.543,0.581,0.498,0.569
203501,1.03,1.95,30.2,2024-25,0.083,19.3,2.4,5.0,4.9,0.553,2.4,1.0,0.42,1.9,1.2,0.472,1.5,0.4,0.2,0.52,0.545,0.305,0.208
203507,2.95,4.08,83.7,2024-25,0.121,53.4,11.0,0.4,0.3,0.304,5.5,0.6,0.433,12.2,5.9,0.582,8.9,3.4,0.9,0.661,0.711,0.441,0.317
203552,1.93,2.76,21.9,2024-25,0.056,15.7,2.0,2.1,2.0,0.69,2.0,0.6,0.538,2.3,1.1,0.472,1.1,1.0,0.2,0.598,0.622,0.462,0.186
203897,3.65,4.21,61.4,2024-25,0.11,38.1,7.8,2.9,2.8,0.654,7.4,4.3,0.554,9.1,3.6,0.513,4.9,3.6,0.7,0.573,0.631,0.224,0.133
203901,4.79,4.94,54.9,2024-25,0.152,45.5,12.7,0.1,0.1,0.5,2.4,0.1,0.298,8.8,3.8,0.33,2.6,4.2,1.3,0.537,0.587,0.375,0.253
203903,2.88,3.81,48.6,2024-25,0.126,29.5,7.3,3.4,3.1,0.532,4.9,3.1,0.5,12.0,5.2,0.456,6.4,4.5,1.2,0.532,0.6,0.347,0.212
203914,1.13,1.79,12.6,2024-25,0.067,9.4,1.5,2.0,1.9,0.511,0.3,0.2,0.633,0.7,0.2,0.273,0.1,0.3,0.1,0.604,0.587,0.571,0.141
203915,4.28,5.07,47.3,2024-25,0.126,34.9,7.0,1.8,1.7,0.5,3.7,2.3,0.49,7.9,3.4,0.494,4.6,3.2,0.8,0.624,0.661,0.383,0.206
203924,1.74,2.55,41.0,2024-25,0.088,24.6,4.2,6.1,6.0,0.551,1.8,0.3,0.337,7.3,3.3,0.368,3.6,2.5,0.6,0.54,0.601,0.313,0.239
203926,0.41,1.18,9.1,2024-25,0.028,6.0,0.4,2.2,2.2,0.654,0.3,0.2,0.5,0.1,0.1,0.0,0.0,0.0,0.0,0.564,0.633,0.333,0.182
203932,2.21,3.14,41.9,2024-25,0.115,28.1,5.7,2.6,2.3,0.684,2.0,1.0,0.495,2.8,1.3,0.441,2.0,0.8,0.2,0.659,0.682,0.58,0.425
203935,2.73,3.31,35.1,2024-25,0.134,23.9,6.0,3.2,3.1,0.509,1.8,1.1,0.524,5.3,2.3,0.423,2.4,2.0,0.5,0.529,0.545,0.462,0.292
203937,1.74,2.81,33.0,2024-25,0.091,26.1,4.5,1.1,0.9,0.53,0.9,0.3,0.348,3.4,1.9,0.452,2.1,1.1,0.3,0.587,0.602,0.465,0.325
203939,0.71,1.77,14.0,2024-25,0.083,12.0,1.5,0.1,0.1,0.6,0.0,0.0,0.0,0.2,0.1,0.333,0.1,0.1,0.0,0.504,0.563,0.431,0.424
203944,2.23,3.2,57.8,2024-25,0.124,37.6,8.3,3.3,3.2,0.524,3.3,1.2,0.459,10.6,4.3,0.488,5.9,4.3,0.9,0.535,0.579,0.4,0.366
203952,2.21,2.95,47.5,2024-25,0.091,28.8,5.2,4.1,4.0,0.588,3.6,1.7,0.438,7.4,3.5,0.464,4.6,2.4,0.6,0.507,0.549,0.422,0.405
203954,1.3,2.58,62.3,2024-25,0.12,37.2,7.6,4.8,3.3,0.484,5.3,0.5,0.395,5.9,3.0,0.614,6.0,1.2,0.2,0.583,0.58,0.554,0.413
203957,4.52,4.9,38.0,2024-25,0.097,28.8,4.8,2.1,2.1,0.75,1.4,0.6,0.37,6.5,2.7,0.444,3.0,2.8,0.5,0.508,0.644,0.2,0.273
203967,0.69,1.78,22.4,2024-25,0.083,17.3,3.3,1.8,1.5,0.411,0.1,0.1,0.0,1.0,0.5,0.5,0.6,0.3,0.1,0.5,0.556,0.4,0.612
203991,0.34,1.29,28.3,2024-25,0.06,18.8,1.3,0.1,0.0,0.167,0.0,0.0,0.0,0.3,0.2,0.222,0.1,0.1,0.0,0.624,0.658,0.532,0.51
203992,2.15,2.89,39.2,2024-25,0.099,27.2,5.2,4.0,3.8,0.549,3.1,1.5,0.509,5.6,2.3,0.512,2.8,2.7,0.7,0.552,0.582,0.393,0.258
203994,0.87,1.88,40.6,2024-25,0.075,29.9,3.8,2.0,1.8,0.47,0.3,0.2,0.0,0.8,0.4,0.409,0.5,0.1,0.0,0.589,0.653,0.419,0.377
203995,4.31,4.64,45.0,2024-25,0.09,34.8,6.6,1.1,1.1,0.564,3.6,2.0,0.408,6.8,2.4,0.33,2.2,3.2,0.8,0.591,0.624,0.476,0.159
203999,1.36,2.61,104.7,2024-25,0.134,76.6,16.5,4.1,3.3,0.671,2.0,0.9,0.387,4.9,2.3,0.543,3.2,1.6,0.4,0.629,0.653,0.509,0.425
204001,0.52,1.57,39.0,2024-25,0.094,22.0,3.7,6.0,5.6,0.639,1.6,0.3,0.328,1.5,0.9,0.528,1.3,0.4,0.0,0.544,0.563,0.47,0.429
204060,1.92,3.09,11.9,2024-25,0.124,9.7,1.7,0.4,0.4,0.375,0.5,0.4,0.167,1.1,0.3,0.333,0.2,0.7,0.1,0.647,0.643,0.667,0.0
204456,4.15,4.32,51.2,2024-25,0.111,39.9,7.9,0.6,0.4,0.522,2.8,0.2,0.478,11.6,5.0,0.534,5.8,5.4,1.2,0.573,0.623,0.407,0.145
1626143,0.33,1.57,3.0,2024-25,0.333,3.0,1.0,0.0,,,0.0,,,0.0,0.0,0.0,0.0,0.0,0.0,0.333,1.0,0.0,1.0
1626145,3.95,4.28,61.7,2024-25,0.106,49.8,8.7,4.2,4.1,0.647,2.4,0.8,0.453,4.7,2.5,0.447,2.4,1.8,0.4,0.614,0.634,0.482,0.097
1626153,3.63,4.14,30.5,2024-25,0.075,25.6,3.7,1.4,1.4,0.482,0.6,0.4,0.227,2.8,1.0,0.3,0.9,1.3,0.4,0.555,0.513,0.628,0.212
1626156,3.6,4.14,63.5,2024-25,0.108,47.6,9.7,3.3,3.2,0.408,4.8,3.0,0.468,6.1,3.0,0.483,3.9,2.0,0.6,0.544,0.563,0.392,0.16
1626157,0.85,2.11,59.6,2024-25,0.085,36.3,4.8,4.3,3.9,0.663,1.6,0.6,0.315,8.0,4.9,0.527,7.5,0.9,0.3,0.648,0.692,0.482,0.401
1626158,0.49,1.83,24.1,2024-25,0.078,17.4,1.6,0.3,0.1,0.5,0.1,0.0,0.0,0.6,0.3,0.6,0.5,0.2,0.1,0.504,0.556,0.422,0.525
1626162,1.85,2.65,50.9,2024-25,0.052,34.6,3.4,3.3,3.3,0.493,1.7,0.7,0.291,6.4,4.0,0.479,4.7,1.3,0.3,0.557,0.588,0.447,0.293
1626164,3.21,4.07,72.4,2024-25,0.157,44.8,13.3,3.9,3.3,0.535,10.1,4.0,0.495,14.0,5.6,0.525,8.0,6.4,1.5,0.523,0.559,0.429,0.259
1626166,3.66,4.41,32.1,2024-25,0.117,24.2,3.8,1.8,1.8,0.489,2.6,1.7,0.551,3.4,2.0,0.455,2.2,1.0,0.3,0.604,0.638,0.424,0.137
1626167,0.48,1.36,40.8,2024-25,0.059,26.3,2.2,6.1,4.9,0.594,1.1,0.5,0.434,1.5,0.9,0.323,1.0,0.2,0.0,0.488,0.502,0.413,0.446
1626168,0.55,1.63,29.4,2024-25,0.054,22.1,1.9,3.4,3.2,0.539,0.3,0.2,0.214,1.3,0.4,0.355,0.6,0.5,0.1,0.569,0.613,0.408,0.354
1626171,0.89,1.93,49.2,2024-25,0.061,34.7,3.3,4.6,3.4,0.507,2.8,0.2,0.426,1.5,1.0,0.46,1.0,0.3,0.1,0.636,0.676,0.459,0.319
1626172,0.45,1.42,27.2,2024-25,0.07,22.2,2.8,0.4,0.1,0.355,0.1,0.0,0.273,0.5,0.3,0.417,0.3,0.2,0.1,0.581,0.625,0.486,0.457
1626179,3.61,4.11,48.1,2024-25,0.075,34.9,4.8,2.6,2.6,0.494,3.5,2.2,0.403,6.0,3.1,0.469,3.4,2.3,0.5,0.543,0.579,0.419,0.261
1626181,2.62,2.99,42.8,2024-25,0.095,21.9,3.5,4.2,4.0,0.671,5.3,3.1,0.497,9.6,5.5,0.509,7.0,2.6,0.7,0.574,0.635,0.304,0.279
1626192,1.5,2.23,26.0,2024-25,0.085,20.1,3.2,1.5,1.5,0.476,0.5,0.5,0.545,3.4,1.5,0.533,1.9,1.4,0.4,0.699,0.726,0.5,0.294
1626196,2.85,3.48,34.4,2024-25,0.053,28.1,3.0,3.1,2.6,0.4,0.5,0.1,0.25,3.1,0.9,0.286,0.8,1.8,0.0,0.522,0.6,0.462,0.333
1626204,0.83,1.66,26.9,2024-25,0.083,19.1,2.7,3.3,3.1,0.665,0.2,0.0,0.2,0.9,0.4,0.444,0.3,0.5,0.2,0.542,0.597,0.371,0.272
1626220,0.83,1.7,44.4,2024-25,0.063,34.7,4.0,5.2,5.1,0.632,1.0,0.7,0.421,1.7,0.7,0.321,0.5,0.8,0.2,0.632,0.642,0.411,0.238
1627732,3.1,4.07,53.1,2024-25,0.124,45.1,9.5,0.1,,0.333,0.4,,0.5,4.4,1.7,0.471,1.8,2.1,0.5,0.636,0.671,0.435,0.274
1627734,1.38,2.29,75.5,2024-25,0.106,56.9,9.5,2.9,2.2,0.585,0.4,0.0,0.429,3.6,1.3,0.533,1.8,1.6,0.3,0.591,0.643,0.444,0.399
1627736,1.45,2.08,36.3,2024-25,0.081,20.8,2.7,6.9,6.9,0.647,3.9,2.3,0.481,2.9,1.8,0.435,1.9,0.7,0.2,0.648,0.676,0.528,0.178
1627739,2.43,3.07,44.0,2024-25,0.078,36.2,4.5,2.8,2.8,0.493,0.7,0.2,0.473,2.7,1.2,0.467,1.2,1.3,0.4,0.506,0.525,0.442,0.287
1627741,1.31,1.94,40.7,2024-25,0.056,28.9,3.4,4.8,4.7,0.581,2.7,2.0,0.438,2.6,1.0,0.444,1.0,1.3,0.2,0.57,0.605,0.408,0.201
1627742,2.87,3.89,70.5,2024-25,0.118,43.9,9.6,4.3,3.9,0.609,9.6,2.3,0.462,12.3,4.8,0.529,6.8,5.0,1.3,0.592,0.634,0.395,0.27
1627746,0.6,1.68,3.8,2024-25,0.1,2.5,0.5,0.3,0.3,1.5,0.0,0.0,,0.3,0.0,0.0,0.0,0.3,0.0,0.5,0.667,0.333,0.333
1627747,2.76,3.16,37.1,2024-25,0.138,24.4,5.9,3.0,2.9,0.532,2.5,1.5,0.509,7.6,2.8,0.453,3.2,3.6,1.0,0.517,0.573,0.357,0.297
1627749,4.43,4.96,80.5,2024-25,0.129,57.2,12.1,3.0,2.9,0.447,7.8,2.7,0.428,13.6,6.3,0.464,7.4,4.8,1.3,0.601,0.658,0.266,0.175
1627750,4.03,4.64,68.6,2024-25,0.13,46.1,10.1,2.8,2.7,0.586,8.3,3.1,0.512,11.1,5.4,0.501,6.5,4.4,1.4,0.52,0.563,0.361,0.233
1627751,0.44,1.64,57.3,2024-25,0.064,43.6,5.1,1.9,0.0,0.523,0.3,0.0,0.4,1.3,0.7,0.538,0.9,0.3,0.1,0.566,0.576,0.518,0.51
1627752,1.0,2.0,30.9,2024-25,0.086,22.5,3.3,3.4,3.3,0.744,1.1,0.8,0.333,3.2,1.5,0.457,1.4,1.4,0.4,0.574,0.593,0.41,0.216
1627759,3.53,4.17,57.1,2024-25,0.14,32.5,8.3,3.1,2.9,0.544,6.5,2.7,0.42,12.7,6.0,0.517,7.7,4.4,1.3,0.571,0.624,0.378,0.323
1627763,4.63,4.51,51.5,2024-25,0.113,36.3,8.1,1.5,1.5,0.542,3.3,0.8,0.344,11.7,5.0,0.488,6.8,4.6,1.0,0.583,0.667,0.412,0.264
1627777,0.69,1.53,32.5,2024-25,0.061,22.9,2.2,4.9,4.9,0.609,0.6,0.3,0.5,2.9,1.4,0.532,1.7,1.1,0.3,0.522,0.534,0.416,0.29
1627780,1.03,1.85,25.4,2024-25,0.07,19.3,2.4,1.5,1.5,0.495,0.1,0.0,0.417,0.8,0.4,0.593,0.6,0.3,0.1,0.546,0.581,0.434,0.378
1627783,1.54,2.27,55.8,2024-25,0.093,36.3,5.4,4.3,3.8,0.58,3.8,0.4,0.44,6.2,3.1,0.538,3.9,2.3,0.4,0.594,0.64,0.452,0.337
1627814,2.01,2.44,9.5,2024-25,0.079,5.6,0.8,1.3,1.2,0.406,0.8,0.3,0.405,2.0,1.0,0.462,1.2,0.7,0.2,0.556,0.586,0.375,0.25
1627824,0.68,1.73,42.4,2024-25,0.067,31.6,3.4,3.8,3.7,0.577,0.3,0.2,0.3,1.8,1.0,0.627,1.5,0.5,0.2,0.472,0.487,0.407,0.372
1627826,0.67,1.78,54.0,2024-25,0.07,38.1,3.9,0.9,,0.543,0.1,,0.545,0.7,0.5,0.5,0.6,0.1,0.0,0.601,0.631,0.512,0.47
1627827,0.64,1.57,36.4,2024-25,0.051,27.8,2.5,4.8,4.8,0.618,0.3,0.1,0.469,2.1,0.7,0.476,0.7,1.0,0.2,0.481,0.487,0.437,0.429
1627832,4.21,4.55,76.0,2024-25,0.094,59.0,10.9,3.7,3.6,0.566,6.5,4.0,0.452,8.4,2.4,0.459,2.8,5.1,1.1,0.57,0.606,0.395,0.154
1627884,1.14,2.0,30.2,2024-25,0.038,20.6,1.2,2.7,2.7,0.564,0.4,0.2,0.197,1.9,1.2,0.484,1.5,0.4,0.1,0.609,0.607,0.581,0.323
1627936,1.74,2.58,33.6,2024-25,0.097,26.1,4.1,2.8,2.7,0.56,0.7,0.4,0.347,2.2,0.7,0.487,1.0,1.2,0.4,0.518,0.553,0.373,0.327
1628365,4.25,4.36,16.9,2024-25,0.102,12.6,2.2,0.4,0.3,0.778,1.5,0.0,0.387,2.6,1.3,0.444,1.1,1.1,0.2,0.571,0.737,0.375,0.45
1628366,2.06,2.71,41.7,2024-25,0.1,32.9,5.9,4.4,4.3,0.487,1.8,1.2,0.508,2.4,0.7,0.458,0.7,1.4,0.3,0.546,0.581,0.431,0.322
1628368,3.73,4.18,79.9,2024-25,0.117,53.9,11.9,3.2,3.1,0.477,8.1,3.0,0.462,15.2,7.2,0.537,10.1,5.1,1.3,0.608,0.667,0.415,0.218
1628369,2.45,3.71,84.9,2024-25,0.105,57.2,11.6,3.0,2.7,0.592,10.4,7.2,0.466,10.3,5.0,0.56,7.5,3.3,1.0,0.668,0.708,0.324,0.2
1628370,3.52,4.01,63.8,2024-25,0.127,43.8,10.0,3.9,3.8,0.514,4.9,2.7,0.453,12.8,5.1,0.506,6.2,6.1,1.7,0.562,0.613,0.33,0.171
1628371,0.39,1.49,22.0,2024-25,0.035,16.1,1.0,2.4,2.0,0.404,0.4,0.1,0.214,0.2,0.1,0.444,0.1,0.1,0.0,0.54,0.548,0.476,0.459
1628374,0.74,1.83,46.0,2024-25,0.055,27.0,3.4,8.0,7.8,0.512,1.6,0.7,0.396,4.2,2.0,0.495,3.0,1.1,0.1,0.598,0.636,0.453,0.335
1628378,4.43,4.85,60.3,2024-25,0.143,34.8,9.2,3.6,3.4,0.59,8.8,5.5,0.483,12.1,5.9,0.528,8.0,4.3,1.2,0.59,0.642,0.41,0.193
1628379,2.11,2.72,36.6,2024-25,0.118,28.0,5.4,3.2,3.0,0.69,2.1,1.0,0.5,5.2,1.4,0.527,1.6,3.3,0.7,0.543,0.556,0.463,0.187
1628380,0.57,1.5,26.7,2024-25,0.086,20.2,2.5,1.9,1.6,0.438,0.1,0.0,0.4,0.6,0.3,0.524,0.4,0.2,0.0,0.525,0.555,0.447,0.497
1628381,0.82,1.88,52.6,2024-25,0.059,33.7,3.4,3.8,3.5,0.595,1.2,0.2,0.5,5.5,2.9,0.5,3.9,1.3,0.3,0.552,0.628,0.384,0.388
1628384,1.19,2.0,44.9,2024-25,0.08,27.6,3.5,5.1,5.0,0.568,2.4,1.1,0.399,5.9,2.6,0.429,3.3,2.2,0.4,0.51,0.557,0.38,0.372
1628386,0.43,1.47,36.9,2024-25,0.075,25.6,3.2,0.5,0.0,0.463,0.1,0.0,0.0,0.7,0.4,0.719,0.6,0.2,0.0,0.583,0.649,0.415,0.404
1628389,1.77,2.96,63.8,2024-25,0.098,43.9,6.9,3.9,2.2,0.505,3.8,0.6,0.435,4.6,2.8,0.461,3.3,0.9,0.2,0.615,0.651,0.478,0.393
1628392,0.46,1.66,55.9,2024-25,0.087,44.3,5.4,2.5,0.3,0.475,0.4,0.0,0.409,1.2,0.7,0.421,0.6,0.4,0.1,0.557,0.638,0.373,0.43
1628396,0.43,1.32,9.2,2024-25,0.085,5.1,0.4,0.3,0.2,0.625,0.1,0.0,0.0,0.3,0.2,0.333,0.2,0.0,0.0,0.583,0.571,0.5,0.5
1628398,1.81,2.87,44.2,2024-25,0.088,26.4,4.7,3.6,3.4,0.47,2.9,1.4,0.361,7.4,4.0,0.454,4.6,1.9,0.4,0.632,0.688,0.36,0.238
1628401,3.9,4.15,73.3,2024-25,0.085,55.9,8.0,6.1,6.0,0.613,4.1,3.0,0.51,4.8,2.0,0.561,3.1,1.9,0.5,0.545,0.574,0.432,0.249
1628404,2.12,2.8,70.0,2024-25,0.107,55.0,9.9,2.5,2.3,0.482,2.0,0.9,0.464,4.3,1.9,0.628,2.9,1.8,0.5,0.585,0.627,0.428,0.312
1628408,2.63,3.5,7.4,2024-25,0.089,6.2,0.7,0.3,0.3,1.0,0.0,0.0,,0.4,0.0,0.0,0.0,0.3,0.1,1.0,1.0,1.0,0.2
1628415,1.57,2.33,36.0,2024-25,0.078,21.8,2.7,5.3,5.1,0.62,3.5,1.1,0.458,4.0,2.3,0.382,2.3,1.1,0.4,0.478,0.506,0.389,0.258
1628418,0.27,1.36,21.3,2024-25,0.053,15.3,1.2,2.3,2.1,0.523,0.2,0.2,0.438,0.2,0.1,0.5,0.2,0.0,0.0,0.526,0.533,0.497,0.53
1628420,3.82,4.28,26.0,2024-25,0.082,19.8,3.0,1.6,1.6,0.582,1.4,0.3,0.369,2.9,1.4,0.492,1.8,1.1,0.2,0.604,0.632,0.5,0.164
1628427,0.86,1.97,15.8,2024-25,0.056,12.4,1.7,1.2,1.2,0.4,0.0,0.0,,0.2,0.1,1.0,0.2,0.1,0.0,0.667,0.667,0.545,0.438
1628436,0.27,1.24,19.1,2024-25,0.116,13.9,2.6,0.1,0.0,0.5,0.1,0.0,0.556,0.2,0.1,1.0,0.2,0.1,0.0,0.513,0.534,0.478,0.571
1628449,0.7,1.76,22.2,2024-25,0.051,12.9,1.1,3.6,3.5,0.558,0.7,0.3,0.429,1.1,0.6,0.567,0.8,0.2,0.1,0.569,0.616,0.438,0.371
1628464,0.47,1.55,24.1,2024-25,0.082,19.3,2.4,1.3,0.9,0.363,0.3,0.0,0.5,0.3,0.2,0.667,0.2,0.1,0.1,0.552,0.609,0.423,0.421
1628467,0.45,1.55,21.3,2024-25,0.074,17.1,2.1,1.4,1.4,0.365,0.4,0.1,0.625,1.7,0.6,0.409,0.7,0.7,0.2,0.482,0.496,0.397,0.442
1628470,1.0,1.99,16.2,2024-25,0.055,11.8,1.5,2.2,2.2,0.517,0.3,0.2,0.611,0.7,0.2,0.8,0.3,0.4,0.0,0.624,0.648,0.491,0.301
1628960,1.46,2.34,37.6,2024-25,0.079,27.0,4.2,4.5,4.5,0.651,1.2,0.9,0.5,5.0,1.6,0.455,2.4,2.4,0.6,0.599,0.62,0.479,0.186
1628963,0.6,1.79,11.9,2024-25,0.05,7.2,0.8,0.8,0.6,0.18,0.1,0.0,0.25,0.8,0.6,0.579,0.7,0.0,0.0,0.583,0.582,0.535,0.452
1628964,0.58,1.71,18.6,2024-25,0.04,13.9,0.9,1.8,1.7,0.412,0.0,0.0,0.0,0.2,0.0,1.0,0.1,0.1,0.0,0.602,0.649,0.421,0.352
1628969,1.72,2.49,54.3,2024-25,0.102,36.7,6.0,5.4,4.9,0.563,4.6,0.7,0.467,6.3,2.9,0.491,3.2,2.7,0.6,0.578,0.612,0.493,0.311
1628970,2.42,3.14,63.2,2024-25,0.095,40.6,7.3,4.0,3.9,0.517,4.4,2.9,0.358,11.8,6.8,0.459,8.1,3.0,0.6,0.627,0.659,0.387,0.306
1628971,2.5,3.06,36.8,2024-25,0.077,26.6,4.1,2.2,1.8,0.467,1.6,0.1,0.386,5.2,2.6,0.299,2.0,1.8,0.3,0.596,0.663,0.412,0.232
1628973,6.04,6.06,85.4,2024-25,0.126,58.1,12.5,1.9,1.9,0.625,9.3,4.1,0.522,17.8,8.0,0.551,11.5,7.2,1.8,0.504,0.558,0.31,0.139
1628975,2.38,2.8,14.3,2024-25,0.115,9.6,1.8,1.5,1.4,0.536,1.9,1.5,0.471,1.6,0.7,0.423,0.7,0.8,0.2,0.591,0.636,0.286,0.077
1628976,0.45,1.56,35.4,2024-25,0.078,25.2,3.1,3.0,2.3,0.381,0.6,0.0,0.317,1.0,0.5,0.5,0.8,0.2,0.0,0.544,0.588,0.433,0.467
1628978,2.19,2.8,50.0,2024-25,0.098,37.1,5.6,5.0,5.0,0.613,2.2,2.0,0.529,4.9,1.6,0.48,1.9,2.4,0.7,0.56,0.62,0.32,0.237
1628981,0.56,1.64,15.8,2024-25,0.092,11.5,1.6,0.3,,0.2,0.1,,0.0,0.2,0.2,0.333,0.1,0.0,0.0,0.543,0.566,0.447,0.392
1628983,5.31,5.55,71.7,2024-25,0.154,41.4,12.1,1.3,1.0,0.653,11.9,4.7,0.516,20.6,10.2,0.567,15.5,7.1,1.8,0.561,0.619,0.37,0.293
1628988,3.57,3.77,20.3,2024-25,0.092,14.5,2.6,2.2,2.2,0.624,1.2,0.7,0.48,2.7,0.9,0.547,1.1,1.4,0.3,0.578,0.625,0.382,0.218
1628989,1.36,2.12,38.8,2024-25,0.081,28.0,3.9,4.4,4.3,0.488,1.9,1.3,0.543,2.7,1.3,0.58,1.7,1.1,0.3,0.566,0.621,0.353,0.21
1628991,2.01,2.77,48.2,2024-25,0.075,26.5,3.9,4.6,4.4,0.59,3.0,0.8,0.52,11.0,7.2,0.507,9.3,1.6,0.4,0.518,0.557,0.377,0.351
1628995,0.82,1.68,9.3,2024-25,0.061,5.9,0.8,1.0,1.0,0.321,0.4,0.1,0.7,0.9,0.6,0.75,0.9,0.1,0.0,0.63,0.714,0.5,0.235
1628997,2.53,3.35,38.0,2024-25,0.075,28.2,4.2,2.3,1.8,0.534,1.7,0.4,0.362,5.6,2.0,0.438,2.4,2.6,0.7,0.582,0.59,0.52,0.215
1628998,1.86,2.76,33.4,2024-25,0.08,24.8,3.9,2.5,2.3,0.424,1.5,0.5,0.378,3.2,1.2,0.477,1.5,1.5,0.4,0.545,0.546,0.453,0.286
1629001,2.16,2.78,43.2,2024-25,0.094,30.0,4.8,4.2,4.2,0.6,1.8,1.7,0.409,4.8,1.5,0.444,1.3,2.7,0.8,0.556,0.538,0.5,0.1
1629003,3.47,4.12,26.8,2024-25,0.089,20.2,3.2,1.4,1.4,0.558,1.4,0.5,0.487,3.8,1.8,0.5,2.2,1.6,0.3,0.601,0.682,0.463,0.356
1629004,2.34,3.04,30.9,2024-25,0.096,20.8,3.7,2.6,2.6,0.6,3.4,2.7,0.427,4.8,1.9,0.408,1.9,2.3,0.6,0.588,0.591,0.5,0.244
1629006,1.33,2.02,21.8,2024-25,0.059,14.1,2.1,2.1,2.0,0.494,0.5,0.3,0.5,3.8,1.5,0.45,2.2,1.4,0.3,0.538,0.591,0.425,0.354
1629008,0.97,2.0,46.0,2024-25,0.073,29.3,3.2,4.9,4.6,0.601,3.2,1.6,0.476,2.8,1.4,0.552,1.9,0.8,0.2,0.586,0.616,0.471,0.33
1629011,0.54,1.68,19.5,2024-25,0.051,15.1,1.1,0.0,,,0.0,,,0.1,0.1,0.0,0.0,0.1,0.0,0.593,0.6,0.567,0.573
1629012,4.23,4.47,54.4,2024-25,0.123,34.0,8.4,2.1,2.0,0.649,4.7,2.2,0.502,12.5,6.1,0.509,8.4,3.9,1.1,0.483,0.541,0.397,0.251
1629013,1.35,2.02,15.9,2024-25,0.053,10.3,1.0,2.4,2.3,0.645,1.2,0.8,0.484,1.1,0.6,0.571,0.7,0.4,0.0,0.504,0.532,0.355,0.279
1629014,4.0,4.49,65.1,2024-25,0.108,44.4,8.7,4.4,4.3,0.558,7.2,4.2,0.484,9.3,5.2,0.47,6.1,2.9,0.8,0.488,0.551,0.278,0.176
1629018,1.75,2.19,25.4,2024-25,0.079,14.9,2.0,4.5,4.4,0.62,3.0,1.4,0.525,2.1,1.3,0.464,1.5,0.5,0.1,0.632,0.661,0.435,0.161
1629020,0.72,1.67,20.8,2024-25,0.072,15.8,2.2,0.9,0.9,0.422,0.0,0.0,0.0,0.8,0.3,0.556,0.3,0.2,0.0,0.609,0.655,0.5,0.374
1629021,0.94,1.97,31.9,2024-25,0.071,19.8,2.5,2.5,2.5,0.54,0.1,0.0,0.25,2.8,1.5,0.587,2.5,0.4,0.1,0.546,0.617,0.377,0.378
1629022,3.07,3.73,40.5,2024-25,0.093,27.0,4.8,4.3,4.2,0.576,3.6,2.2,0.451,6.1,2.6,0.529,3.4,2.9,0.7,0.7,0.731,0.462,0.19
1629023,1.52,2.38,53.5,2024-25,0.062,37.1,3.8,3.2,3.1,0.599,2.0,1.1,0.4,7.0,3.6,0.42,4.1,1.8,0.4,0.629,0.638,0.461,0.33
1629026,1.56,2.25,22.3,2024-25,0.088,16.0,2.5,2.2,2.2,0.605,0.8,0.3,0.371,2.4,1.1,0.486,1.2,1.0,0.2,0.538,0.587,0.399,0.317
1629027,4.99,5.52,91.0,2024-25,0.19,61.1,20.7,1.6,1.4,0.508,10.6,7.0,0.492,17.1,6.8,0.468,8.7,7.5,2.4,0.54,0.627,0.298,0.106
1629028,0.57,1.61,45.1,2024-25,0.053,30.0,2.7,3.7,0.8,0.415,1.0,0.0,0.5,1.3,0.8,0.387,0.7,0.3,0.1,0.659,0.686,0.556,0.374
1629029,3.95,4.85,81.4,2024-25,0.151,50.8,13.4,2.6,2.4,0.565,11.9,6.8,0.469,16.1,6.6,0.545,10.3,6.2,1.9,0.613,0.642,0.364,0.237
1629048,0.67,1.84,34.7,2024-25,0.071,27.6,3.1,0.5,0.4,0.284,0.0,0.0,0.0,0.5,0.2,0.467,0.3,0.1,0.0,0.569,0.599,0.496,0.458
1629052,0.6,1.73,37.8,2024-25,0.024,28.2,1.0,2.7,2.7,0.375,0.3,0.3,1.5,2.0,1.2,0.714,2.3,0.3,0.0,0.449,0.441,0.389,0.409
1629056,4.75,4.81,12.0,2024-25,0.111,9.0,1.0,1.0,1.0,0.0,1.0,0.0,0.0,2.0,1.0,0.0,0.0,1.0,0.0,1.0,1.0,0.0,0.0
1629057,0.33,1.3,23.6,2024-25,0.058,18.1,1.6,0.3,0.2,0.417,0.1,0.0,0.0,0.2,0.2,0.333,0.1,0.0,0.0,0.587,0.68,0.417,0.424
1629060,0.85,1.78,36.8,2024-25,0.057,24.7,2.4,4.4,4.1,0.623,1.1,0.1,0.375,2.5,1.3,0.418,1.6,0.7,0.2,0.542,0.567,0.425,0.312
1629098,1.15,1.82,4.4,2024-25,0.048,2.3,0.1,1.2,1.2,0.545,0.4,0.2,0.25,0.1,0.0,0.0,0.0,0.1,0.0,0.455,0.429,0.5,0.6
1629111,0.51,1.63,15.5,2024-25,0.081,10.8,1.3,1.1,0.5,0.554,0.3,0.1,0.545,0.2,0.1,0.667,0.1,0.0,0.0,0.488,0.591,0.381,0.467
1629130,1.24,2.15,34.7,2024-25,0.101,23.4,4.2,4.1,4.1,0.58,2.8,2.5,0.578,4.2,1.4,0.495,1.5,2.3,0.5,0.582,0.611,0.4,0.174
1629162,3.32,3.61,13.6,2024-25,0.1,11.0,1.9,0.6,0.6,0.462,0.6,0.4,0.732,1.5,0.4,0.412,0.4,1.0,0.1,0.545,0.571,0.316,0.233
1629216,2.62,3.28,29.1,2024-25,0.062,21.9,2.6,3.3,3.2,0.551,1.6,1.1,0.47,2.0,0.9,0.452,0.8,0.9,0.2,0.465,0.483,0.4,0.163
1629234,0.67,1.78,15.3,2024-25,0.083,10.7,1.4,0.2,0.1,0.5,0.2,0.0,0.591,0.6,0.3,0.563,0.4,0.2,0.0,0.537,0.597,0.387,0.372
1629312,0.98,1.72,27.9,2024-25,0.071,21.2,2.8,3.1,3.0,0.568,0.3,0.2,0.568,1.5,0.5,0.457,0.6,0.8,0.1,0.545,0.606,0.414,0.27
1629599,1.28,2.19,25.4,2024-25,0.065,16.4,1.7,3.1,3.0,0.622,1.8,0.4,0.465,2.2,1.4,0.456,1.6,0.4,0.1,0.533,0.573,0.376,0.23
1629610,1.13,2.01,25.9,2024-25,0.062,18.1,1.8,3.2,3.1,0.497,0.8,0.3,0.514,2.2,1.2,0.431,1.3,0.6,0.1,0.6,0.641,0.468,0.319
1629611,2.43,2.91,27.6,2024-25,0.092,19.6,3.0,1.7,1.6,0.642,2.0,0.8,0.413,3.2,1.3,0.512,1.5,1.6,0.5,0.499,0.562,0.384,0.317
1629614,2.85,3.31,58.1,2024-25,0.111,45.4,8.8,2.4,2.0,0.454,3.1,0.7,0.462,8.4,3.0,0.526,4.2,4.0,1.0,0.57,0.597,0.41,0.116
1629618,3.67,4.08,24.0,2024-25,0.114,19.2,3.6,1.7,1.6,0.512,1.3,0.5,0.516,1.9,0.7,0.485,0.7,1.1,0.3,0.587,0.596,0.5,0.225
1629622,1.14,1.77,41.6,2024-25,0.099,31.8,5.0,4.9,4.9,0.615,1.0,1.0,0.382,2.5,0.5,0.593,0.7,1.7,0.6,0.573,0.588,0.495,0.235
1629626,0.72,1.64,16.2,2024-25,0.061,10.1,0.7,2.3,2.0,0.568,1.7,0.6,0.567,0.9,0.4,0.733,0.9,0.3,0.1,0.68,0.683,0.541,0.26
1629627,3.22,3.79,66.4,2024-25,0.129,41.1,10.6,0.2,0.2,0.6,1.2,0.2,0.375,17.7,9.1,0.505,12.4,4.7,1.2,0.614,0.7,0.463,0.463
1629628,2.64,3.19,69.8,2024-25,0.12,45.2,9.1,4.7,4.7,0.546,1.9,0.6,0.403,12.6,6.2,0.472,7.7,4.0,1.2,0.601,0.675,0.328,0.21
1629629,1.22,2.07,14.6,2024-25,0.065,10.3,1.2,1.4,1.3,0.415,0.2,0.1,0.167,1.0,0.3,0.333,0.4,0.4,0.2,0.635,0.636,0.531,0.333
1629630,4.34,4.88,67.7,2024-25,0.175,41.6,12.5,2.6,2.6,0.5,5.6,2.8,0.423,16.8,7.9,0.492,10.7,5.4,1.8,0.476,0.54,0.281,0.194
1629631,1.38,2.12,37.3,2024-25,0.067,21.6,2.7,4.9,4.7,0.611,2.9,1.3,0.524,4.9,2.7,0.497,3.7,1.2,0.2,0.534,0.572,0.358,0.306
1629632,3.3,3.78,61.1,2024-25,0.112,39.8,8.8,4.5,4.5,0.572,5.1,3.4,0.492,12.6,4.7,0.53,6.6,6.0,1.3,0.553,0.612,0.25,0.165
1629634,0.73,1.42,23.5,2024-25,0.063,16.3,2.0,0.7,0.3,0.351,0.3,0.0,0.333,1.8,0.8,0.438,0.8,0.8,0.1,0.513,0.52,0.479,0.423
1629636,4.64,4.81,63.9,2024-25,0.16,42.1,11.1,3.2,3.1,0.624,7.2,4.0,0.52,14.5,5.8,0.532,7.7,6.6,2.0,0.563,0.633,0.402,0.131
1629637,0.4,1.39,24.3,2024-25,0.056,18.5,2.0,0.1,0.1,0.167,0.0,0.0,0.0,0.3,0.1,0.875,0.3,0.1,0.0,0.552,0.582,0.451,0.428
1629638,2.72,3.34,44.3,2024-25,0.079,34.3,4.6,3.7,3.6,0.635,1.8,0.9,0.372,4.0,1.6,0.481,2.1,1.6,0.4,0.517,0.569,0.351,0.275
1629639,3.49,4.09,71.9,2024-25,0.116,47.5,10.2,4.6,4.4,0.593,7.6,4.3,0.528,13.9,6.0,0.538,7.8,6.1,1.8,0.539,0.593,0.248,0.155
1629640,1.54,2.43,38.3,2024-25,0.064,25.4,3.2,3.0,3.0,0.448,0.8,0.6,0.485,6.2,3.4,0.525,4.4,1.9,0.4,0.553,0.566,0.473,0.337
1629643,0.84,1.63,30.0,2024-25,0.067,24.9,3.6,2.7,2.7,0.625,0.4,0.4,0.375,0.7,0.2,1.0,0.4,0.4,0.2,0.627,0.619,0.618,0.383
1629645,4.61,4.83,41.2,2024-25,0.12,28.5,5.7,0.9,0.9,0.478,4.5,1.4,0.469,7.7,3.3,0.476,3.9,3.3,0.9,0.6,0.648,0.4,0.281
1629646,0.41,1.37,17.2,2024-25,0.037,12.9,0.9,0.3,,0.417,0.1,,0.25,0.1,0.1,0.5,0.1,0.0,0.0,0.565,0.623,0.452,0.388
1629650,0.41,1.56,13.8,2024-25,0.018,8.6,0.2,0.2,,0.5,0.2,,0.0,0.4,0.3,0.5,0.4,0.0,0.0,0.62,0.627,0.5,0.409
1629651,0.96,2.14,47.5,2024-25,0.062,36.2,3.4,1.0,0.3,0.348,0.3,0.0,0.348,2.7,1.6,0.474,1.9,0.6,0.1,0.535,0.587,0.414,0.417
1629652,1.56,2.22,29.2,2024-25,0.084,19.3,2.6,5.1,5.0,0.632,1.6,0.8,0.473,2.8,0.9,0.365,0.8,1.6,0.5,0.518,0.575,0.41,0.338
1629655,0.39,1.67,33.2,2024-25,0.061,23.1,1.9,0.1,,0.667,0.1,,0.333,0.9,0.6,0.667,1.0,0.1,0.0,0.463,0.474,0.427,0.544
1629656,2.82,3.06,46.5,2024-25,0.098,31.0,5.1,3.4,3.3,0.587,3.8,2.2,0.488,6.1,2.6,0.526,3.6,2.3,0.6,0.598,0.612,0.496,0.281
1629659,2.71,3.35,21.8,2024-25,0.098,14.7,2.7,1.6,1.6,0.533,0.8,0.5,0.364,4.7,2.0,0.534,2.9,2.0,0.5,0.581,0.6,0.442,0.28
1629660,3.82,4.24,40.3,2024-25,0.12,28.1,6.5,1.7,1.7,0.689,4.0,1.9,0.589,8.4,3.7,0.563,5.4,3.6,1.0,0.537,0.549,0.472,0.202
1629661,2.07,2.55,50.5,2024-25,0.106,32.2,6.4,5.2,5.1,0.6,3.9,2.1,0.477,7.0,2.7,0.535,4.0,3.1,0.8,0.539,0.573,0.419,0.247
1629667,0.0,1.1,1.8,2024-25,0.143,1.8,0.3,0.0,,,0.0,,,0.0,0.0,0.0,0.0,0.0,0.0,,,,
1629669,4.13,4.21,39.9,2024-25,0.081,27.8,3.9,2.6,2.5,0.619,3.1,0.9,0.2,6.4,3.6,0.345,3.0,1.6,0.5,0.513,0.519,0.5,0.25
1629673,3.43,3.99,61.4,2024-25,0.113,39.3,9.2,4.2,4.1,0.549,6.6,5.0,0.519,8.1,3.7,0.47,4.6,2.7,0.6,0.536,0.628,0.282,0.158
1629674,0.38,1.55,14.0,2024-25,0.076,9.5,1.4,0.2,0.0,0.4,0.0,0.0,,0.3,0.2,0.5,0.2,0.1,0.0,0.48,0.519,0.414,0.496
1629675,0.99,1.74,47.3,2024-25,0.069,32.6,3.5,4.8,4.7,0.556,1.7,1.1,0.526,4.4,2.8,0.469,3.3,0.9,0.3,0.573,0.59,0.451,0.344
1629680,1.33,1.9,29.8,2024-25,0.084,22.2,3.3,2.9,2.8,0.651,0.5,0.4,0.643,3.4,1.5,0.273,0.8,1.1,0.3,0.578,0.644,0.438,0.25
1629684,0.76,1.84,36.8,2024-25,0.091,25.4,4.0,3.8,3.6,0.582,1.6,0.8,0.423,2.7,0.9,0.143,0.9,0.9,0.2,0.458,0.492,0.36,0.415
1629723,0.96,1.79,19.7,2024-25,0.054,16.8,1.8,1.3,1.3,0.566,0.1,0.0,0.2,0.4,0.1,0.333,0.0,0.3,0.0,0.588,0.659,0.407,0.291
1629726,0.63,1.39,21.2,2024-25,0.092,13.8,1.9,4.0,3.9,0.604,1.0,0.8,0.424,1.2,0.4,0.294,0.5,0.5,0.2,0.592,0.597,0.5,0.207
1629731,0.52,1.44,26.9,2024-25,0.06,21.6,2.1,3.6,3.6,0.54,0.2,0.1,0.385,1.2,0.3,0.6,0.4,0.8,0.3,0.535,0.556,0.425,0.321
1629750,0.7,1.64,26.1,2024-25,0.04,20.5,1.4,2.0,2.0,0.493,0.2,0.0,0.208,0.9,0.5,0.314,0.5,0.2,0.1,0.528,0.546,0.41,0.339
1630162,4.54,4.78,73.9,2024-25,0.101,45.1,8.4,2.7,2.6,0.633,11.2,7.6,0.509,13.2,5.8,0.484,8.5,4.4,1.1,0.625,0.671,0.401,0.231
1630163,4.65,4.74,85.0,2024-25,0.134,55.1,12.9,4.7,4.6,0.552,9.7,6.5,0.453,15.1,7.7,0.481,9.8,5.0,1.5,0.579,0.642,0.409,0.233
1630164,0.0,1.0,9.0,2024-25,0.0,4.0,0.0,3.0,1.0,0.333,0.0,0.0,,0.0,0.0,0.0,0.0,0.0,0.0,0.333,0.333,0.0,1.0
1630165,3.55,4.16,60.5,2024-25,0.105,49.0,8.7,2.8,2.7,0.618,1.7,0.8,0.25,7.7,2.0,0.417,2.8,4.7,1.0,0.5,0.542,0.417,0.222
1630166,2.25,3.07,64.5,2024-25,0.085,45.9,8.3,3.8,3.7,0.522,1.5,1.0,0.572,10.6,3.7,0.55,6.1,4.6,1.0,0.572,0.603,0.423,0.28
1630167,0.72,1.58,36.3,2024-25,0.061,26.5,2.2,3.3,3.3,0.57,0.8,0.5,0.377,2.3,1.1,0.643,1.6,0.9,0.2,0.579,0.621,0.339,0.258
1630168,0.5,1.33,40.3,2024-25,0.081,28.0,3.6,2.1,2.0,0.49,0.3,0.0,0.35,1.0,0.7,0.388,0.7,0.2,0.1,0.606,0.649,0.507,0.403
1630169,3.1,3.65,93.4,2024-25,0.123,74.7,15.8,2.0,2.0,0.641,8.4,5.7,0.539,10.8,3.7,0.583,5.3,6.0,1.4,0.623,0.651,0.488,0.186
1630170,2.27,2.91,50.1,2024-25,0.086,33.3,5.5,5.3,5.0,0.566,5.4,1.7,0.474,7.3,3.5,0.502,4.3,2.8,0.6,0.569,0.592,0.405,0.318
1630171,1.38,1.95,19.4,2024-25,0.093,13.4,2.2,2.5,2.5,0.557,0.2,0.2,0.346,1.7,0.5,0.433,0.6,0.9,0.2,0.496,0.529,0.43,0.4
1630172,1.52,2.02,37.2,2024-25,0.075,26.3,3.3,3.1,3.1,0.548,2.1,1.1,0.422,4.5,2.0,0.419,2.2,1.7,0.4,0.536,0.586,0.358,0.287
1630173,1.12,1.97,27.0,2024-25,0.049,19.5,1.6,0.8,0.6,0.432,0.6,0.0,0.406,1.7,1.2,0.418,1.1,0.4,0.1,0.529,0.57,0.418,0.427
1630174,0.91,1.6,38.2,2024-25,0.044,27.6,2.1,3.6,3.6,0.673,1.6,0.7,0.464,3.8,2.0,0.533,2.9,1.2,0.2,0.548,0.549,0.468,0.215
1630175,4.27,4.86,40.0,2024-25,0.1,28.4,5.9,2.3,2.3,0.516,2.8,0.8,0.422,7.5,3.2,0.449,3.6,3.4,0.7,0.575,0.615,0.447,0.206
1630178,4.6,5.04,90.1,2024-25,0.1,61.0,10.6,3.1,3.1,0.516,9.1,6.0,0.478,14.2,8.3,0.48,10.3,3.8,0.9,0.558,0.633,0.234,0.195
1630182,1.35,2.04,29.6,2024-25,0.074,21.4,3.6,3.5,3.4,0.595,0.8,0.2,0.3,3.4,1.0,0.4,1.0,1.7,0.3,0.507,0.537,0.441,0.221
1630183,1.29,2.01,42.1,2024-25,0.068,29.3,3.4,3.3,3.2,0.496,2.2,0.5,0.456,5.0,3.0,0.48,3.4,1.4,0.3,0.582,0.618,0.456,0.349
1630188,0.59,1.51,26.6,2024-25,0.054,18.6,1.3,3.4,3.3,0.475,0.2,0.1,0.464,1.0,0.6,0.528,0.8,0.2,0.0,0.583,0.602,0.486,0.437
1630191,0.72,1.73,25.0,2024-25,0.089,19.2,2.6,0.8,0.7,0.492,0.2,0.1,0.167,0.4,0.2,0.4,0.2,0.1,0.0,0.497,0.533,0.402,0.371
1630192,0.58,1.6,9.5,2024-25,0.065,6.2,0.6,1.0,0.9,0.483,0.0,0.0,,0.4,0.2,0.222,0.1,0.2,0.1,0.526,0.528,0.478,0.389
1630193,4.19,4.81,63.8,2024-25,0.127,45.5,10.5,3.7,3.5,0.549,5.6,3.4,0.53,11.1,4.0,0.466,5.5,5.6,1.3,0.582,0.616,0.381,0.137
1630194,0.8,1.93,14.9,2024-25,0.091,10.8,1.4,1.1,0.5,0.5,0.2,0.1,0.111,0.6,0.4,0.294,0.3,0.2,0.0,0.496,0.535,0.408,0.472
1630198,1.51,2.11,28.3,2024-25,0.086,18.7,3.1,4.7,4.6,0.68,2.3,1.7,0.425,2.2,0.6,0.455,0.7,1.3,0.3,0.509,0.52,0.436,0.209
1630200,3.71,4.01,41.4,2024-25,0.123,33.9,7.7,1.0,0.9,0.636,0.5,0.1,0.26,6.8,2.6,0.441,3.0,3.6,0.9,0.583,0.625,0.463,0.172
1630201,3.1,3.67,27.3,2024-25,0.083,21.0,3.5,1.0,1.0,0.375,1.0,0.0,0.25,4.0,1.5,0.333,1.3,1.5,0.5,0.5,0.4,0.75,0.286
1630202,4.17,4.2,51.2,2024-25,0.093,37.7,6.7,4.9,4.9,0.666,3.8,2.9,0.523,5.4,1.7,0.635,2.4,3.3,0.9,0.518,0.533,0.483,0.25
1630205,1.56,2.33,13.7,2024-25,0.053,8.9,0.6,1.4,1.4,0.438,0.5,0.2,0.688,2.1,0.9,0.625,1.4,0.6,0.1,0.514,0.63,0.174,0.316
1630208,0.42,1.56,30.2,2024-25,0.04,21.4,1.5,0.5,0.0,0.556,0.1,0.0,0.143,0.4,0.2,0.5,0.3,0.1,0.0,0.53,0.598,0.405,0.433
1630214,0.71,1.66,8.9,2024-25,0.032,6.6,0.7,0.9,0.9,0.242,0.0,0.0,0.0,0.5,0.2,0.333,0.1,0.2,0.0,0.566,0.611,0.417,0.233
1630215,4.62,4.78,37.3,2024-25,0.138,26.6,6.4,1.7,1.7,0.576,2.6,1.2,0.481,8.3,3.4,0.461,3.8,3.7,1.1,0.553,0.57,0.463,0.191
1630217,2.67,3.63,68.4,2024-25,0.109,49.0,9.2,2.8,2.6,0.624,5.5,3.3,0.524,10.5,4.6,0.525,5.7,4.7,1.1,0.555,0.615,0.304,0.224
1630222,2.44,3.21,9.8,2024-25,0.149,7.4,1.3,0.7,0.7,0.214,0.3,0.1,0.667,1.4,0.6,1.0,1.2,0.8,0.5,0.75,0.778,0.667,0.333
1630224,4.7,4.98,63.4,2024-25,0.087,39.5,6.7,3.5,3.3,0.596,7.8,4.8,0.424,10.5,5.3,0.467,6.6,3.2,0.6,0.584,0.641,0.317,0.239
1630227,4.19,4.86,9.0,2024-25,0.158,6.3,1.0,0.3,0.3,0.0,0.0,0.0,,0.7,0.0,0.0,0.0,0.3,0.3,0.8,0.8,0.0,0.25
1630228,2.57,3.24,45.9,2024-25,0.076,29.1,4.5,2.5,2.4,0.504,2.7,0.7,0.316,8.1,4.1,0.443,5.1,2.3,0.4,0.565,0.605,0.403,0.29
1630230,2.61,3.07,46.6,2024-25,0.092,32.8,5.0,2.8,2.7,0.474,1.9,0.4,0.438,7.7,4.3,0.561,5.9,2.2,0.6,0.571,0.593,0.466,0.287
1630231,0.61,1.42,25.0,2024-25,0.059,19.0,2.1,1.3,1.3,0.405,0.0,0.0,0.0,1.4,0.5,0.55,0.7,0.8,0.2,0.521,0.537,0.435,0.304
1630241,0.94,1.48,22.7,2024-25,0.097,15.7,2.4,4.4,4.3,0.573,0.9,0.9,0.47,0.9,0.1,0.3,0.1,0.7,0.2,0.503,0.502,0.5,0.299
1630243,2.42,2.99,18.5,2024-25,0.1,12.3,2.3,1.5,1.5,0.457,1.3,1.0,0.359,2.6,1.0,0.452,1.1,1.2,0.2,0.574,0.636,0.5,0.389
1630245,2.53,2.96,56.5,2024-25,0.105,43.1,7.9,3.5,3.5,0.506,1.1,0.7,0.367,8.1,2.8,0.577,3.7,4.3,1.0,0.569,0.611,0.413,0.174
1630249,1.9,2.54,32.1,2024-25,0.102,25.2,4.5,2.9,2.8,0.678,1.0,0.8,0.57,3.2,0.8,0.628,1.1,2.2,0.7,0.563,0.585,0.4,0.205
1630256,1.6,2.29,13.7,2024-25,0.093,9.8,1.8,0.8,0.8,0.558,0.1,0.1,0.0,1.6,0.9,0.449,1.0,0.5,0.0,0.522,0.563,0.442,0.368
1630264,0.81,1.79,8.3,2024-25,0.053,5.9,0.7,0.6,0.6,0.5,0.1,0.0,0.0,0.8,0.4,0.5,0.7,0.2,0.0,0.504,0.565,0.375,0.394
1630283,0.35,1.46,17.4,2024-25,0.032,14.3,1.2,0.3,,0.333,0.0,,,0.1,0.0,0.0,0.0,0.0,0.0,0.557,0.614,0.4,0.462
1630288,4.51,4.72,30.1,2024-25,0.084,22.7,3.9,0.7,0.7,0.517,2.6,1.0,0.56,4.6,2.6,0.533,3.3,1.6,0.4,0.561,0.632,0.375,0.183
1630296,1.48,2.16,8.3,2024-25,0.0,5.7,0.0,0.3,0.3,0.0,0.0,0.0,,1.0,0.3,0.0,0.0,0.3,0.0,0.5,0.333,0.5,0.0
1630311,3.13,3.56,16.2,2024-25,0.099,12.4,1.9,0.4,0.4,0.441,0.5,0.2,0.429,2.1,1.0,0.421,0.9,0.8,0.2,0.568,0.608,0.484,0.261
1630314,4.46,4.6,29.6,2024-25,0.111,20.8,3.5,1.2,1.1,0.7,1.2,0.7,0.487,5.7,2.4,0.557,3.6,2.4,0.7,0.464,0.529,0.3,0.241
1630322,1.54,2.07,21.9,2024-25,0.061,16.3,2.0,3.0,2.9,0.49,1.0,0.6,0.547,0.9,0.5,0.4,0.4,0.4,0.0,0.573,0.634,0.333,0.245
1630346,1.26,2.28,5.2,2024-25,0.049,3.2,0.4,0.9,0.8,0.441,0.4,0.2,0.357,0.6,0.3,0.2,0.1,0.3,0.1,1.0,1.0,0.0,0.25
1630526,0.9,1.82,27.7,2024-25,0.064,20.9,2.1,2.5,2.3,0.543,0.6,0.2,0.351,1.4,0.6,0.31,0.4,0.6,0.2,0.545,0.571,0.449,0.343
1630527,3.03,3.49,44.3,2024-25,0.069,31.8,4.1,2.1,2.0,0.632,4.0,1.3,0.415,5.4,2.6,0.378,2.8,1.8,0.4,0.623,0.702,0.424,0.187
1630528,3.46,3.73,7.4,2024-25,0.143,4.0,0.9,0.6,0.6,0.375,0.4,0.2,0.167,1.6,0.7,0.2,0.3,0.8,0.1,0.6,0.75,0.0,0.111
1630529,1.25,2.39,47.0,2024-25,0.093,34.9,4.5,3.9,3.4,0.519,0.7,0.2,0.308,5.1,2.5,0.469,3.4,1.8,0.5,0.527,0.528,0.512,0.333
1630530,2.13,2.66,58.2,2024-25,0.095,37.2,6.1,5.5,5.4,0.595,4.2,2.8,0.402,9.2,4.4,0.474,6.2,3.1,0.7,0.61,0.63,0.439,0.157
1630531,3.35,3.84,8.5,2024-25,0.154,5.0,1.4,0.9,0.9,0.385,0.4,0.2,0.316,1.7,0.5,0.455,0.7,0.9,0.3,0.523,0.586,0.395,0.362
1630532,3.69,4.24,67.0,2024-25,0.115,41.1,9.3,3.4,3.3,0.446,5.7,2.5,0.419,13.3,7.5,0.488,9.5,3.5,1.0,0.594,0.679,0.318,0.181
1630533,1.25,2.03,33.5,2024-25,0.059,22.6,2.5,4.3,4.3,0.542,0.9,0.5,0.254,2.5,1.2,0.347,1.2,0.8,0.1,0.628,0.695,0.399,0.268
1630534,0.89,1.6,35.6,2024-25,0.06,25.3,3.3,3.7,3.7,0.594,0.6,0.3,0.541,2.5,1.0,0.507,1.2,1.1,0.3,0.527,0.59,0.363,0.24
1630537,2.34,2.81,6.9,2024-25,0.11,4.8,0.9,0.4,0.4,1.0,0.5,0.5,0.333,1.0,0.5,0.75,0.8,0.4,0.1,0.741,0.714,0.833,0.2
1630538,4.65,5.32,21.3,2024-25,0.095,14.0,2.8,1.1,1.1,0.519,3.0,2.3,0.535,2.5,0.7,0.353,0.9,1.0,0.3,0.714,0.714,0.5,0.08
1630539,0.77,1.89,16.7,2024-25,0.049,12.7,1.2,0.1,0.0,0.75,0.4,0.1,0.265,0.4,0.2,0.75,0.5,0.1,0.1,0.576,0.603,0.494,0.36
1630540,3.35,3.59,38.5,2024-25,0.104,28.1,4.6,3.1,3.0,0.594,3.4,1.8,0.463,3.5,1.4,0.402,1.3,1.7,0.4,0.452,0.453,0.441,0.268
1630541,1.43,2.15,27.3,2024-25,0.075,17.3,2.6,4.1,4.0,0.539,1.0,0.5,0.465,3.1,1.4,0.485,1.8,1.1,0.3,0.471,0.513,0.344,0.312
1630542,0.58,1.48,29.3,2024-25,0.048,20.8,1.5,2.8,2.7,0.25,0.6,0.4,0.0,1.0,0.5,0.2,0.2,0.4,0.1,0.593,0.644,0.469,0.229
1630543,0.39,1.34,24.0,2024-25,0.06,16.8,1.8,0.0,,,0.0,,,0.0,0.0,0.0,0.0,0.0,0.0,0.459,0.459,0.44,0.607
1630544,4.59,4.98,50.5,2024-25,0.087,34.5,5.5,2.2,2.2,0.672,4.6,2.4,0.475,12.4,6.1,0.468,6.3,5.2,1.0,0.447,0.473,0.387,0.237
1630545,1.58,2.25,11.4,2024-25,0.148,6.8,1.7,0.8,0.8,0.519,0.5,0.2,0.4,2.2,1.2,0.462,1.3,0.7,0.2,0.61,0.673,0.4,0.34
1630548,1.41,2.19,26.0,2024-25,0.062,17.3,2.1,4.0,4.0,0.582,1.6,0.8,0.455,1.7,1.0,0.462,1.0,0.5,0.1,0.507,0.538,0.362,0.217
1630549,0.77,1.73,33.2,2024-25,0.074,24.5,2.8,1.0,0.9,0.433,0.2,0.0,0.2,0.8,0.4,0.45,0.6,0.2,0.1,0.5,0.539,0.434,0.524
1630550,1.11,1.98,14.1,2024-25,0.031,9.7,1.0,1.1,1.0,0.455,0.5,0.1,0.444,1.4,0.8,0.375,0.8,0.3,0.1,0.558,0.509,0.625,0.438
1630551,0.8,1.7,29.7,2024-25,0.046,21.2,2.0,2.8,2.8,0.626,0.4,0.3,0.192,1.8,0.8,0.423,1.0,0.6,0.1,0.641,0.664,0.521,0.379
1630552,1.48,2.53,87.6,2024-25,0.076,66.1,9.6,3.5,3.2,0.512,1.8,0.5,0.254,8.7,4.1,0.466,5.0,3.0,0.8,0.63,0.673,0.408,0.262
1630553,2.81,3.39,40.9,2024-25,0.081,27.5,4.7,4.0,3.9,0.508,1.7,1.1,0.326,6.1,2.7,0.406,2.8,2.4,0.6,0.538,0.605,0.371,0.219
1630556,0.63,1.55,22.2,2024-25,0.059,17.8,1.7,1.4,1.3,0.636,0.4,0.1,0.286,1.3,0.5,0.333,0.4,0.7,0.1,0.516,0.56,0.344,0.365
1630557,1.13,1.86,34.4,2024-25,0.074,22.9,2.7,4.7,4.6,0.552,1.2,0.8,0.451,4.6,2.2,0.518,2.7,1.7,0.4,0.503,0.547,0.346,0.238
1630558,4.35,4.44,55.3,2024-25,0.109,45.2,9.2,2.0,2.0,0.586,1.4,0.9,0.51,8.1,2.5,0.514,2.9,4.6,1.2,0.506,0.516,0.461,0.108
1630559,3.43,3.96,79.5,2024-25,0.1,57.7,10.7,4.0,3.9,0.596,5.4,3.3,0.49,10.6,4.5,0.518,6.9,4.2,1.1,0.534,0.568,0.412,0.216
1630560,3.3,3.99,59.9,2024-25,0.108,34.8,6.7,2.7,2.5,0.507,9.5,5.2,0.492,14.7,6.6,0.5,9.7,5.1,1.7,0.503,0.557,0.333,0.193
1630561,2.45,2.8,8.2,2024-25,0.129,5.2,1.0,1.0,1.0,0.75,0.2,0.0,0.0,1.5,0.7,0.25,0.5,0.5,0.0,0.455,0.444,0.333,0.2
1630567,2.56,3.37,75.9,2024-25,0.11,52.9,11.2,3.3,2.8,0.432,5.8,1.4,0.423,10.2,4.8,0.463,5.9,3.8,1.1,0.612,0.64,0.462,0.293
1630568,0.49,1.53,10.0,2024-25,0.043,6.6,0.5,1.0,0.9,0.436,0.2,0.0,0.25,0.2,0.2,0.714,0.3,0.0,0.0,0.568,0.523,0.554,0.63
1630570,3.2,3.86,46.1,2024-25,0.077,33.8,5.8,1.6,1.6,0.521,0.8,0.4,0.351,8.1,3.8,0.509,5.1,2.7,0.6,0.519,0.549,0.394,0.281
1630572,0.9,1.79,19.1,2024-25,0.059,13.3,1.7,2.4,2.4,0.557,0.3,0.2,0.658,1.4,0.6,0.59,1.0,0.5,0.1,0.592,0.613,0.512,0.369
1630573,0.62,1.46,25.8,2024-25,0.049,18.3,1.9,4.6,4.5,0.606,1.3,1.0,0.658,0.9,0.4,0.7,0.7,0.4,0.1,0.554,0.587,0.406,0.243
1630574,0.52,1.75,11.3,2024-25,0.05,8.8,1.0,0.0,,0.0,0.1,,0.667,0.3,0.2,0.25,0.1,0.0,0.0,0.526,0.617,0.359,0.373
1630577,0.78,1.57,32.3,2024-25,0.06,22.4,2.2,5.1,5.1,0.557,0.9,0.7,0.532,1.9,0.9,0.377,0.9,0.7,0.2,0.621,0.644,0.482,0.264
1630578,1.34,2.57,62.0,2024-25,0.121,40.3,9.1,2.4,0.9,0.419,1.5,0.1,0.376,7.7,4.2,0.53,5.5,1.9,0.6,0.566,0.611,0.46,0.416
1630579,0.52,1.56,16.1,2024-25,0.045,13.8,0.8,0.0,,0.5,0.0,,0.0,0.2,0.0,0.5,0.0,0.1,0.0,0.538,0.589,0.444,0.497
1630581,2.93,3.31,78.0,2024-25,0.119,60.3,11.8,3.2,3.1,0.574,2.2,0.7,0.471,10.8,3.9,0.491,5.0,5.3,1.4,0.63,0.654,0.496,0.26
1630583,1.11,2.02,47.2,2024-25,0.083,34.8,4.2,4.6,4.4,0.543,1.1,0.5,0.543,4.5,2.0,0.504,2.5,2.0,0.4,0.667,0.696,0.457,0.202
1630585,3.47,3.96,42.0,2024-25,0.1,32.5,4.8,1.8,1.8,0.643,1.5,0.3,0.167,6.0,4.0,0.438,3.5,1.5,0.8,0.333,0.333,0.333,0.5
1630590,3.55,3.77,46.4,2024-25,0.127,34.6,7.9,2.4,2.4,0.641,0.9,0.3,0.349,8.1,2.5,0.472,3.0,4.5,1.1,0.538,0.581,0.417,0.165
1630591,3.69,4.32,67.1,2024-25,0.079,46.8,8.2,4.3,4.2,0.52,5.4,2.7,0.405,8.0,3.7,0.454,4.5,3.0,0.7,0.526,0.593,0.324,0.255
1630592,1.78,2.57,35.8,2024-25,0.073,25.3,4.1,4.4,4.3,0.522,0.6,0.3,0.284,5.7,1.9,0.38,2.2,2.9,0.6,0.508,0.551,0.389,0.352
1630595,4.91,5.29,90.6,2024-25,0.153,59.7,15.4,2.2,2.1,0.577,8.1,3.8,0.494,17.1,9.4,0.514,12.3,4.9,1.6,0.588,0.67,0.293,0.254
1630596,1.34,2.36,57.9,2024-25,0.08,39.7,5.6,2.9,2.7,0.568,1.0,0.5,0.378,6.6,3.1,0.505,4.1,1.9,0.5,0.591,0.616,0.469,0.407
1630598,2.21,2.75,32.9,2024-25,0.083,21.3,3.1,3.8,3.7,0.581,1.5,0.8,0.469,5.0,2.6,0.515,3.1,1.9,0.5,0.538,0.574,0.445,0.336
1630600,1.03,1.89,38.0,2024-25,0.167,30.0,5.0,3.0,3.0,0.5,1.0,0.0,0.0,2.0,2.0,0.5,2.0,0.0,0.0,0.308,0.333,0.25,0.25
1630604,0.63,1.37,5.8,2024-25,0.059,4.3,0.9,0.8,0.8,0.5,0.1,0.1,0.0,0.3,0.1,1.0,0.2,0.2,0.0,0.563,0.545,0.6,0.556
1630611,0.93,1.84,21.4,2024-25,0.085,16.9,2.4,1.8,1.7,0.51,0.2,0.1,0.278,1.1,0.3,0.5,0.3,0.7,0.1,0.504,0.505,0.477,0.355
1630618,2.54,2.91,13.5,2024-25,0.07,10.8,1.8,0.8,0.8,0.0,0.0,0.0,,1.8,0.8,0.0,0.0,1.0,0.3,0.4,0.8,0.0,0.0
1630623,3.37,3.56,36.3,2024-25,0.066,26.1,4.1,5.9,5.9,0.476,0.6,0.4,0.25,1.9,0.1,1.0,1.0,1.0,0.0,0.5,0.6,0.375,0.333
1630625,2.94,3.78,37.8,2024-25,0.088,27.2,4.9,2.5,2.5,0.521,1.6,0.8,0.322,6.1,2.7,0.421,3.1,2.4,0.6,0.529,0.559,0.411,0.267
1630631,4.47,4.4,53.0,2024-25,0.115,40.2,7.9,3.6,3.6,0.535,2.9,2.0,0.516,7.6,2.8,0.417,2.9,3.8,1.3,0.553,0.574,0.45,0.162
1630639,1.34,2.16,31.0,2024-25,0.056,21.2,2.7,3.6,3.6,0.468,0.4,0.3,0.6,3.0,1.3,0.412,1.5,1.1,0.1,0.656,0.688,0.5,0.221
1630643,0.56,1.46,15.6,2024-25,0.061,9.7,1.1,3.1,3.0,0.578,0.2,0.1,0.8,1.7,0.5,0.667,0.8,0.8,0.2,0.43,0.421,0.429,0.395
1630644,5.32,5.66,11.0,2024-25,0.158,9.5,2.5,0.5,0.5,0.0,0.5,0.0,0.0,3.0,0.5,0.0,0.0,2.0,0.5,0.5,0.5,0.0,0.0
1630649,1.08,1.79,4.5,2024-25,0.06,3.0,0.5,0.7,0.7,0.3,0.2,0.0,0.0,0.5,0.3,0.167,0.2,0.1,0.0,0.81,0.765,0.667,0.235
1630658,0.68,1.69,22.0,2024-25,0.066,16.3,2.7,0.9,0.6,0.348,0.1,0.0,0.0,0.7,0.3,0.25,0.3,0.3,0.1,0.555,0.585,0.473,0.385
1630678,0.43,1.34,2.3,2024-25,0.333,2.0,0.3,0.0,,,0.0,,,0.3,0.3,0.0,0.0,0.0,0.0,1.0,0.0,1.0,1.0
1630692,1.92,2.54,29.4,2024-25,0.063,23.1,2.8,2.0,2.0,0.627,1.2,0.3,0.417,2.2,1.1,0.531,1.2,1.0,0.2,0.467,0.514,0.376,0.402
1630695,0.38,1.48,23.2,2024-25,0.044,18.4,2.0,2.6,2.5,0.495,0.1,0.1,0.0,0.7,0.1,0.2,0.2,0.4,0.1,0.58,0.582,0.494,0.256
1630696,3.19,3.54,30.7,2024-25,0.068,24.0,4.4,1.7,1.7,0.875,0.7,0.4,0.3,3.4,1.4,0.526,1.4,1.7,0.1,0.61,0.667,0.5,0.472
1630699,2.17,2.73,6.7,2024-25,0.078,4.0,0.9,0.4,0.4,0.429,0.8,0.4,0.464,0.9,0.2,0.375,0.4,0.4,0.1,0.8,0.846,0.524,0.227
1630700,2.28,2.79,61.9,2024-25,0.097,45.3,8.6,2.7,2.5,0.549,1.4,0.5,0.341,10.3,4.3,0.46,4.4,4.7,1.0,0.588,0.605,0.492,0.278
1630702,3.77,4.03,25.0,2024-25,0.095,15.0,2.6,2.7,2.6,0.594,2.3,0.8,0.473,5.2,2.5,0.5,3.0,1.8,0.4,0.543,0.615,0.243,0.169
1630703,4.01,4.52,59.8,2024-25,0.117,43.4,9.5,2.6,2.4,0.532,3.3,2.0,0.471,11.7,4.0,0.457,5.1,5.1,1.2,0.453,0.5,0.342,0.222
1630762,1.87,2.45,9.0,2024-25,0.091,4.4,0.2,1.2,1.2,0.0,0.8,0.8,0.0,1.8,1.2,0.333,1.2,0.2,0.0,0.533,0.6,0.4,0.125
1630811,3.81,4.03,34.5,2024-25,0.095,27.5,4.6,1.9,1.9,0.534,2.3,0.7,0.38,4.1,1.8,0.455,1.8,1.9,0.2,0.51,0.538,0.35,0.24
1631093,3.85,4.27,59.4,2024-25,0.101,39.3,7.8,2.9,2.8,0.674,4.8,2.3,0.458,9.8,4.6,0.432,5.4,3.1,0.8,0.519,0.556,0.449,0.218
1631094,3.24,4.16,77.2,2024-25,0.1,47.8,9.4,2.2,2.0,0.49,9.4,3.9,0.445,11.9,5.5,0.498,8.8,3.2,0.7,0.615,0.673,0.338,0.22
1631095,0.99,1.85,37.2,2024-25,0.043,24.6,1.9,4.6,4.3,0.554,2.4,0.6,0.399,2.2,1.2,0.485,1.5,0.6,0.2,0.59,0.626,0.436,0.328
1631096,1.04,2.04,44.7,2024-25,0.067,29.6,3.1,3.8,3.3,0.541,1.4,0.3,0.37,5.3,2.3,0.427,3.0,1.9,0.5,0.54,0.589,0.35,0.42
1631097,1.75,2.48,50.1,2024-25,0.058,32.8,3.5,1.8,1.7,0.624,4.0,2.2,0.396,7.0,3.5,0.482,4.9,1.8,0.3,0.563,0.622,0.392,0.225
1631098,1.98,2.5,7.9,2024-25,0.067,4.9,0.7,0.4,0.4,0.3,0.6,0.4,0.409,1.0,0.6,0.409,0.6,0.2,0.1,0.514,0.596,0.37,0.316
1631099,1.09,1.92,42.6,2024-25,0.048,29.8,2.7,5.4,5.3,0.528,1.9,0.6,0.377,3.8,2.2,0.482,2.4,1.3,0.3,0.609,0.611,0.539,0.343
1631101,2.86,3.42,52.2,2024-25,0.086,32.0,5.0,3.4,3.2,0.459,6.4,3.3,0.456,8.7,4.4,0.53,6.0,2.8,0.5,0.583,0.629,0.41,0.219
1631102,2.9,3.38,14.1,2024-25,0.094,10.7,1.7,0.9,0.9,0.3,1.4,0.4,0.295,1.4,0.8,0.462,0.8,0.6,0.1,0.65,0.6,0.8,0.769
1631103,2.82,3.27,14.2,2024-25,0.093,8.7,1.2,1.4,1.4,0.623,1.1,0.4,0.425,2.0,1.2,0.5,1.5,0.5,0.2,0.548,0.611,0.304,0.118
1631104,3.59,3.86,20.6,2024-25,0.129,15.3,3.2,0.9,0.9,0.409,0.4,0.1,0.32,4.0,1.1,0.435,1.3,2.1,0.6,0.56,0.564,0.531,0.197
1631105,0.86,1.93,44.5,2024-25,0.08,33.6,4.3,0.0,,0.5,0.1,,0.6,1.9,1.1,0.536,1.5,0.3,0.1,0.574,0.613,0.462,0.401
1631106,1.77,2.31,36.1,2024-25,0.062,23.7,2.8,3.1,3.0,0.522,1.2,0.2,0.348,4.0,2.1,0.454,2.2,1.4,0.2,0.569,0.631,0.438,0.387
1631107,1.46,2.56,42.9,2024-25,0.09,31.5,5.1,4.2,4.1,0.557,0.7,0.4,0.426,4.3,1.6,0.473,1.9,1.9,0.7,0.547,0.59,0.333,0.289
1631108,2.2,2.79,35.5,2024-25,0.074,25.2,3.1,3.4,3.4,0.607,1.7,0.6,0.305,4.0,1.7,0.429,2.1,1.6,0.3,0.554,0.585,0.392,0.244
1631109,0.46,1.58,38.1,2024-25,0.103,24.0,3.5,0.9,0.1,0.316,0.3,0.0,0.364,0.7,0.5,0.417,0.5,0.0,0.0,0.617,0.675,0.475,0.421
1631110,1.38,2.21,39.7,2024-25,0.086,27.6,3.8,1.8,1.6,0.464,0.4,0.1,0.175,3.7,1.5,0.451,1.7,1.6,0.5,0.548,0.603,0.447,0.44
1631111,1.77,2.49,21.3,2024-25,0.071,16.4,2.2,1.0,0.9,0.569,0.6,0.2,0.225,1.9,0.9,0.355,0.9,0.8,0.1,0.655,0.691,0.556,0.316
1631114,3.37,3.81,68.1,2024-25,0.113,45.4,9.4,3.3,3.2,0.596,6.8,1.7,0.472,13.4,7.0,0.471,8.5,4.2,1.4,0.547,0.575,0.358,0.209
1631115,0.72,1.95,30.5,2024-25,0.078,22.4,3.3,1.5,1.1,0.5,0.3,0.0,0.214,0.8,0.5,0.4,0.5,0.3,0.1,0.455,0.533,0.36,0.486
1631116,0.54,1.54,6.3,2024-25,0.028,4.5,0.5,0.7,0.7,1.059,0.3,0.3,0.25,0.1,0.1,0.5,0.1,0.0,0.0,0.833,0.833,0.625,0.36
1631117,0.4,1.47,36.6,2024-25,0.064,26.1,2.9,0.6,0.6,0.25,0.0,0.0,0.0,0.3,0.1,0.429,0.1,0.1,0.0,0.577,0.602,0.503,0.518
1631119,0.4,1.54,37.6,2024-25,0.081,31.4,3.7,3.4,3.1,0.588,0.2,0.0,0.5,0.9,0.3,0.417,0.3,0.4,0.1,0.627,0.641,0.444,0.385
1631120,5.03,5.49,13.1,2024-25,0.086,9.5,1.9,0.8,0.8,0.25,0.8,0.4,0.385,1.7,0.8,0.462,0.8,0.4,0.1,0.52,0.55,0.4,0.077
1631121,3.03,4.07,5.2,2024-25,0.047,3.3,0.5,0.2,0.2,0.0,0.2,0.2,0.0,0.8,0.5,0.333,0.6,0.2,0.1,1.0,1.0,1.0,0.0
1631123,5.41,5.66,25.8,2024-25,0.097,20.6,3.6,0.6,0.6,0.0,0.6,0.4,0.833,3.4,1.2,0.833,2.2,1.2,0.0,0.455,0.4,1.0,0.2
1631124,1.89,2.51,27.1,2024-25,0.073,17.5,2.1,3.3,3.3,0.537,1.9,0.8,0.413,3.3,1.9,0.475,2.2,1.0,0.2,0.528,0.544,0.421,0.314
1631127,1.44,1.93,5.0,2024-25,0.167,3.6,0.6,0.4,0.2,0.0,0.0,0.0,,0.2,0.2,1.0,0.4,0.0,0.0,0.5,0.583,0.333,0.444
1631128,1.61,2.5,44.4,2024-25,0.083,31.2,4.3,2.3,2.2,0.58,1.1,0.5,0.528,3.4,1.6,0.528,2.2,1.3,0.4,0.563,0.638,0.374,0.259
1631131,0.32,1.42,23.1,2024-25,0.039,16.3,1.7,0.4,,0.2,0.1,,0.0,0.2,0.2,0.333,0.1,0.0,0.0,0.578,0.667,0.447,0.41
1631132,0.47,1.45,12.4,2024-25,0.045,9.7,0.7,0.1,0.1,0.0,0.1,0.0,0.5,0.1,0.0,0.0,0.1,0.0,0.0,0.541,0.663,0.402,0.478
1631133,0.89,1.75,15.6,2024-25,0.059,10.4,1.2,1.3,1.2,0.552,0.1,0.0,0.417,1.4,0.7,0.409,0.9,0.3,0.1,0.573,0.661,0.381,0.403
1631157,3.77,4.32,27.9,2024-25,0.089,21.0,3.1,1.8,1.8,0.646,1.0,0.3,0.42,3.3,1.6,0.5,1.8,1.4,0.4,0.522,0.544,0.404,0.25
1631159,1.36,2.3,4.3,2024-25,0.0,2.7,0.0,0.3,0.3,0.0,0.2,0.1,0.0,0.4,0.2,1.0,0.6,0.1,0.0,0.786,0.889,0.375,0.273
1631165,1.99,2.64,34.3,2024-25,0.057,26.3,3.0,3.4,3.3,0.654,1.2,0.7,0.495,1.9,0.5,0.419,0.6,1.0,0.2,0.582,0.576,0.566,0.217
1631166,0.91,1.81,49.4,2024-25,0.063,35.0,4.2,4.6,3.4,0.463,0.8,0.3,0.214,3.3,1.4,0.385,1.9,1.1,0.1,0.613,0.716,0.378,0.354
1631169,1.16,2.07,6.5,2024-25,0.101,3.9,0.6,0.9,0.9,0.512,0.0,0.0,0.0,0.8,0.4,0.556,0.5,0.3,0.0,0.662,0.686,0.522,0.426
1631170,2.96,3.37,36.4,2024-25,0.097,26.0,4.5,1.5,1.5,0.471,0.6,0.3,0.345,6.2,2.9,0.513,3.8,2.2,0.5,0.552,0.622,0.387,0.317
1631172,1.4,2.19,16.2,2024-25,0.071,11.8,1.7,1.6,1.5,0.558,0.6,0.4,0.261,1.2,0.4,0.385,0.4,0.6,0.2,0.57,0.63,0.36,0.247
1631197,2.31,2.73,25.3,2024-25,0.067,17.0,2.4,2.4,2.4,0.409,0.7,0.4,0.45,2.9,1.3,0.444,1.7,0.7,0.1,0.75,0.757,0.609,0.357
1631199,0.8,1.68,25.0,2024-25,0.125,16.0,4.0,6.0,6.0,0.0,0.0,0.0,,1.0,1.0,1.0,2.0,0.0,0.0,0.875,0.75,1.0,0.286
1631200,1.18,1.94,15.5,2024-25,0.096,10.3,1.8,1.5,1.5,0.341,0.2,0.2,0.353,2.3,1.0,0.493,1.1,1.0,0.2,0.538,0.579,0.472,0.484
1631204,4.64,4.98,30.4,2024-25,0.102,22.8,4.4,1.1,1.0,0.5,2.6,1.6,0.553,3.3,1.4,0.577,1.8,1.5,0.4,0.627,0.68,0.474,0.159
1631207,2.23,2.49,22.4,2024-25,0.078,17.0,3.0,1.4,1.3,0.54,0.2,0.1,0.208,2.9,1.0,0.466,1.3,1.4,0.2,0.488,0.494,0.452,0.282
1631209,4.15,4.39,25.3,2024-25,0.08,17.5,2.1,0.9,0.8,0.588,2.5,0.9,0.47,5.1,2.5,0.38,2.8,1.6,0.3,0.471,0.545,0.4,0.344
1631210,1.51,2.24,7.1,2024-25,0.066,5.4,0.4,0.5,0.5,0.667,0.2,0.1,0.667,0.8,0.4,0.333,0.2,0.4,0.1,0.536,0.706,0.25,0.4
1631212,1.29,2.32,30.4,2024-25,0.063,21.8,2.2,2.0,1.9,0.515,0.5,0.1,0.258,1.8,0.8,0.518,1.1,0.6,0.1,0.509,0.541,0.369,0.249
1631213,2.34,3.05,39.0,2024-25,0.071,28.5,3.9,3.9,3.9,0.564,1.6,0.8,0.411,4.3,1.7,0.456,1.9,1.9,0.6,0.654,0.694,0.504,0.26
1631214,3.75,4.66,4.0,2024-25,0.5,2.0,1.0,1.0,1.0,1.5,0.0,0.0,,1.0,1.0,1.0,2.0,0.0,0.0,,,,
1631216,0.52,1.52,14.1,2024-25,0.059,10.2,1.3,2.6,2.6,0.597,0.4,0.2,0.587,0.7,0.1,0.571,0.2,0.5,0.0,0.56,0.609,0.396,0.267
1631217,0.63,1.62,19.2,2024-25,0.059,13.3,1.9,0.2,0.1,0.313,0.2,0.0,0.5,0.5,0.4,0.68,0.5,0.1,0.0,0.488,0.589,0.385,0.47
1631218,0.74,1.58,29.7,2024-25,0.073,23.0,3.3,0.0,0.0,0.0,0.0,0.0,0.0,0.8,0.5,0.375,0.5,0.2,0.1,0.576,0.626,0.498,0.441
1631221,3.56,3.88,33.5,2024-25,0.089,26.6,3.8,1.9,1.9,0.633,1.6,0.8,0.5,3.2,1.4,0.413,1.5,1.5,0.2,0.467,0.479,0.423,0.269
1631222,1.67,2.31,34.6,2024-25,0.089,26.8,3.7,1.8,1.7,0.65,0.7,0.4,0.455,4.6,1.3,0.407,1.6,2.5,0.6,0.556,0.575,0.479,0.297
1631223,1.17,2.0,20.0,2024-25,0.072,14.6,1.9,1.5,1.5,0.45,0.5,0.3,0.467,2.8,1.1,0.611,1.7,1.3,0.3,0.618,0.645,0.433,0.274
1631230,0.71,1.59,13.3,2024-25,0.058,9.3,0.9,1.1,0.8,0.372,0.1,0.0,0.2,1.0,0.5,0.412,0.5,0.3,0.1,0.552,0.543,0.556,0.471
1631232,1.03,1.89,31.6,2024-25,0.043,21.4,1.6,3.0,2.9,0.464,1.2,0.2,0.618,3.2,1.6,0.364,1.9,1.0,0.0,0.592,0.59,0.429,0.345
1631243,0.58,1.36,19.7,2024-25,0.062,13.2,1.2,2.6,2.4,0.401,0.2,0.1,0.333,0.8,0.4,0.667,0.7,0.3,0.1,0.539,0.629,0.396,0.46
1631245,2.21,3.0,26.1,2024-25,0.095,19.9,3.4,0.9,0.9,0.6,0.8,0.5,0.386,3.8,1.4,0.41,1.7,1.9,0.5,0.5,0.537,0.438,0.233
1631246,1.68,2.69,31.9,2024-25,0.086,23.6,3.5,2.9,2.8,0.405,0.8,0.5,0.455,2.8,1.0,0.5,1.2,1.4,0.3,0.65,0.742,0.423,0.187
1631247,1.86,2.52,12.0,2024-25,0.071,9.3,1.4,0.6,0.6,0.0,0.2,0.2,0.0,0.8,0.3,0.0,0.2,0.3,0.2,0.588,0.522,0.615,0.3
1631248,1.48,2.33,13.2,2024-25,0.121,8.8,1.8,2.2,2.1,0.463,0.8,0.5,0.423,1.5,0.5,0.529,0.8,0.6,0.2,0.596,0.622,0.487,0.277
1631250,0.59,1.7,17.5,2024-25,0.054,14.3,0.8,1.8,1.7,0.587,0.3,0.2,0.25,0.7,0.2,0.667,0.4,0.4,0.1,0.525,0.533,0.417,0.333
1631255,0.47,1.5,24.5,2024-25,0.063,17.4,1.7,1.8,1.6,0.487,0.0,0.0,1.0,0.5,0.4,0.647,0.6,0.1,0.0,0.517,0.527,0.478,0.459
1631260,0.91,1.8,29.3,2024-25,0.067,22.2,2.9,3.8,3.7,0.661,1.8,1.2,0.508,0.7,0.2,0.455,0.2,0.5,0.1,0.588,0.582,0.353,0.138
1631288,1.47,2.27,14.9,2024-25,0.065,9.2,1.2,1.8,1.8,0.463,0.8,0.4,0.433,1.6,0.9,0.571,1.4,0.4,0.1,0.563,0.58,0.5,0.247
1631301,1.73,2.45,29.7,2024-25,0.09,22.2,3.3,1.8,1.8,0.545,1.3,0.7,0.5,3.8,1.0,0.333,1.2,2.2,0.8,0.375,0.429,0.333,0.167
1631303,1.86,2.32,7.4,2024-25,0.066,5.6,0.8,0.5,0.5,0.3,0.0,0.0,,0.8,0.1,0.5,0.2,0.6,0.1,0.455,0.417,0.5,0.6
1631306,0.73,1.69,18.7,2024-25,0.025,11.8,0.9,3.8,3.7,0.513,1.9,1.0,0.474,0.5,0.4,0.5,0.4,0.1,0.0,0.614,0.611,0.417,0.185
1631311,3.48,3.71,24.9,2024-25,0.11,16.8,2.7,2.2,2.2,0.536,1.8,1.2,0.239,4.8,1.6,0.476,1.9,2.6,0.8,0.452,0.441,0.5,0.211
1631321,2.34,3.01,8.4,2024-25,0.113,6.0,1.3,0.5,0.5,0.375,0.1,0.0,0.0,1.1,0.4,0.625,0.5,0.6,0.2,0.778,0.722,0.727,0.381
1631323,0.84,1.71,22.9,2024-25,0.053,16.3,1.7,2.7,2.6,0.53,0.8,0.4,0.36,1.6,0.8,0.413,1.0,0.4,0.1,0.56,0.576,0.444,0.27
1631342,0.6,1.35,16.0,2024-25,0.031,10.8,1.5,2.8,2.8,0.794,0.0,0.0,,1.3,0.5,1.0,1.0,0.8,0.3,0.5,0.5,0.5,0.182
1631386,2.47,3.27,30.0,2024-25,0.021,23.5,5.0,1.5,1.5,0.5,1.0,0.5,0.0,3.0,2.0,0.0,0.0,1.0,0.0,0.727,0.667,0.8,0.25
1631466,1.93,2.89,9.6,2024-25,0.09,5.0,1.0,1.2,1.2,0.375,0.2,0.1,0.0,2.1,1.3,0.538,1.6,0.4,0.2,0.52,0.571,0.385,0.154
1641705,1.2,2.31,58.6,2024-25,0.11,33.2,6.6,6.7,5.8,0.56,5.2,2.8,0.424,4.6,2.0,0.56,3.1,1.4,0.4,0.637,0.647,0.488,0.383
1641706,2.33,3.2,70.8,2024-25,0.077,47.0,6.4,7.1,7.1,0.576,6.5,3.8,0.401,8.0,4.3,0.393,4.7,2.5,0.6,0.541,0.582,0.373,0.198
1641707,1.22,1.87,24.7,2024-25,0.04,16.7,0.7,3.7,3.7,0.273,1.3,0.3,0.375,2.3,0.7,0.0,0.7,1.3,0.3,0.938,0.909,1.0,0.533
1641708,2.82,3.62,53.8,2024-25,0.099,38.9,7.3,1.4,1.1,0.416,1.4,0.2,0.358,7.5,2.9,0.458,3.4,3.4,0.8,0.614,0.646,0.5,0.362
1641709,2.45,2.97,32.7,2024-25,0.106,21.4,4.6,0.7,0.7,0.357,0.5,0.1,0.183,4.3,2.0,0.492,2.5,1.4,0.3,0.574,0.61,0.485,0.409
1641710,4.0,4.58,49.4,2024-25,0.083,37.0,6.3,1.9,1.8,0.507,1.7,0.6,0.382,7.3,3.3,0.427,3.8,2.7,0.6,0.52,0.591,0.351,0.235
1641711,1.34,1.97,36.3,2024-25,0.09,20.2,3.2,4.9,4.6,0.573,3.1,1.4,0.398,4.7,2.3,0.408,2.6,1.5,0.4,0.58,0.589,0.506,0.295
1641712,2.03,2.51,14.2,2024-25,0.046,10.4,1.4,0.9,0.8,0.433,0.4,0.3,0.341,1.7,0.7,0.417,0.8,0.7,0.2,0.543,0.571,0.448,0.257
1641713,1.78,2.5,24.4,2024-25,0.065,15.3,1.7,2.8,2.7,0.525,0.8,0.5,0.354,3.9,2.0,0.351,1.8,1.2,0.2,0.59,0.625,0.443,0.228
1641715,2.84,3.21,20.5,2024-25,0.092,10.5,1.7,2.0,1.9,0.48,2.3,1.6,0.539,2.6,1.4,0.342,1.3,0.7,0.1,0.616,0.689,0.419,0.325
1641716,1.4,2.16,25.9,2024-25,0.077,19.0,2.5,1.7,1.6,0.613,1.4,0.8,0.538,2.6,1.1,0.506,1.5,0.9,0.2,0.694,0.701,0.41,0.262
1641717,2.39,2.89,34.0,2024-25,0.101,25.1,4.7,2.7,2.7,0.555,0.9,0.4,0.367,4.6,2.1,0.468,2.0,2.1,0.6,0.477,0.53,0.376,0.284
1641718,3.94,4.76,74.5,2024-25,0.104,54.1,10.3,3.7,3.6,0.544,5.6,3.9,0.447,8.6,4.1,0.428,5.4,2.7,0.8,0.537,0.607,0.243,0.146
1641720,3.88,3.95,40.5,2024-25,0.08,30.9,5.0,1.2,1.1,0.417,4.2,2.0,0.484,5.8,2.1,0.419,2.5,2.9,0.5,0.54,0.533,0.6,0.222
1641721,1.62,2.27,13.8,2024-25,0.075,9.0,1.6,1.3,1.2,0.6,1.1,0.6,0.45,2.1,1.1,0.5,1.1,0.7,0.1,0.604,0.661,0.429,0.291
1641722,1.68,2.12,33.8,2024-25,0.055,21.5,2.1,4.3,4.2,0.523,4.1,1.7,0.42,3.3,1.8,0.34,1.5,1.1,0.3,0.505,0.541,0.325,0.204
1641723,4.08,4.24,26.7,2024-25,0.087,19.6,2.4,1.4,1.4,0.321,1.3,0.5,0.346,3.5,1.8,0.556,2.4,1.1,0.3,0.75,0.762,0.625,0.286
1641724,1.99,2.5,14.2,2024-25,0.084,8.7,1.6,2.4,2.4,0.483,1.1,0.7,0.396,1.2,0.4,0.542,0.6,0.6,0.1,0.588,0.61,0.526,0.314
1641725,3.5,4.16,9.0,2024-25,0.073,6.5,1.4,0.6,0.6,0.3,0.7,0.1,0.375,1.3,0.6,0.5,0.6,0.7,0.2,0.706,0.733,0.333,0.083
1641726,0.2,1.57,35.3,2024-25,0.086,27.4,3.7,0.1,,0.5,0.0,,0.0,0.2,0.1,0.6,0.3,0.0,0.0,0.526,0.551,0.462,0.43
1641727,1.51,2.19,16.5,2024-25,0.057,10.5,1.3,3.2,3.2,0.75,0.7,0.5,0.107,1.2,0.6,0.364,0.5,0.4,0.1,0.604,0.714,0.267,0.379
1641729,1.89,2.6,27.5,2024-25,0.093,16.6,3.0,3.9,3.8,0.647,2.5,1.4,0.489,3.7,1.8,0.469,2.2,1.2,0.2,0.59,0.606,0.477,0.195
1641730,0.77,1.7,34.4,2024-25,0.036,23.9,1.7,5.2,5.2,0.506,0.8,0.4,0.343,2.0,0.8,0.231,0.7,0.6,0.1,0.548,0.559,0.462,0.37
1641731,2.51,3.25,50.0,2024-25,0.098,34.3,6.5,3.2,3.1,0.409,2.1,0.6,0.333,8.0,3.4,0.411,3.9,2.9,0.6,0.565,0.592,0.467,0.354
1641732,2.22,2.78,18.1,2024-25,0.085,13.2,2.5,0.9,0.8,0.426,1.1,0.4,0.5,2.8,1.3,0.52,1.5,1.3,0.2,0.58,0.595,0.488,0.299
1641733,2.72,3.33,44.9,2024-25,0.073,33.0,4.6,3.8,3.8,0.504,3.9,1.3,0.451,5.9,2.8,0.444,2.9,2.6,0.5,0.518,0.564,0.255,0.086
1641734,1.63,2.38,11.0,2024-25,0.119,6.7,1.2,2.3,2.1,0.457,1.0,0.9,0.6,1.0,0.3,0.667,0.4,0.7,0.2,0.389,0.438,0.0,0.143
1641736,3.53,3.69,25.3,2024-25,0.084,20.8,3.6,1.0,1.0,0.284,0.5,0.1,0.111,3.7,1.4,0.4,1.4,1.8,0.3,0.619,0.65,0.565,0.333
1641737,0.54,1.68,18.2,2024-25,0.036,13.0,0.9,0.0,0.0,0.0,0.0,0.0,,0.7,0.4,0.667,0.6,0.2,0.0,0.451,0.489,0.38,0.49
1641738,2.02,2.97,10.2,2024-25,0.08,7.5,1.1,0.6,0.6,0.375,0.1,0.1,0.0,1.1,0.5,0.421,0.4,0.4,0.2,0.644,0.687,0.5,0.354
1641739,1.14,1.99,44.2,2024-25,0.07,32.0,4.3,4.1,4.1,0.56,0.5,0.4,0.458,4.3,1.9,0.493,2.3,1.5,0.3,0.51,0.529,0.447,0.318
1641740,1.0,1.58,9.6,2024-25,0.117,5.6,0.9,1.2,1.2,0.673,0.2,0.1,0.25,1.0,0.5,0.45,0.7,0.3,0.1,0.535,0.574,0.5,0.396
1641741,1.9,2.49,24.3,2024-25,0.084,15.9,2.2,2.1,2.1,0.454,1.5,0.8,0.279,3.7,1.8,0.392,1.9,1.3,0.3,0.576,0.653,0.362,0.291
1641744,0.33,1.38,25.9,2024-25,0.058,17.1,1.7,0.9,0.8,0.475,0.1,0.0,0.333,0.0,0.0,0.0,0.0,0.0,0.0,0.546,0.586,0.485,0.456
1641745,2.22,2.82,8.5,2024-25,0.06,5.4,0.8,1.4,1.4,0.27,0.9,0.6,0.414,0.7,0.4,0.5,0.4,0.3,0.1,0.659,0.667,0.636,0.222
1641748,1.12,1.8,19.3,2024-25,0.081,15.2,2.5,1.0,1.0,0.588,0.3,0.1,0.478,1.1,0.5,0.303,0.3,0.5,0.1,0.585,0.626,0.492,0.352
1641752,1.14,2.07,9.4,2024-25,0.115,7.6,1.1,0.6,0.5,0.5,0.1,0.1,1.5,0.8,0.3,0.5,0.3,0.5,0.3,0.636,0.857,0.25,0.286
1641753,1.11,1.77,7.8,2024-25,0.041,5.8,0.5,0.4,0.4,0.0,0.0,0.0,,0.5,0.2,0.2,0.2,0.2,0.0,0.538,0.676,0.333,0.571
1641755,1.76,2.53,12.3,2024-25,0.053,9.5,1.8,0.3,0.3,0.0,0.8,0.0,0.0,1.8,1.0,0.5,1.0,0.8,0.0,0.571,0.727,0.0,0.375
1641757,2.23,2.84,17.1,2024-25,0.078,11.8,1.4,0.9,0.9,0.375,0.4,0.2,0.214,3.0,1.5,0.518,2.0,0.9,0.3,0.496,0.515,0.46,0.414
1641763,0.74,1.43,15.4,2024-25,0.046,10.7,0.9,1.9,1.9,0.487,0.0,0.0,0.0,1.1,0.4,0.357,0.4,0.6,0.1,0.543,0.573,0.479,0.379
1641764,2.75,3.47,56.8,2024-25,0.08,43.2,6.9,2.9,2.9,0.588,3.8,1.8,0.465,5.5,2.3,0.467,2.8,2.5,0.5,0.578,0.647,0.374,0.258
1641765,1.89,2.49,15.4,2024-25,0.071,10.8,1.4,1.0,0.8,0.392,0.3,0.1,0.0,2.1,0.9,0.404,1.2,0.8,0.2,0.506,0.558,0.396,0.349
1641766,0.48,1.46,5.3,2024-25,0.091,2.8,0.3,0.0,,,0.0,,,0.0,0.0,0.0,0.0,0.0,0.0,0.545,0.333,0.625,0.167
1641767,0.63,1.39,27.7,2024-25,0.061,22.2,1.6,2.9,2.8,0.53,0.4,0.3,0.423,0.7,0.4,0.391,0.3,0.3,0.1,0.59,0.613,0.454,0.266
1641772,1.75,2.44,18.4,2024-25,0.039,10.2,1.2,1.4,1.4,0.429,0.8,0.6,0.0,2.2,1.8,0.444,2.0,0.0,0.0,0.636,0.667,0.563,0.571
1641774,0.93,1.83,24.6,2024-25,0.072,15.4,1.6,3.3,2.5,0.605,1.0,0.3,0.4,1.4,0.8,0.414,1.1,0.2,0.0,0.565,0.562,0.481,0.385
1641775,0.99,2.13,9.1,2024-25,0.053,6.9,0.7,1.0,1.0,0.412,0.1,0.1,0.375,0.5,0.2,0.636,0.3,0.1,0.0,0.595,0.597,0.561,0.348
1641779,0.96,1.48,3.0,2024-25,0.0,1.4,0.0,0.8,0.8,0.5,0.1,0.1,0.0,0.0,0.0,0.0,0.0,0.0,0.0,1.0,1.0,0.0,0.25
1641783,1.55,2.54,28.1,2024-25,0.078,19.7,3.0,2.9,2.7,0.502,0.9,0.5,0.422,2.7,1.2,0.407,1.3,1.0,0.3,0.547,0.579,0.448,0.286
1641787,1.79,2.53,34.4,2024-25,0.086,22.9,3.6,2.6,2.5,0.431,1.5,0.2,0.451,6.3,2.9,0.42,3.5,2.1,0.6,0.594,0.647,0.421,0.342
1641789,4.04,4.62,6.6,2024-25,0.083,4.5,0.8,0.5,0.5,0.375,0.4,0.2,0.714,0.9,0.4,0.167,0.1,0.4,0.0,0.556,0.8,0.25,0.0
1641790,0.54,1.6,5.9,2024-25,0.048,4.4,0.2,0.4,0.4,0.5,0.1,0.1,0.0,0.2,0.1,1.0,0.2,0.1,0.0,0.629,0.696,0.4,0.455
1641794,2.25,2.95,16.5,2024-25,0.084,12.8,1.9,1.0,1.0,0.42,0.3,0.1,0.25,1.2,0.4,0.348,0.4,0.6,0.2,0.571,0.596,0.469,0.308
1641796,1.45,2.26,17.8,2024-25,0.093,12.7,2.2,1.5,1.5,0.53,0.3,0.2,0.158,2.1,0.8,0.442,1.0,1.0,0.2,0.597,0.627,0.5,0.293
1641798,1.43,2.27,24.1,2024-25,0.058,18.3,2.2,1.3,1.3,0.375,0.8,0.2,0.308,3.3,1.6,0.4,1.6,1.4,0.5,0.587,0.647,0.423,0.273
1641801,0.52,1.13,5.8,2024-25,0.08,4.2,0.5,0.2,0.2,0.0,0.0,0.0,,0.2,0.2,0.0,0.0,0.0,0.0,0.667,0.8,0.571,0.375
1641803,2.98,4.31,5.4,2024-25,0.071,3.5,0.9,0.3,0.3,0.0,0.3,0.1,0.0,0.8,0.5,0.25,0.3,0.1,0.1,1.0,1.0,1.0,0.75
1641809,1.66,2.55,10.4,2024-25,0.063,8.2,0.9,0.9,0.9,0.477,0.5,0.4,0.792,0.5,0.1,0.667,0.2,0.3,0.0,0.635,0.721,0.409,0.2
1641810,2.08,2.2,17.8,2024-25,0.081,11.0,1.5,2.2,2.2,0.634,1.7,0.7,0.467,2.4,1.3,0.421,1.4,0.8,0.3,0.516,0.517,0.486,0.333
1641815,2.69,3.22,4.3,2024-25,0.0,3.7,1.0,0.0,0.0,,0.7,0.3,0.0,1.0,0.3,0.0,0.0,0.7,0.0,1.0,1.0,0.0,0.0
1641816,0.75,1.76,8.7,2024-25,0.07,5.6,0.5,1.4,1.3,0.478,0.3,0.2,0.321,0.3,0.2,0.375,0.2,0.1,0.0,0.614,0.624,0.49,0.397
1641817,0.49,1.46,4.3,2024-25,0.069,3.2,0.3,0.2,0.1,0.5,0.0,0.0,,0.0,0.0,0.0,0.0,0.0,0.0,1.0,1.0,1.0,0.0
1641824,1.32,2.08,25.2,2024-25,0.061,16.2,1.8,3.1,3.1,0.538,0.5,0.3,0.392,2.7,1.4,0.447,1.9,0.7,0.2,0.548,0.57,0.43,0.299
1641842,1.53,2.28,22.3,2024-25,0.067,15.2,2.0,1.6,1.5,0.37,0.6,0.3,0.396,2.6,1.3,0.515,1.7,0.7,0.1,0.604,0.652,0.364,0.216
1641854,3.51,3.97,18.1,2024-25,0.101,13.8,2.9,0.4,0.4,0.667,0.9,0.6,0.564,2.5,1.0,0.431,1.0,1.2,0.4,0.54,0.585,0.404,0.269
1641857,0.56,1.51,5.2,2024-25,0.041,3.8,0.6,0.2,0.2,0.0,0.0,0.0,,0.0,0.0,0.0,0.0,0.0,0.0,0.48,0.417,0.538,0.5
1641871,0.62,1.48,14.0,2024-25,0.059,9.6,0.6,2.3,2.2,0.476,0.1,0.0,0.5,0.4,0.3,0.429,0.3,0.0,0.0,0.489,0.471,0.5,0.533
1641878,3.47,3.82,52.5,2024-25,0.094,39.7,6.3,3.2,3.1,0.365,1.0,0.7,0.167,6.9,3.2,0.333,2.3,3.1,0.8,0.568,0.59,0.467,0.24
1641879,2.49,3.13,22.5,2024-25,0.103,19.5,4.5,0.0,,,1.5,,0.333,1.5,1.0,0.0,0.0,0.5,0.5,0.75,0.5,1.0,0.0
1641890,0.47,1.44,8.1,2024-25,0.032,5.5,0.2,1.3,1.3,0.613,0.1,0.0,0.75,0.0,0.0,1.0,0.1,0.0,0.0,0.694,0.704,0.6,0.4
1641936,0.47,1.32,12.7,2024-25,0.0,9.3,0.3,2.3,2.3,0.429,0.0,0.0,,0.0,0.0,0.0,0.0,0.0,0.0,0.5,0.583,0.286,0.444
1641989,1.7,2.37,18.9,2024-25,0.056,14.2,1.8,2.1,2.1,0.429,0.5,0.3,0.3,1.2,0.5,0.2,0.3,0.4,0.1,0.6,0.545,0.692,0.381
1641998,0.7,1.78,13.0,2024-25,0.043,9.9,0.8,0.0,,0.0,0.1,,0.333,0.4,0.4,0.571,0.4,0.1,0.0,0.51,0.55,0.444,0.467
1642024,0.3,1.28,21.3,2024-25,0.016,16.6,0.7,2.7,2.7,0.573,0.1,0.1,0.0,0.4,0.2,0.667,0.4,0.1,0.0,0.495,0.487,0.45,0.362
1642050,0.72,1.64,12.5,2024-25,0.077,8.7,1.0,1.3,1.3,0.375,0.3,0.3,0.75,0.2,0.2,0.0,0.0,0.0,0.0,0.611,0.667,0.429,0.364
1642258,1.25,1.93,32.3,2024-25,0.063,19.4,2.3,4.4,4.1,0.535,0.8,0.5,0.353,3.6,2.0,0.421,2.1,1.0,0.2,0.533,0.55,0.473,0.284
1642259,0.86,1.86,51.4,2024-25,0.068,35.3,4.0,5.1,4.8,0.446,1.2,0.2,0.344,3.2,2.0,0.41,2.1,0.7,0.1,0.52,0.546,0.441,0.393
1642261,1.19,2.13,26.0,2024-25,0.049,17.3,1.4,3.6,3.6,0.562,1.6,0.7,0.528,1.6,1.0,0.474,1.1,0.4,0.1,0.602,0.646,0.366,0.181
1642262,1.67,2.39,23.5,2024-25,0.071,16.6,2.2,2.6,2.6,0.395,0.6,0.1,0.21,2.4,1.3,0.385,1.2,0.7,0.1,0.544,0.558,0.473,0.179
1642263,3.13,3.18,21.7,2024-25,0.091,15.8,2.4,2.2,2.1,0.509,1.6,0.7,0.346,1.7,0.8,0.395,0.7,0.7,0.2,0.629,0.62,0.593,0.167
1642264,3.35,4.01,55.0,2024-25,0.11,37.3,7.8,2.8,2.7,0.454,3.2,1.4,0.351,9.4,4.0,0.431,5.1,3.4,0.9,0.535,0.576,0.438,0.279
1642265,5.13,4.84,21.9,2024-25,0.128,15.6,3.8,0.8,0.7,0.446,1.7,0.8,0.458,3.8,1.6,0.525,1.8,1.6,0.3,0.658,0.704,0.545,0.18
1642266,1.91,2.45,28.9,2024-25,0.082,19.1,3.0,3.0,3.0,0.558,1.6,0.6,0.421,3.7,1.9,0.402,2.0,1.3,0.3,0.539,0.567,0.447,0.3
1642267,3.33,3.84,63.2,2024-25,0.089,49.9,8.2,2.6,2.5,0.482,4.5,2.4,0.513,4.3,1.7,0.434,1.8,2.0,0.4,0.597,0.626,0.367,0.164
1642268,4.62,5.05,64.3,2024-25,0.124,50.5,11.6,1.3,1.3,0.429,2.1,1.1,0.291,9.4,3.0,0.418,3.4,4.5,1.4,0.553,0.594,0.368,0.145
1642269,3.14,3.49,18.7,2024-25,0.085,13.4,1.9,1.0,1.0,0.514,1.0,0.7,0.25,2.6,1.1,0.368,1.0,1.1,0.4,0.623,0.679,0.475,0.276
1642270,0.4,1.47,25.7,2024-25,0.061,18.8,1.6,0.7,0.7,0.478,0.1,0.0,0.0,0.1,0.0,0.0,0.0,0.0,0.0,0.556,0.593,0.485,0.539
1642271,0.91,2.1,35.1,2024-25,0.079,24.7,3.2,2.9,2.8,0.519,0.4,0.2,0.517,2.5,1.0,0.587,1.6,0.9,0.2,0.631,0.671,0.452,0.345
1642272,3.57,3.57,45.6,2024-25,0.089,29.4,4.1,3.6,3.6,0.659,4.3,2.2,0.48,8.7,4.5,0.51,5.9,2.5,0.4,0.448,0.483,0.342,0.268
1642273,1.74,2.51,45.3,2024-25,0.073,34.1,5.0,3.9,3.8,0.517,1.8,1.4,0.369,4.4,1.5,0.446,1.9,2.1,0.5,0.55,0.581,0.371,0.249
1642274,0.72,1.68,33.6,2024-25,0.057,23.6,1.9,0.2,0.0,0.455,0.0,0.0,0.5,1.7,0.9,0.424,1.0,0.4,0.1,0.503,0.522,0.464,0.459
1642275,1.03,2.02,31.3,2024-25,0.053,23.1,2.1,2.5,2.4,0.419,1.2,1.0,0.385,2.2,1.1,0.317,1.1,0.6,0.2,0.576,0.614,0.438,0.282
1642276,0.33,1.38,30.8,2024-25,0.043,21.8,1.4,1.9,1.6,0.471,0.4,0.1,0.352,0.4,0.2,0.4,0.2,0.0,0.0,0.625,0.635,0.527,0.397
1642277,0.85,1.58,9.7,2024-25,0.053,7.1,0.6,1.0,0.9,0.469,0.1,0.1,0.0,0.3,0.1,0.429,0.1,0.1,0.0,0.597,0.649,0.451,0.423
1642278,5.0,4.92,16.5,2024-25,0.132,12.9,2.6,0.9,0.9,0.568,0.5,0.2,0.1,2.3,0.8,0.355,0.6,1.4,0.4,0.614,0.576,0.615,0.222
1642279,0.36,1.76,5.1,2024-25,0.077,3.7,0.4,0.1,,0.0,0.0,,,0.0,0.0,0.0,0.0,0.0,0.0,0.615,0.8,0.5,0.625
1642280,2.04,2.23,3.8,2024-25,0.0,1.2,0.2,0.5,0.3,0.0,0.3,0.0,0.5,1.0,0.7,0.5,0.7,0.2,0.0,0.667,0.75,0.333,0.5
1642281,2.2,2.86,13.9,2024-25,0.098,9.5,1.4,1.1,1.1,0.472,0.3,0.1,0.5,2.0,0.8,0.444,0.7,0.9,0.2,0.604,0.648,0.521,0.365
1642285,2.0,2.61,19.1,2024-25,0.093,14.6,2.8,1.6,1.6,0.525,0.9,0.6,0.477,1.4,0.3,0.5,0.8,0.8,0.1,0.508,0.514,0.5,0.367
1642345,0.87,1.74,24.1,2024-25,0.06,19.4,2.3,0.5,0.0,0.4,0.3,0.0,0.625,0.8,0.3,0.5,0.3,0.4,0.0,0.522,0.542,0.468,0.342
1642346,0.86,1.64,23.8,2024-25,0.047,16.3,1.8,3.5,3.3,0.466,0.5,0.2,0.386,2.1,0.8,0.417,0.7,1.0,0.1,0.572,0.593,0.492,0.322
1642347,4.06,4.52,44.4,2024-25,0.123,34.3,8.1,2.1,2.1,0.519,1.9,0.8,0.346,7.0,2.6,0.423,2.6,3.5,1.0,0.548,0.579,0.448,0.211
1642348,1.73,2.3,35.9,2024-25,0.063,24.8,2.4,3.7,3.6,0.54,2.1,0.6,0.505,3.8,1.9,0.554,2.3,1.3,0.3,0.604,0.626,0.5,0.318
1642349,4.39,4.24,26.8,2024-25,0.091,19.6,3.6,1.5,1.4,0.62,0.8,0.2,0.464,5.8,2.3,0.605,3.1,2.9,0.6,0.607,0.685,0.439,0.324
1642352,0.84,2.06,8.0,2024-25,0.047,5.4,0.5,0.4,0.4,0.5,0.1,0.1,1.5,0.3,0.2,1.0,0.4,0.1,0.0,0.583,0.667,0.353,0.357
1642353,1.79,2.77,6.8,2024-25,0.109,4.2,0.6,0.5,0.5,0.429,0.6,0.5,0.125,0.2,0.0,0.0,0.0,0.2,0.1,0.857,0.818,1.0,0.25
1642354,4.26,4.44,49.9,2024-25,0.082,37.9,5.8,2.1,2.1,0.37,2.8,1.5,0.333,6.1,3.3,0.367,3.0,2.2,0.5,0.5,0.519,0.463,0.324
1642355,3.28,3.7,11.7,2024-25,0.101,8.1,1.2,0.6,0.6,0.281,1.1,0.6,0.414,1.7,0.7,0.3,0.7,0.6,0.1,0.563,0.583,0.444,0.444
1642358,3.67,4.1,40.3,2024-25,0.088,29.7,5.2,1.8,1.8,0.404,1.4,1.3,0.357,5.0,2.6,0.408,2.7,1.8,0.4,0.407,0.443,0.267,0.288
1642359,0.93,1.96,8.4,2024-25,0.045,6.2,0.3,1.1,1.0,0.526,0.3,0.1,0.2,0.6,0.2,0.333,0.2,0.3,0.0,0.529,0.6,0.273,0.389
1642366,0.6,1.47,29.7,2024-25,0.061,21.9,2.5,4.3,4.1,0.613,0.2,0.1,0.714,0.8,0.4,0.267,0.2,0.3,0.1,0.482,0.536,0.354,0.399
1642367,1.15,2.0,29.9,2024-25,0.106,21.9,4.1,1.1,1.0,0.393,0.6,0.1,0.216,2.2,0.9,0.259,0.6,1.0,0.1,0.562,0.596,0.478,0.312
1642368,0.44,1.64,14.8,2024-25,0.048,10.5,0.3,0.0,,,0.3,,0.0,0.3,0.0,0.0,0.0,0.3,0.0,0.553,0.652,0.375,0.476
1642377,1.95,2.49,25.7,2024-25,0.114,15.0,2.7,4.5,4.2,0.52,1.4,0.7,0.491,4.3,1.5,0.521,2.1,2.1,0.5,0.554,0.592,0.475,0.213
1642382,0.34,1.41,11.8,2024-25,0.054,8.1,0.6,2.0,2.0,0.508,0.1,0.0,0.667,0.3,0.1,0.25,0.1,0.1,0.0,0.474,0.463,0.472,0.5
1642384,1.93,2.36,3.8,2024-25,0.023,2.9,0.2,0.3,0.3,0.0,0.2,0.1,0.833,0.5,0.2,0.333,0.1,0.3,0.1,0.615,0.7,0.2,0.375
1642385,1.43,1.96,2.8,2024-25,0.0,1.0,0.0,0.6,0.6,0.0,0.0,0.0,,0.2,0.2,0.0,0.0,0.0,0.0,0.333,0.5,0.0,0.0
1642389,8.0,7.92,1.3,2024-25,0.0,0.7,0.3,0.0,,,0.0,,,0.7,0.3,0.0,0.0,0.3,0.0,,,,
1642399,1.2,2.03,2.5,2024-25,0.25,2.0,0.5,0.0,,,0.0,,,0.0,0.0,0.0,0.0,0.0,0.0,,,,
1642402,0.45,1.43,9.0,2024-25,0.061,6.7,0.6,0.5,0.5,0.15,0.0,0.0,0.0,0.4,0.1,0.667,0.2,0.1,0.0,0.4,0.475,0.282,0.433
1642403,0.84,1.68,8.5,2024-25,0.054,5.6,0.6,0.2,0.2,0.563,0.0,0.0,0.0,0.3,0.2,0.667,0.3,0.1,0.0,0.463,0.538,0.367,0.491
1642419,0.78,1.52,20.5,2024-25,0.066,13.7,1.8,3.9,3.8,0.602,1.0,0.6,0.561,1.0,0.4,0.538,0.5,0.4,0.1,0.556,0.56,0.5,0.291
1642422,0.53,1.5,11.7,2024-25,0.013,8.8,0.2,0.8,0.8,0.0,0.0,0.0,,0.2,0.2,0.5,0.2,0.0,0.0,0.577,0.619,0.25,0.267
1642434,1.0,2.26,8.0,2024-25,0.0,7.0,1.0,1.0,1.0,0.0,0.0,0.0,,0.0,0.0,0.0,0.0,0.0,0.0,0.5,0.5,0.0,0.5
1642439,3.0,3.58,11.0,2024-25,0.077,6.5,1.0,2.0,2.0,0.375,0.5,0.5,0.0,0.5,0.0,0.0,0.0,0.5,0.5,,,,
1642443,4.26,4.7,9.0,2024-25,0.143,7.0,1.8,0.3,0.3,0.75,0.0,0.0,,0.8,0.3,1.0,1.0,0.3,0.2,0.75,0.667,1.0,0.0
1642449,0.61,1.88,31.0,2024-25,0.0,20.0,1.0,0.0,,,0.0,,,0.0,0.0,0.0,0.0,0.0,0.0,0.471,0.5,0.444,0.5
1642450,3.79,5.19,7.6,2024-25,0.086,5.0,1.0,0.6,0.6,0.0,0.4,0.4,0.5,0.4,0.1,1.0,0.3,0.1,0.0,0.5,0.667,0.0,0.5
1642461,0.85,1.57,5.6,2024-25,0.069,3.6,0.5,0.9,0.9,0.083,0.2,0.0,0.667,0.3,0.2,0.25,0.1,0.1,0.0,0.567,0.6,0.533,0.588
1642484,4.07,4.64,14.7,2024-25,0.121,10.5,2.1,1.2,1.2,0.346,1.2,0.7,0.5,2.3,0.9,0.5,1.1,1.2,0.3,0.571,0.625,0.4,0.167
1642502,0.5,1.85,4.3,2024-25,0.053,3.2,0.2,0.2,0.2,0.0,0.0,0.0,,0.0,0.0,0.0,0.0,0.0,0.0,0.75,1.0,0.5,0.333
1642505,0.49,1.26,5.2,2024-25,0.071,3.3,0.7,1.0,1.0,0.714,0.1,0.0,0.5,0.3,0.2,0.25,0.1,0.0,0.0,0.634,0.739,0.45,0.385
1642530,4.71,5.01,9.0,2024-25,0.137,6.3,1.3,0.5,0.5,0.375,0.7,0.5,0.563,1.1,0.1,0.333,0.3,0.7,0.1,0.923,0.923,0.0,0.083
